count_idx,delay_ns,delay_center_ns,delay_centered_ns,clock_offset_ns,clock_sync_path_delay_ns,loop_gap_ns,recv_block_ns
51,1868637,0,1868637,0,0,3601,1972
52,1867420,0,1867420,0,0,6739,2289
53,1863399,0,1863399,0,0,5429,1945
54,1861056,0,1861056,0,0,5326,1804
55,1857721,0,1857721,0,0,5040,1903
56,1853610,0,1853610,0,0,4094,1651
57,1851090,0,1851090,0,0,4826,1637
58,1847545,0,1847545,0,0,3987,2333
59,1977932,0,1977932,0,0,4942,130692
60,1981025,0,1981025,0,0,142071,4208
61,1976900,0,1976900,0,0,6835,1630
62,1973693,0,1973693,0,0,4054,1984
63,1969328,0,1969328,0,0,4710,1794
64,1964555,0,1964555,0,0,4218,1396
65,1947945,0,1947945,0,0,3992,1382
66,1943211,0,1943211,0,0,2966,1523
67,1940220,0,1940220,0,0,3008,1617
68,1935981,0,1935981,0,0,4894,1534
69,1931017,0,1931017,0,0,2996,1443
70,1926450,0,1926450,0,0,3199,1630
71,1922080,0,1922080,0,0,3284,1799
72,1917314,0,1917314,0,0,3224,1404
73,1911007,0,1911007,0,0,2887,1525
74,1906587,0,1906587,0,0,3194,2459
75,2473843,0,2473843,0,0,4147,567934
76,2473881,0,2473881,0,0,578721,3141
77,2470426,0,2470426,0,0,5949,1784
78,2465675,0,2465675,0,0,3369,1971
79,2460699,0,2460699,0,0,3636,1912
80,2456429,0,2456429,0,0,3390,1462
81,2452275,0,2452275,0,0,3107,1600
82,2448078,0,2448078,0,0,3383,1695
83,2445964,0,2445964,0,0,3597,1787
84,2441448,0,2441448,0,0,5225,2070
85,2437091,0,2437091,0,0,3723,1589
86,2433082,0,2433082,0,0,3344,1645
87,2429192,0,2429192,0,0,3340,1749
88,2422528,0,2422528,0,0,3366,1580
89,2419141,0,2419141,0,0,3322,1782
90,2417847,0,2417847,0,0,3679,1830
91,1972113,0,1972113,0,0,3465,1742
92,1891467,0,1891467,0,0,4491,1512
93,1832547,0,1832547,0,0,3223,1574
94,1815361,0,1815361,0,0,3256,1742
95,1823141,0,1823141,0,0,3282,14045
96,1819400,0,1819400,0,0,16726,1701
97,1815127,0,1815127,0,0,3325,1457
98,1811674,0,1811674,0,0,3435,1752
99,1844494,0,1844494,0,0,3488,34907
100,1843833,0,1843833,0,0,41851,2533
101,1834316,0,1834316,0,0,5954,2093
102,1831169,0,1831169,0,0,4905,1919
103,1827123,0,1827123,0,0,3468,1467
104,1822593,0,1822593,0,0,2655,1226
105,2394087,0,2394087,0,0,2280,573734
106,2395119,0,2395119,0,0,583546,3326
107,2392291,0,2392291,0,0,5121,1490
108,2387397,0,2387397,0,0,4221,1090
109,2381746,0,2381746,0,0,2132,1102
110,2376022,0,2376022,0,0,2058,1135
111,2370738,0,2370738,0,0,2201,1245
112,2365611,0,2365611,0,0,2186,1076
113,2357735,0,2357735,0,0,2063,1023
114,2352465,0,2352465,0,0,1962,1223
115,2348422,0,2348422,0,0,2198,1260
116,2342784,0,2342784,0,0,3462,1653
117,2337334,0,2337334,0,0,2814,1067
118,2331991,0,2331991,0,0,2067,1060
119,2326368,0,2326368,0,0,2039,1286
120,1895754,0,1895754,0,0,2259,30107
121,1881424,0,1881424,0,0,34601,2594
122,1878670,0,1878670,0,0,6465,2167
123,1875873,0,1875873,0,0,4759,1677
124,1871077,0,1871077,0,0,4151,1305
125,1965244,0,1965244,0,0,2479,96093
126,1963364,0,1963364,0,0,105994,3921
127,1960037,0,1960037,0,0,6481,2098
128,1954585,0,1954585,0,0,4058,1770
129,1950620,0,1950620,0,0,3574,1674
130,1946590,0,1946590,0,0,3476,1738
131,1943361,0,1943361,0,0,3456,1619
132,1938402,0,1938402,0,0,4372,1491
133,1933995,0,1933995,0,0,3238,1667
134,1930718,0,1930718,0,0,3606,2137
135,2417399,0,2417399,0,0,4114,487264
136,2420921,0,2420921,0,0,498280,4318
137,2409768,0,2409768,0,0,7448,1774
138,2395745,0,2395745,0,0,3901,2249
139,2393692,0,2393692,0,0,4406,2102
140,2390333,0,2390333,0,0,6033,1783
141,2386511,0,2386511,0,0,4004,1809
142,2382694,0,2382694,0,0,3870,1817
143,2378949,0,2378949,0,0,3916,2131
144,2373585,0,2373585,0,0,4054,2361
145,2366826,0,2366826,0,0,4194,1606
146,2362703,0,2362703,0,0,3519,1986
147,2360463,0,2360463,0,0,4052,1960
148,2357130,0,2357130,0,0,4993,1914
149,2365578,0,2365578,0,0,3922,13860
150,1797792,0,1797792,0,0,16506,2168
151,1791290,0,1791290,0,0,4302,2050
152,1789300,0,1789300,0,0,3994,1583
153,1788357,0,1788357,0,0,3757,1812
154,1833725,0,1833725,0,0,4281,43470
155,1854073,0,1854073,0,0,52887,4454
156,1854444,0,1854444,0,0,26766,3405
157,1850789,0,1850789,0,0,6098,2642
158,1846074,0,1846074,0,0,4582,1748
159,1841795,0,1841795,0,0,3391,1739
160,1834528,0,1834528,0,0,3840,1367
161,1830333,0,1830333,0,0,2891,1753
162,1838401,0,1838401,0,0,3529,13210
163,1836384,0,1836384,0,0,15763,1722
164,1828823,0,1828823,0,0,5406,1241
165,2481172,0,2481172,0,0,2239,650385
166,2483592,0,2483592,0,0,663670,4150
167,2479162,0,2479162,0,0,6505,1713
168,2475228,0,2475228,0,0,3351,1722
169,2473364,0,2473364,0,0,3598,1576
170,2470683,0,2470683,0,0,3144,1617
171,2472203,0,2472203,0,0,3185,2872
172,2470355,0,2470355,0,0,6770,1651
173,2467277,0,2467277,0,0,2745,1061
174,2464780,0,2464780,0,0,2060,1306
175,2458611,0,2458611,0,0,2316,1366
176,2436897,0,2436897,0,0,2802,1510
177,2432305,0,2432305,0,0,3244,1617
178,2424328,0,2424328,0,0,3230,2001
179,2421050,0,2421050,0,0,3627,1527
180,1876794,0,1876794,0,0,4172,1182
181,1864133,0,1864133,0,0,2145,1081
182,1855779,0,1855779,0,0,2165,1107
183,1849603,0,1849603,0,0,2081,1238
184,1842430,0,1842430,0,0,2176,992
185,1836101,0,1836101,0,0,2085,1002
186,1833011,0,1833011,0,0,2299,1846
187,1831159,0,1831159,0,0,2863,1179
188,1828200,0,1828200,0,0,3247,1034
189,1825315,0,1825315,0,0,1986,1023
190,1822205,0,1822205,0,0,2000,1253
191,1819602,0,1819602,0,0,2218,1234
192,1815615,0,1815615,0,0,2208,1058
193,1813870,0,1813870,0,0,2584,1532
194,1811611,0,1811611,0,0,3443,1848
195,2374394,0,2374394,0,0,3695,562867
196,2376481,0,2376481,0,0,573968,3686
197,2372485,0,2372485,0,0,6190,1460
198,2368336,0,2368336,0,0,3184,1946
199,2364237,0,2364237,0,0,3620,1654
200,2359695,0,2359695,0,0,3390,1473
201,2354199,0,2354199,0,0,3494,1302
202,2348923,0,2348923,0,0,2882,1765
203,2345256,0,2345256,0,0,3439,1506
204,2340489,0,2340489,0,0,4312,1427
205,2335734,0,2335734,0,0,3141,1405
206,2330965,0,2330965,0,0,3101,1652
207,2320137,0,2320137,0,0,3494,2086
208,2315581,0,2315581,0,0,3659,1909
209,2310610,0,2310610,0,0,3817,1439
210,1786742,0,1786742,0,0,2952,1636
211,1781707,0,1781707,0,0,3525,2011
212,1779924,0,1779924,0,0,4680,1673
213,1778379,0,1778379,0,0,3414,1856
214,1864789,0,1864789,0,0,3042,86556
215,1867776,0,1867776,0,0,95118,2967
216,1865104,0,1865104,0,0,4748,1171
217,1862337,0,1862337,0,0,2281,1051
218,1859765,0,1859765,0,0,2067,1163
219,1857903,0,1857903,0,0,2298,1232
220,1854623,0,1854623,0,0,3553,993
221,1851592,0,1851592,0,0,1942,1013
222,1848669,0,1848669,0,0,1947,1135
223,1844557,0,1844557,0,0,2125,1207
224,1839383,0,1839383,0,0,2180,1535
225,2455658,0,2455658,0,0,2665,620309
226,2455730,0,2455730,0,0,627211,2880
227,2453879,0,2453879,0,0,5133,2437
228,2449317,0,2449317,0,0,5754,1653
229,2443936,0,2443936,0,0,3369,1559
230,2441907,0,2441907,0,0,3153,1570
231,2440704,0,2440704,0,0,3370,1854
232,2438469,0,2438469,0,0,3894,1502
233,2436924,0,2436924,0,0,3569,1584
234,2435984,0,2435984,0,0,3778,1777
235,2430566,0,2430566,0,0,3888,2165
236,2427884,0,2427884,0,0,5728,1554
237,2423329,0,2423329,0,0,3254,1552
238,2419234,0,2419234,0,0,3138,1580
239,2415444,0,2415444,0,0,3359,1760
240,1850306,0,1850306,0,0,3540,1470
241,1840630,0,1840630,0,0,3033,1657
242,1836885,0,1836885,0,0,3692,1488
243,1835722,0,1835722,0,0,3294,1870
244,1831773,0,1831773,0,0,4861,1565
245,1822987,0,1822987,0,0,3360,1602
246,1818632,0,1818632,0,0,3443,1674
247,1814740,0,1814740,0,0,3321,1546
248,1810098,0,1810098,0,0,3269,1200
249,1804392,0,1804392,0,0,2164,1087
250,1799181,0,1799181,0,0,2414,1111
251,1793117,0,1793117,0,0,2125,1251
252,1786740,0,1786740,0,0,3250,1011
253,1815791,0,1815791,0,0,31034,3023
254,1817054,0,1817054,0,0,7325,2918
255,2188829,0,2188829,0,0,5297,370497
256,2192296,0,2192296,0,0,379332,3188
257,2188735,0,2188735,0,0,5424,1429
258,2187153,0,2187153,0,0,3595,1769
259,2187488,0,2187488,0,0,3681,1749
260,2185901,0,2185901,0,0,5362,1537
261,2183745,0,2183745,0,0,3215,1509
262,2180280,0,2180280,0,0,2610,1069
263,2172369,0,2172369,0,0,2112,1062
264,2169086,0,2169086,0,0,2111,1066
265,2165590,0,2165590,0,0,2116,1008
266,2162413,0,2162413,0,0,2224,1018
267,2160930,0,2160930,0,0,2045,1024
268,2157915,0,2157915,0,0,3397,1752
269,2152754,0,2152754,0,0,2914,1153
270,1575729,0,1575729,0,0,2249,1160
271,1563175,0,1563175,0,0,2202,1311
272,1557452,0,1557452,0,0,2343,1092
273,1551705,0,1551705,0,0,2118,1052
274,1546220,0,1546220,0,0,2287,1093
275,1540749,0,1540749,0,0,2133,1473
276,1535183,0,1535183,0,0,3280,1079
277,1570326,0,1570326,0,0,2130,39957
278,1568132,0,1568132,0,0,44552,2208
279,1562360,0,1562360,0,0,3997,1377
280,1559077,0,1559077,0,0,2503,1106
281,1556023,0,1556023,0,0,2191,1023
282,1552487,0,1552487,0,0,2120,1394
283,1551336,0,1551336,0,0,2413,1659
284,1548340,0,1548340,0,0,3990,1143
285,1981238,0,1981238,0,0,2152,433681
286,1984494,0,1984494,0,0,441388,3184
287,1981212,0,1981212,0,0,5741,1918
288,1978554,0,1978554,0,0,3329,1144
289,1975787,0,1975787,0,0,2266,1085
290,1973130,0,1973130,0,0,2129,1220
291,1966242,0,1966242,0,0,2296,1294
292,1963586,0,1963586,0,0,3667,1466
293,1960875,0,1960875,0,0,2561,1048
294,1958195,0,1958195,0,0,2099,1112
295,1955241,0,1955241,0,0,2155,1209
296,1952404,0,1952404,0,0,2242,1183
297,2073260,0,2073260,0,0,2224,122801
298,2096639,0,2096639,0,0,127741,24429
299,2094908,0,2094908,0,0,29894,1720
300,1294192,0,1294192,0,0,5021,1359
301,1283196,0,1283196,0,0,2700,1522
302,1277451,0,1277451,0,0,2982,1517
303,1271835,0,1271835,0,0,3186,1660
304,1266740,0,1266740,0,0,3383,1786
305,1262388,0,1262388,0,0,3052,2038
306,1258598,0,1258598,0,0,4006,1796
307,1255223,0,1255223,0,0,3311,1883
308,1249766,0,1249766,0,0,4617,1445
309,1247544,0,1247544,0,0,3009,1339
310,1245501,0,1245501,0,0,2919,1453
311,1243645,0,1243645,0,0,3008,1597
312,1241710,0,1241710,0,0,3116,1465
313,1240153,0,1240153,0,0,3322,1529
314,1237036,0,1237036,0,0,3583,1683
315,1964423,0,1964423,0,0,3290,727323
316,1957311,0,1957311,0,0,739254,3727
317,1956692,0,1956692,0,0,6791,1776
318,1953897,0,1953897,0,0,4079,2082
319,1950025,0,1950025,0,0,4298,1881
320,1943791,0,1943791,0,0,4048,1664
321,1942420,0,1942420,0,0,3788,1653
322,1941361,0,1941361,0,0,3797,1826
323,1941960,0,1941960,0,0,3959,1997
324,1940968,0,1940968,0,0,5799,1708
325,1939721,0,1939721,0,0,3788,1655
326,1938833,0,1938833,0,0,3708,1833
327,1937682,0,1937682,0,0,3949,1758
328,1934564,0,1934564,0,0,3915,1772
329,1930080,0,1930080,0,0,3957,1561
330,1817610,0,1817610,0,0,3655,2534
331,1812012,0,1812012,0,0,4587,1897
332,1809280,0,1809280,0,0,5351,1479
333,1807890,0,1807890,0,0,3577,1658
334,1806872,0,1806872,0,0,3760,1880
335,1805626,0,1805626,0,0,3972,1912
336,1804506,0,1804506,0,0,4019,1766
337,1802931,0,1802931,0,0,3691,1693
338,1802104,0,1802104,0,0,4246,1815
339,1802336,0,1802336,0,0,3957,1789
340,1800911,0,1800911,0,0,5197,1624
341,1799301,0,1799301,0,0,3381,1625
342,1798148,0,1798148,0,0,3727,1787
343,1797051,0,1797051,0,0,4002,1669
344,1795987,0,1795987,0,0,3758,1821
345,2294287,0,2294287,0,0,3962,532969
346,2294872,0,2294872,0,0,542889,4258
347,2318037,0,2318037,0,0,6769,2158
348,2320200,0,2320200,0,0,36001,7630
349,2318612,0,2318612,0,0,12082,1784
350,2317262,0,2317262,0,0,4057,1976
351,2315487,0,2315487,0,0,3859,1572
352,2313615,0,2313615,0,0,3419,1473
353,2312626,0,2312626,0,0,3533,1968
354,2310494,0,2310494,0,0,3845,1447
355,2310480,0,2310480,0,0,3577,1790
356,2308929,0,2308929,0,0,5051,1662
357,2306837,0,2306837,0,0,3810,1580
358,2305467,0,2305467,0,0,3543,1690
359,2303272,0,2303272,0,0,3699,1538
360,1922114,0,1922114,0,0,3554,1423
361,1916215,0,1916215,0,0,3188,1636
362,1913339,0,1913339,0,0,3514,1592
363,1912898,0,1912898,0,0,3261,1563
364,1923763,0,1923763,0,0,5147,14165
365,1922645,0,1922645,0,0,17039,2058
366,1919509,0,1919509,0,0,3288,1066
367,2009332,0,2009332,0,0,2127,90126
368,2010918,0,2010918,0,0,98119,2668
369,1992825,0,1992825,0,0,4298,1275
370,1989472,0,1989472,0,0,2567,1494
371,1986700,0,1986700,0,0,2665,1187
372,1983831,0,1983831,0,0,2526,972
373,1980707,0,1980707,0,0,2072,970
374,1978430,0,1978430,0,0,1975,1749
375,2532573,0,2532573,0,0,2840,649373
376,2528647,0,2528647,0,0,654762,2341
377,2518895,0,2518895,0,0,4117,1100
378,2513042,0,2513042,0,0,2243,1324
379,2506749,0,2506749,0,0,2414,1104
380,2501069,0,2501069,0,0,2159,1160
381,2494711,0,2494711,0,0,2190,1164
382,2487960,0,2487960,0,0,2209,1101
383,2481527,0,2481527,0,0,2126,1216
384,2475156,0,2475156,0,0,2236,981
385,2468646,0,2468646,0,0,1993,1029
386,2462390,0,2462390,0,0,2037,1053
387,2456504,0,2456504,0,0,2145,1213
388,2450355,0,2450355,0,0,2249,1008
389,2444899,0,2444899,0,0,2021,1688
390,1913843,0,1913843,0,0,3406,2057
391,1906564,0,1906564,0,0,4239,1523
392,1904523,0,1904523,0,0,3204,1444
393,1901468,0,1901468,0,0,3300,1545
394,1899373,0,1899373,0,0,3754,1675
395,1897777,0,1897777,0,0,3892,1906
396,1890881,0,1890881,0,0,4057,1492
397,1889299,0,1889299,0,0,3699,1675
398,1887890,0,1887890,0,0,3612,1684
399,1886286,0,1886286,0,0,3504,1573
400,1884943,0,1884943,0,0,3414,1529
401,1883744,0,1883744,0,0,3506,1560
402,1882539,0,1882539,0,0,3719,1573
403,1881332,0,1881332,0,0,3525,1714
404,1880248,0,1880248,0,0,3679,1788
405,2240015,0,2240015,0,0,3954,360303
406,2254654,0,2254654,0,0,365483,16014
407,2252645,0,2252645,0,0,18454,1501
408,2249566,0,2249566,0,0,2624,1009
409,2246580,0,2246580,0,0,2105,1029
410,2243901,0,2243901,0,0,2396,1091
411,2241586,0,2241586,0,0,2160,1471
412,2238864,0,2238864,0,0,2515,1037
413,2235968,0,2235968,0,0,2078,1026
414,2233366,0,2233366,0,0,2051,1200
415,2230374,0,2230374,0,0,2254,1260
416,2260585,0,2260585,0,0,2292,35694
417,2258985,0,2258985,0,0,39452,1816
418,2255607,0,2255607,0,0,4071,1493
419,2251523,0,2251523,0,0,3184,1483
420,1644076,0,1644076,0,0,2872,1251
421,1715375,0,1715375,0,0,2312,77653
422,1716384,0,1716384,0,0,84138,2490
423,1713755,0,1713755,0,0,4058,1355
424,1710933,0,1710933,0,0,2562,1076
425,1701187,0,1701187,0,0,2130,1015
426,1697840,0,1697840,0,0,2080,1088
427,1695000,0,1695000,0,0,2158,1272
428,1692472,0,1692472,0,0,2356,1409
429,1718807,0,1718807,0,0,2484,28834
430,1720469,0,1720469,0,0,33493,2488
431,1720773,0,1720773,0,0,5525,2085
432,1717905,0,1717905,0,0,4504,1298
433,1715072,0,1715072,0,0,2487,1058
434,1712552,0,1712552,0,0,2277,1259
435,2099106,0,2099106,0,0,2296,487785
436,2096236,0,2096236,0,0,494180,2201
437,2090559,0,2090559,0,0,3874,1236
438,2083461,0,2083461,0,0,2347,1453
439,2077491,0,2077491,0,0,2539,1193
440,2071535,0,2071535,0,0,2268,1066
441,2065163,0,2065163,0,0,2123,1034
442,2059621,0,2059621,0,0,2429,1155
443,2053786,0,2053786,0,0,2208,1180
444,2047767,0,2047767,0,0,2239,1036
445,2040557,0,2040557,0,0,2074,1009
446,2034645,0,2034645,0,0,2057,1074
447,2028894,0,2028894,0,0,2099,1551
448,2022904,0,2022904,0,0,2581,1095
449,2016959,0,2016959,0,0,2133,1221
450,1236210,0,1236210,0,0,2245,1079
451,1223387,0,1223387,0,0,2119,1280
452,1280013,0,1280013,0,0,2314,62242
453,1271115,0,1271115,0,0,67812,2052
454,1265269,0,1265269,0,0,3508,1350
455,1260212,0,1260212,0,0,2565,1605
456,1255172,0,1255172,0,0,2674,1097
457,1251213,0,1251213,0,0,2137,1076
458,1281167,0,1281167,0,0,2203,33321
459,1281434,0,1281434,0,0,37125,2015
460,1279468,0,1279468,0,0,4280,1271
461,1276772,0,1276772,0,0,2346,1209
462,1300819,0,1300819,0,0,2269,26881
463,1301472,0,1301472,0,0,30587,2188
464,1300168,0,1300168,0,0,4933,1364
465,1926812,0,1926812,0,0,3415,627649
466,1928654,0,1928654,0,0,633522,2838
467,1928103,0,1928103,0,0,5400,2069
468,1927161,0,1927161,0,0,4529,1711
469,1925801,0,1925801,0,0,3541,1841
470,1924074,0,1924074,0,0,4069,1684
471,1922772,0,1922772,0,0,3523,1721
472,1920870,0,1920870,0,0,3606,1512
473,1919283,0,1919283,0,0,3225,1521
474,1917383,0,1917383,0,0,3540,1595
475,1915725,0,1915725,0,0,3108,1682
476,1913774,0,1913774,0,0,3331,1385
477,1910649,0,1910649,0,0,2963,1479
478,1903210,0,1903210,0,0,3262,1866
479,1897271,0,1897271,0,0,3967,1776
480,1788621,0,1788621,0,0,3607,2337
481,1783987,0,1783987,0,0,4532,1621
482,1773444,0,1773444,0,0,3915,1684
483,1772061,0,1772061,0,0,3698,1845
484,1770459,0,1770459,0,0,3973,1452
485,1768718,0,1768718,0,0,3349,1480
486,1767315,0,1767315,0,0,3276,1583
487,1766443,0,1766443,0,0,3577,1913
488,1764851,0,1764851,0,0,4158,1434
489,1763680,0,1763680,0,0,3337,1682
490,1761522,0,1761522,0,0,3943,1588
491,1760516,0,1760516,0,0,3381,1941
492,1758862,0,1758862,0,0,4072,1624
493,1757051,0,1757051,0,0,3461,1478
494,1755753,0,1755753,0,0,3231,1897
495,2247512,0,2247512,0,0,3814,600670
496,2243022,0,2243022,0,0,605100,1964
497,2237235,0,2237235,0,0,3332,1241
498,2231656,0,2231656,0,0,2678,1314
499,2225744,0,2225744,0,0,2457,1337
500,2219762,0,2219762,0,0,2372,1162
501,2213512,0,2213512,0,0,2243,1036
502,2207664,0,2207664,0,0,2078,1731
503,2201363,0,2201363,0,0,2813,1307
504,2195316,0,2195316,0,0,2350,1132
505,2188964,0,2188964,0,0,2186,1124
506,2182147,0,2182147,0,0,2151,1138
507,2171949,0,2171949,0,0,2206,1130
508,2165552,0,2165552,0,0,2157,963
509,2159442,0,2159442,0,0,1988,1017
510,1744849,0,1744849,0,0,2023,1191
511,1738162,0,1738162,0,0,2215,1381
512,1736279,0,1736279,0,0,3231,1600
513,1734591,0,1734591,0,0,3362,1596
514,1732671,0,1732671,0,0,3183,1477
515,1730855,0,1730855,0,0,3094,1539
516,1728998,0,1728998,0,0,3384,1401
517,1726449,0,1726449,0,0,2921,1200
518,1724708,0,1724708,0,0,2713,1816
519,1722778,0,1722778,0,0,3329,1560
520,1717129,0,1717129,0,0,3348,1469
521,1714553,0,1714553,0,0,3266,1527
522,1712718,0,1712718,0,0,3460,1750
523,1712164,0,1712164,0,0,3907,2303
524,1711244,0,1711244,0,0,4461,1813
525,2018434,0,2018434,0,0,3980,392954
526,2015770,0,2015770,0,0,398997,3121
527,2010258,0,2010258,0,0,4878,1372
528,2003841,0,2003841,0,0,2477,1108
529,1997627,0,1997627,0,0,2171,1042
530,1991929,0,1991929,0,0,2394,1182
531,1985803,0,1985803,0,0,2216,1183
532,1978738,0,1978738,0,0,2219,1293
533,1972667,0,1972667,0,0,2319,1329
534,1966419,0,1966419,0,0,2330,1208
535,1960413,0,1960413,0,0,2225,1313
536,1953683,0,1953683,0,0,2329,1146
537,1947462,0,1947462,0,0,2181,1097
538,2004772,0,2004772,0,0,2401,62940
539,1995110,0,1995110,0,0,68562,2211
540,1311981,0,1311981,0,0,3851,1101
541,1301688,0,1301688,0,0,2310,1379
542,1295094,0,1295094,0,0,2439,1031
543,1289181,0,1289181,0,0,2122,1217
544,1316855,0,1316855,0,0,2281,33080
545,1315252,0,1315252,0,0,37827,2163
546,1314347,0,1314347,0,0,5112,1785
547,1339676,0,1339676,0,0,3907,27333
548,1339986,0,1339986,0,0,31295,1947
549,1338579,0,1338579,0,0,4470,1299
550,1336697,0,1336697,0,0,3136,1340
551,1333183,0,1333183,0,0,2526,1351
552,1383601,0,1383601,0,0,2392,56586
553,1383542,0,1383542,0,0,60870,2548
554,1384002,0,1384002,0,0,5896,2031
555,2347999,0,2347999,0,0,4278,957284
556,2349370,0,2349370,0,0,971253,2647
557,2346534,0,2346534,0,0,4256,1220
558,2343957,0,2343957,0,0,2306,1342
559,2341061,0,2341061,0,0,2447,1206
560,2338222,0,2338222,0,0,2271,1097
561,2335490,0,2335490,0,0,2174,1129
562,2332877,0,2332877,0,0,2178,1112
563,2330222,0,2330222,0,0,2144,1220
564,2327350,0,2327350,0,0,2231,1048
565,2324316,0,2324316,0,0,2054,1007
566,2321502,0,2321502,0,0,2026,1028
567,2314047,0,2314047,0,0,2060,1114
568,2310648,0,2310648,0,0,2137,996
569,2311411,0,2311411,0,0,5656,1028
570,1787335,0,1787335,0,0,2352,1371
571,1778663,0,1778663,0,0,2420,1254
572,1772194,0,1772194,0,0,2302,978
573,1765759,0,1765759,0,0,2010,1077
574,1759402,0,1759402,0,0,2104,1248
575,1753595,0,1753595,0,0,2302,1392
576,1747755,0,1747755,0,0,2411,1018
577,1742246,0,1742246,0,0,2039,1058
578,1738327,0,1738327,0,0,2102,1131
579,1733861,0,1733861,0,0,3704,1320
580,1728511,0,1728511,0,0,2397,982
581,1722936,0,1722936,0,0,2089,1070
582,1716467,0,1716467,0,0,2110,1053
583,1711347,0,1711347,0,0,2064,1267
584,1707881,0,1707881,0,0,2311,994
585,1704478,0,1704478,0,0,2017,985
586,1701459,0,1701459,0,0,2345,1145
587,1698254,0,1698254,0,0,2179,1147
588,1697300,0,1697300,0,0,3499,1345
589,1695968,0,1695968,0,0,3166,1641
590,1694421,0,1694421,0,0,3399,1877
591,1693149,0,1693149,0,0,3464,2194
592,1691317,0,1691317,0,0,3685,1442
593,1690213,0,1690213,0,0,3468,1676
594,1689067,0,1689067,0,0,3783,1782
595,1699911,0,1699911,0,0,3725,13361
596,1695759,0,1695759,0,0,16313,1949
597,1694338,0,1694338,0,0,4007,1598
598,1690015,0,1690015,0,0,5510,1617
599,1685977,0,1685977,0,0,3422,1623
600,1545174,0,1545174,0,0,3378,1388
601,1540861,0,1540861,0,0,3056,1323
602,1538872,0,1538872,0,0,3047,1445
603,1536978,0,1536978,0,0,3329,1873
604,1535137,0,1535137,0,0,3705,1465
605,1582698,0,1582698,0,0,3354,48035
606,1586758,0,1586758,0,0,55451,3558
607,1591685,0,1591685,0,0,11706,2337
608,1590690,0,1590690,0,0,5196,1739
609,1589553,0,1589553,0,0,3993,1684
610,1588817,0,1588817,0,0,3932,1915
611,1587805,0,1587805,0,0,4168,1822
612,1586662,0,1586662,0,0,3999,1692
613,1585991,0,1585991,0,0,3860,2087
614,1585137,0,1585137,0,0,4287,1874
615,1983506,0,1983506,0,0,4072,487698
616,1985676,0,1985676,0,0,495148,2654
617,1981463,0,1981463,0,0,9234,1770
618,1976803,0,1976803,0,0,3801,1822
619,1972227,0,1972227,0,0,3723,1513
620,1966081,0,1966081,0,0,3606,1155
621,1959823,0,1959823,0,0,2226,945
622,1953525,0,1953525,0,0,1986,1054
623,1947868,0,1947868,0,0,2117,1420
624,1973866,0,1973866,0,0,2472,37165
625,1969972,0,1969972,0,0,41055,1638
626,1957185,0,1957185,0,0,5781,1293
627,1946308,0,1946308,0,0,2426,1306
628,1938678,0,1938678,0,0,2379,1084
629,1931965,0,1931965,0,0,2140,1054
630,826100,0,826100,0,0,2123,1127
631,816294,0,816294,0,0,2172,1156
632,810773,0,810773,0,0,2190,975
633,805098,0,805098,0,0,1992,1001
634,799933,0,799933,0,0,2388,1346
635,795889,0,795889,0,0,2414,1220
636,844972,0,844972,0,0,3722,54633
637,842329,0,842329,0,0,58404,1874
638,837234,0,837234,0,0,4110,1481
639,832515,0,832515,0,0,3060,1464
640,827858,0,827858,0,0,2914,1131
641,825025,0,825025,0,0,2222,1019
642,822079,0,822079,0,0,2267,1115
643,819432,0,819432,0,0,2133,1175
644,816794,0,816794,0,0,2260,1262
645,1455053,0,1455053,0,0,4139,636072
646,1460278,0,1460278,0,0,645346,4177
647,1459381,0,1459381,0,0,6904,1834
648,1457606,0,1457606,0,0,3705,1470
649,1455633,0,1455633,0,0,3417,1555
650,1453361,0,1453361,0,0,3212,1758
651,1452106,0,1452106,0,0,3836,1746
652,1445570,0,1445570,0,0,3328,1356
653,1443411,0,1443411,0,0,2941,1356
654,1447601,0,1447601,0,0,2834,1572
655,1444460,0,1444460,0,0,9266,2108
656,1440415,0,1440415,0,0,3713,1643
657,1435845,0,1435845,0,0,3554,1532
658,1431407,0,1431407,0,0,3421,1621
659,1428657,0,1428657,0,0,3434,2148
660,1424707,0,1424707,0,0,3966,1474
661,1420491,0,1420491,0,0,3421,1547
662,1416091,0,1416091,0,0,3268,1556
663,1411198,0,1411198,0,0,3420,1715
664,1408921,0,1408921,0,0,5941,1645
665,1403969,0,1403969,0,0,3528,1428
666,1400117,0,1400117,0,0,3633,1904
667,1483095,0,1483095,0,0,3555,86557
668,1481795,0,1481795,0,0,92526,2720
669,1480163,0,1480163,0,0,5040,1604
670,1478915,0,1478915,0,0,3229,1915
671,1477355,0,1477355,0,0,3578,1781
672,1453029,0,1453029,0,0,3630,1619
673,1451565,0,1451565,0,0,3398,1542
674,1447085,0,1447085,0,0,7751,2090
675,2094911,0,2094911,0,0,3876,650170
676,2095645,0,2095645,0,0,658777,3347
677,2094566,0,2094566,0,0,5801,1593
678,2093551,0,2093551,0,0,3616,1866
679,2092428,0,2092428,0,0,4111,1699
680,2090916,0,2090916,0,0,3762,1367
681,2086736,0,2086736,0,0,3460,1896
682,2084939,0,2084939,0,0,4043,1588
683,2088507,0,2088507,0,0,8423,1592
684,2087118,0,2087118,0,0,3481,1570
685,2124246,0,2124246,0,0,3386,38993
686,2126337,0,2126337,0,0,43913,2637
687,2126429,0,2126429,0,0,5896,1944
688,2122569,0,2122569,0,0,4488,1623
689,2121302,0,2121302,0,0,3977,1436
690,1928666,0,1928666,0,0,3649,2073
691,1950290,0,1950290,0,0,3918,28770
692,1957241,0,1957241,0,0,33861,2027
693,1958148,0,1958148,0,0,12026,1954
694,1958756,0,1958756,0,0,5616,2127
695,1957852,0,1957852,0,0,4745,1541
696,1956263,0,1956263,0,0,3696,1532
697,1954747,0,1954747,0,0,3488,1563
698,2017874,0,2017874,0,0,3685,62466
699,2019917,0,2019917,0,0,70494,3056
700,2016203,0,2016203,0,0,4781,1187
701,2013470,0,2013470,0,0,2384,1093
702,2084245,0,2084245,0,0,72458,3252
703,2083031,0,2083031,0,0,6757,1455
704,2080609,0,2080609,0,0,2927,1230
705,2489886,0,2489886,0,0,2436,410307
706,2490853,0,2490853,0,0,416380,2332
707,2488786,0,2488786,0,0,3963,1475
708,2486144,0,2486144,0,0,2697,1164
709,2480130,0,2480130,0,0,2274,1087
710,2477133,0,2477133,0,0,2209,1145
711,2476994,0,2476994,0,0,2237,1212
712,2474108,0,2474108,0,0,5015,1101
713,2470339,0,2470339,0,0,2188,1084
714,2467035,0,2467035,0,0,2146,1154
715,2464336,0,2464336,0,0,2206,1152
716,2458706,0,2458706,0,0,2207,1260
717,2453033,0,2453033,0,0,2316,985
718,2447898,0,2447898,0,0,2069,1441
719,2442704,0,2442704,0,0,2527,1392
720,1886614,0,1886614,0,0,2457,1103
721,1876719,0,1876719,0,0,4839,1174
722,1931854,0,1931854,0,0,2832,57090
723,1951681,0,1951681,0,0,66307,3303
724,1949200,0,1949200,0,0,24740,2078
725,1945556,0,1945556,0,0,4344,2021
726,1935421,0,1935421,0,0,4121,1753
727,1924007,0,1924007,0,0,3647,1473
728,1918350,0,1918350,0,0,2951,1085
729,1912971,0,1912971,0,0,2153,1388
730,1907408,0,1907408,0,0,2679,1130
731,1901937,0,1901937,0,0,2184,1390
732,1940808,0,1940808,0,0,2499,45098
733,1939736,0,1939736,0,0,50835,1757
734,1935171,0,1935171,0,0,3747,1370
735,2367731,0,2367731,0,0,2777,436424
736,2367984,0,2367984,0,0,442890,2407
737,2364666,0,2364666,0,0,5047,1711
738,2372132,0,2372132,0,0,3526,20318
739,2369704,0,2369704,0,0,22408,2416
740,2368055,0,2368055,0,0,5298,2345
741,2365129,0,2365129,0,0,4780,2578
742,2365479,0,2365479,0,0,4626,1674
743,2378565,0,2378565,0,0,7112,19263
744,2379278,0,2379278,0,0,20693,5808
745,2375446,0,2375446,0,0,8085,2194
746,2371053,0,2371053,0,0,3576,1370
747,2366675,0,2366675,0,0,2997,1578
748,2362412,0,2362412,0,0,3041,1376
749,2358668,0,2358668,0,0,3032,1556
750,1630287,0,1630287,0,0,3235,1488
751,1636376,0,1636376,0,0,3067,20340
752,1634867,0,1634867,0,0,24538,1563
753,1630178,0,1630178,0,0,3609,1707
754,1625914,0,1625914,0,0,3921,1729
755,1620740,0,1620740,0,0,3369,1695
756,1615536,0,1615536,0,0,3481,1823
757,1629039,0,1629039,0,0,3374,19797
758,1624498,0,1624498,0,0,22319,1771
759,1619712,0,1619712,0,0,3639,1697
760,1614786,0,1614786,0,0,3540,1492
761,1612169,0,1612169,0,0,3389,1558
762,1607359,0,1607359,0,0,6278,1631
763,1598178,0,1598178,0,0,3414,1691
764,1667574,0,1667574,0,0,3603,74154
765,2150744,0,2150744,0,0,78870,486028
766,2142887,0,2142887,0,0,492602,2433
767,2137708,0,2137708,0,0,4673,1348
768,2132256,0,2132256,0,0,2673,1187
769,2127238,0,2127238,0,0,3217,1633
770,2122577,0,2122577,0,0,3543,1670
771,2122185,0,2122185,0,0,7316,1833
772,2117125,0,2117125,0,0,3627,1501
773,2112733,0,2112733,0,0,3396,1593
774,2108368,0,2108368,0,0,3529,1773
775,2101288,0,2101288,0,0,3786,1693
776,2095671,0,2095671,0,0,3379,1270
777,2089158,0,2089158,0,0,2413,1297
778,2081857,0,2081857,0,0,2446,1095
779,2075836,0,2075836,0,0,2119,1338
780,1634319,0,1634319,0,0,2368,1200
781,1626400,0,1626400,0,0,3982,1077
782,1623402,0,1623402,0,0,2160,1126
783,1620528,0,1620528,0,0,2200,1093
784,1653032,0,1653032,0,0,2171,35481
785,1652947,0,1652947,0,0,39181,1741
786,1650877,0,1650877,0,0,3886,1375
787,1679428,0,1679428,0,0,2542,32254
788,1678426,0,1678426,0,0,36017,1836
789,1676699,0,1676699,0,0,4702,1418
790,1678581,0,1678581,0,0,7242,1398
791,1747278,0,1747278,0,0,2652,68815
792,1749798,0,1749798,0,0,76656,2824
793,1747470,0,1747470,0,0,4625,1173
794,1745482,0,1745482,0,0,2424,1821
795,2602047,0,2602047,0,0,2895,957537
796,2597292,0,2597292,0,0,962362,2057
797,2591193,0,2591193,0,0,3732,1300
798,2585634,0,2585634,0,0,2449,1457
799,2582373,0,2582373,0,0,2585,1328
800,2576241,0,2576241,0,0,5146,1248
801,2570112,0,2570112,0,0,2335,1013
802,2563295,0,2563295,0,0,2094,1062
803,2557181,0,2557181,0,0,2140,1157
804,2551184,0,2551184,0,0,2242,1065
805,2544781,0,2544781,0,0,2116,979
806,2539004,0,2539004,0,0,2010,1417
807,2532752,0,2532752,0,0,2508,1078
808,2527021,0,2527021,0,0,2142,1026
809,2522374,0,2522374,0,0,3593,1125
810,2169196,0,2169196,0,0,2203,1199
811,2162413,0,2162413,0,0,2292,1168
812,2159419,0,2159419,0,0,2259,1011
813,2156076,0,2156076,0,0,2084,1123
814,2153437,0,2153437,0,0,2175,1450
815,2150446,0,2150446,0,0,2519,1051
816,2147488,0,2147488,0,0,2093,1000
817,2144617,0,2144617,0,0,2050,1052
818,2144251,0,2144251,0,0,2630,1691
819,2142742,0,2142742,0,0,5464,1819
820,2141028,0,2141028,0,0,3457,1582
821,2139410,0,2139410,0,0,3126,1591
822,2138524,0,2138524,0,0,3684,2021
823,2134119,0,2134119,0,0,4003,1654
824,2132811,0,2132811,0,0,3536,1903
825,2038918,0,2038918,0,0,4205,1519
826,2032725,0,2032725,0,0,3844,1696
827,2027259,0,2027259,0,0,3737,1598
828,2024396,0,2024396,0,0,5370,1585
829,2019590,0,2019590,0,0,3389,1579
830,2014768,0,2014768,0,0,3433,1807
831,2009408,0,2009408,0,0,3376,1429
832,2004562,0,2004562,0,0,3209,1493
833,2000217,0,2000217,0,0,3819,1501
834,1995735,0,1995735,0,0,3455,1801
835,1990776,0,1990776,0,0,3917,1720
836,1986413,0,1986413,0,0,3961,1658
837,1988598,0,1988598,0,0,4020,1641
838,1983059,0,1983059,0,0,10438,1677
839,1978105,0,1978105,0,0,3589,1597
840,1530835,0,1530835,0,0,3464,1396
841,1522101,0,1522101,0,0,3385,1487
842,1519393,0,1519393,0,0,3416,1583
843,1517453,0,1517453,0,0,3297,1577
844,1516039,0,1516039,0,0,3810,1712
845,1558760,0,1558760,0,0,3559,43739
846,1561436,0,1561436,0,0,50608,2962
847,1564949,0,1564949,0,0,9851,1905
848,1563807,0,1563807,0,0,4097,1632
849,1562658,0,1562658,0,0,3754,1731
850,1561110,0,1561110,0,0,3894,1895
851,1559727,0,1559727,0,0,3917,1867
852,1553602,0,1553602,0,0,4047,2163
853,1552484,0,1552484,0,0,4354,1709
854,1551506,0,1551506,0,0,3912,1778
855,2122164,0,2122164,0,0,4008,666416
856,2179587,0,2179587,0,0,733486,3871
857,2173145,0,2173145,0,0,7484,1300
858,2167813,0,2167813,0,0,2892,1521
859,2163152,0,2163152,0,0,3350,1698
860,2157811,0,2157811,0,0,3577,1316
861,2153113,0,2153113,0,0,3192,1623
862,2148858,0,2148858,0,0,3602,1938
863,2141958,0,2141958,0,0,3150,1182
864,2135592,0,2135592,0,0,2265,1141
865,2129858,0,2129858,0,0,2195,1078
866,2125695,0,2125695,0,0,4201,1041
867,2118879,0,2118879,0,0,2086,1280
868,2112811,0,2112811,0,0,2322,1066
869,2106918,0,2106918,0,0,2096,1212
870,1014345,0,1014345,0,0,2240,1258
871,1002348,0,1002348,0,0,2278,950
872,997462,0,997462,0,0,2024,910
873,994290,0,994290,0,0,1916,1029
874,991243,0,991243,0,0,2038,986
875,989734,0,989734,0,0,3372,1073
876,986862,0,986862,0,0,2142,1100
877,983974,0,983974,0,0,2162,1073
878,981362,0,981362,0,0,2098,1445
879,977975,0,977975,0,0,2487,988
880,970917,0,970917,0,0,2032,927
881,967700,0,967700,0,0,1939,943
882,965183,0,965183,0,0,2209,1030
883,962135,0,962135,0,0,2046,1018
884,959625,0,959625,0,0,2040,1383
885,1267367,0,1267367,0,0,4199,307366
886,1269826,0,1269826,0,0,313849,2934
887,1269183,0,1269183,0,0,5676,1700
888,1268236,0,1268236,0,0,4000,1684
889,1267054,0,1267054,0,0,3885,1717
890,1266434,0,1266434,0,0,4176,1979
891,1265758,0,1265758,0,0,4093,1942
892,1263183,0,1263183,0,0,4114,1588
893,1262039,0,1262039,0,0,3799,1765
894,1264912,0,1264912,0,0,7712,1974
895,1263434,0,1263434,0,0,4167,1669
896,1262389,0,1262389,0,0,3856,1812
897,1260858,0,1260858,0,0,3990,1784
898,1259852,0,1259852,0,0,3955,1727
899,1257515,0,1257515,0,0,3873,1887
900,1254286,0,1254286,0,0,4048,2314
901,1250556,0,1250556,0,0,4487,1576
902,1247849,0,1247849,0,0,3734,1923
903,1247037,0,1247037,0,0,4109,1814
904,1242841,0,1242841,0,0,6385,1662
905,1237380,0,1237380,0,0,3844,1598
906,1232419,0,1232419,0,0,3725,1802
907,1228404,0,1228404,0,0,3972,1841
908,1217152,0,1217152,0,0,4039,2073
909,1212617,0,1212617,0,0,4314,1682
910,1210005,0,1210005,0,0,3949,1751
911,1208980,0,1208980,0,0,3989,1631
912,1207837,0,1207837,0,0,3791,1643
913,1208938,0,1208938,0,0,5965,1634
914,1208533,0,1208533,0,0,3989,1796
915,1660972,0,1660972,0,0,4414,453016
916,1662230,0,1662230,0,0,459509,2077
917,1659581,0,1659581,0,0,3716,1187
918,1657347,0,1657347,0,0,2418,1423
919,1654660,0,1654660,0,0,2530,1067
920,1651888,0,1651888,0,0,2196,972
921,1648376,0,1648376,0,0,2030,1001
922,1649454,0,1649454,0,0,2056,1806
923,1646882,0,1646882,0,0,6043,1252
924,1644202,0,1644202,0,0,2335,992
925,1641458,0,1641458,0,0,2098,1093
926,1669248,0,1669248,0,0,2137,30546
927,1669287,0,1669287,0,0,34177,1822
928,1667520,0,1667520,0,0,3924,1310
929,1665003,0,1665003,0,0,2848,1215
930,784852,0,784852,0,0,2521,57918
931,781158,0,781158,0,0,63523,2207
932,781554,0,781554,0,0,6681,1266
933,778489,0,778489,0,0,2396,1031
934,775566,0,775566,0,0,2107,1521
935,771844,0,771844,0,0,2580,1201
936,768924,0,768924,0,0,2270,1131
937,804449,0,804449,0,0,2162,44595
938,823207,0,823207,0,0,68586,2378
939,819721,0,819721,0,0,5691,1276
940,814357,0,814357,0,0,2371,1042
941,810578,0,810578,0,0,2071,984
942,801069,0,801069,0,0,4337,1329
943,794760,0,794760,0,0,2428,1085
944,788992,0,788992,0,0,2156,1071
945,1342155,0,1342155,0,0,2098,558046
946,1340158,0,1340158,0,0,563681,2417
947,1334794,0,1334794,0,0,4236,1379
948,1328788,0,1328788,0,0,2568,1089
949,1322631,0,1322631,0,0,2184,1113
950,1316547,0,1316547,0,0,2168,1125
951,1314441,0,1314441,0,0,5944,1195
952,1308052,0,1308052,0,0,2327,1051
953,1302025,0,1302025,0,0,2135,1077
954,1296129,0,1296129,0,0,2449,1042
955,1287773,0,1287773,0,0,2107,1306
956,1282757,0,1282757,0,0,2378,1518
957,1278100,0,1278100,0,0,3372,1551
958,1274662,0,1274662,0,0,3229,1943
959,1271175,0,1271175,0,0,3601,1496
960,1269432,0,1269432,0,0,3544,1761
961,1264885,0,1264885,0,0,6087,1590
962,1260405,0,1260405,0,0,3662,1672
963,1255856,0,1255856,0,0,3469,1617
964,1250363,0,1250363,0,0,3689,1609
965,1241960,0,1241960,0,0,3415,1475
966,1236214,0,1236214,0,0,3153,1571
967,1228447,0,1228447,0,0,3540,1545
968,1223559,0,1223559,0,0,3464,1518
969,1218411,0,1218411,0,0,3702,1473
970,1216355,0,1216355,0,0,5717,1678
971,1212517,0,1212517,0,0,3654,1796
972,1208614,0,1208614,0,0,3715,1484
973,1204076,0,1204076,0,0,3470,1395
974,1200261,0,1200261,0,0,3373,1761
975,1708818,0,1708818,0,0,3604,510724
976,1711894,0,1711894,0,0,518764,2932
977,1710382,0,1710382,0,0,5141,1418
978,1709159,0,1709159,0,0,3242,1877
979,1714517,0,1714517,0,0,3723,2006
980,1711165,0,1711165,0,0,10421,1603
981,1817648,0,1817648,0,0,3514,107779
982,1821523,0,1821523,0,0,113571,4492
983,1820945,0,1820945,0,0,7206,1896
984,1819437,0,1819437,0,0,4101,1460
985,1818237,0,1818237,0,0,3593,1730
986,1816995,0,1816995,0,0,3777,1906
987,1817145,0,1817145,0,0,4031,2762
988,1815627,0,1815627,0,0,5087,1339
989,1816281,0,1816281,0,0,5922,1064
990,1774727,0,1774727,0,0,2165,1193
991,1768957,0,1768957,0,0,2289,998
992,1764058,0,1764058,0,0,2025,1108
993,1760844,0,1760844,0,0,2118,1091
994,1755522,0,1755522,0,0,2118,1179
995,1752558,0,1752558,0,0,2239,1165
996,1749863,0,1749863,0,0,2205,1273
997,1746905,0,1746905,0,0,2298,959
998,1745785,0,1745785,0,0,1990,1087
999,1742346,0,1742346,0,0,3852,1003
1000,1739475,0,1739475,0,0,2070,987
1001,1736614,0,1736614,0,0,2029,1025
1002,1734025,0,1734025,0,0,2234,1085
1003,1731553,0,1731553,0,0,2110,1376
1004,1728436,0,1728436,0,0,2421,1126
1005,2747658,0,2747658,0,0,2166,1112145
1006,2745239,0,2745239,0,0,1118452,2616
1007,2739636,0,2739636,0,0,4436,1386
1008,2796598,0,2796598,0,0,61486,3231
1009,2793668,0,2793668,0,0,8052,1735
1010,2789639,0,2789639,0,0,4546,1731
1011,2785296,0,2785296,0,0,3945,1802
1012,2781039,0,2781039,0,0,3722,1795
1013,2776136,0,2776136,0,0,3703,1583
1014,2770959,0,2770959,0,0,3479,1596
1015,2766064,0,2766064,0,0,3309,1615
1016,2761173,0,2761173,0,0,3498,1541
1017,2759167,0,2759167,0,0,3516,1645
1018,2754250,0,2754250,0,0,6324,1650
1019,2749962,0,2749962,0,0,3576,2067
1020,2307181,0,2307181,0,0,4015,1990
1021,2299738,0,2299738,0,0,3894,1807
1022,2294556,0,2294556,0,0,3557,2586
1023,2293158,0,2293158,0,0,4821,1719
1024,2291929,0,2291929,0,0,3955,1774
1025,2290493,0,2290493,0,0,4015,1557
1026,2289100,0,2289100,0,0,3805,1651
1027,2290162,0,2290162,0,0,6031,1709
1028,2288697,0,2288697,0,0,3591,1492
1029,2286095,0,2286095,0,0,3470,1534
1030,2284155,0,2284155,0,0,3417,1559
1031,2282759,0,2282759,0,0,3330,1703
1032,2281310,0,2281310,0,0,3829,1440
1033,2279227,0,2279227,0,0,3296,1665
1034,2277782,0,2277782,0,0,3762,1789
1035,2276833,0,2276833,0,0,4157,1753
1036,2284989,0,2284989,0,0,3830,1646
1037,2283407,0,2283407,0,0,12918,1596
1038,2282021,0,2282021,0,0,3355,1717
1039,2280911,0,2280911,0,0,4010,1650
1040,2279450,0,2279450,0,0,3402,1487
1041,2278438,0,2278438,0,0,3826,1637
1042,2276589,0,2276589,0,0,4062,1740
1043,2275275,0,2275275,0,0,3777,1541
1044,2273883,0,2273883,0,0,3486,1387
1045,2271262,0,2271262,0,0,3456,1318
1046,2270181,0,2270181,0,0,3976,1239
1047,2267437,0,2267437,0,0,2323,1046
1048,2264515,0,2264515,0,0,2117,942
1049,2261567,0,2261567,0,0,1973,931
1050,1794420,0,1794420,0,0,2362,1003
1051,1782453,0,1782453,0,0,2028,1093
1052,1779218,0,1779218,0,0,2102,933
1053,1776112,0,1776112,0,0,1958,1032
1054,1773350,0,1773350,0,0,2055,1069
1055,1771463,0,1771463,0,0,2094,993
1056,1768231,0,1768231,0,0,3576,988
1057,1765354,0,1765354,0,0,2046,972
1058,1762664,0,1762664,0,0,2184,1040
1059,1759745,0,1759745,0,0,2108,951
1060,1755292,0,1755292,0,0,1988,936
1061,1746535,0,1746535,0,0,1955,907
1062,1741869,0,1741869,0,0,1939,1012
1063,1736029,0,1736029,0,0,2043,1039
1064,1732342,0,1732342,0,0,2068,1106
1065,2166940,0,2166940,0,0,3703,434141
1066,2168590,0,2168590,0,0,440775,2916
1067,2167262,0,2167262,0,0,5592,2048
1068,2164500,0,2164500,0,0,3409,1190
1069,2161478,0,2161478,0,0,2260,1076
1070,2158553,0,2158553,0,0,2121,1292
1071,2154399,0,2154399,0,0,2377,1225
1072,2148732,0,2148732,0,0,2282,1024
1073,2143990,0,2143990,0,0,2078,1670
1074,2141598,0,2141598,0,0,2826,1134
1075,2135998,0,2135998,0,0,4859,1159
1076,2130791,0,2130791,0,0,2217,1046
1077,2125127,0,2125127,0,0,2118,1127
1078,2147689,0,2147689,0,0,2181,28021
1079,2141699,0,2141699,0,0,31661,1836
1080,757147,0,757147,0,0,3681,1210
1081,818471,0,818471,0,0,2719,70374
1082,819148,0,819148,0,0,76200,2573
1083,816560,0,816560,0,0,4194,1197
1084,817597,0,817597,0,0,5938,1217
1085,814815,0,814815,0,0,2320,1068
1086,812204,0,812204,0,0,2127,1151
1087,810089,0,810089,0,0,2247,1741
1088,815220,0,815220,0,0,2801,8437
1089,812411,0,812411,0,0,10310,1224
1090,809773,0,809773,0,0,2334,1143
1091,807290,0,807290,0,0,2245,1311
1092,848348,0,848348,0,0,2361,43886
1093,849451,0,849451,0,0,47580,1795
1094,847860,0,847860,0,0,5857,1419
1095,1493524,0,1493524,0,0,3086,647169
1096,1495617,0,1495617,0,0,653003,2954
1097,1494089,0,1494089,0,0,5662,1667
1098,1492299,0,1492299,0,0,3774,2126
1099,1491522,0,1491522,0,0,4312,1880
1100,1490349,0,1490349,0,0,3990,1837
1101,1489021,0,1489021,0,0,3793,1587
1102,1488491,0,1488491,0,0,3510,1608
1103,1489604,0,1489604,0,0,7192,1517
1104,1486936,0,1486936,0,0,2616,1110
1105,1483637,0,1483637,0,0,2210,1036
1106,1480797,0,1480797,0,0,2133,1035
1107,1478012,0,1478012,0,0,2112,1009
1108,1471723,0,1471723,0,0,2111,1029
1109,1468844,0,1468844,0,0,2110,1016
1110,1466033,0,1466033,0,0,2073,1373
1111,1463086,0,1463086,0,0,2452,1288
1112,1461836,0,1461836,0,0,2357,1032
1113,1460124,0,1460124,0,0,3972,1532
1114,1458739,0,1458739,0,0,3445,1540
1115,1455115,0,1455115,0,0,3573,1482
1116,1450755,0,1450755,0,0,3208,1439
1117,1447951,0,1447951,0,0,3290,1658
1118,1446820,0,1446820,0,0,3979,1931
1119,1445656,0,1445656,0,0,4132,1779
1120,1444250,0,1444250,0,0,3666,1636
1121,1442965,0,1442965,0,0,3735,1561
1122,1446798,0,1446798,0,0,8523,1743
1123,1445804,0,1445804,0,0,3737,1618
1124,1444733,0,1444733,0,0,3851,1911
1125,1800490,0,1800490,0,0,3930,356558
1126,1802295,0,1802295,0,0,362511,2616
1127,1801613,0,1801613,0,0,5023,1901
1128,1800355,0,1800355,0,0,4049,1609
1129,1798272,0,1798272,0,0,3121,1241
1130,1795494,0,1795494,0,0,2828,1140
1131,1796007,0,1796007,0,0,2187,1389
1132,1793077,0,1793077,0,0,5814,1103
1133,1790407,0,1790407,0,0,2161,1326
1134,1787739,0,1787739,0,0,2379,1153
1135,1785055,0,1785055,0,0,2217,1129
1136,1779974,0,1779974,0,0,2180,1024
1137,1776865,0,1776865,0,0,2039,1001
1138,1774184,0,1774184,0,0,2024,1255
1139,1807574,0,1807574,0,0,2302,36305
1140,1604303,0,1604303,0,0,39946,1619
1141,1601171,0,1601171,0,0,5530,1243
1142,1625830,0,1625830,0,0,2922,28241
1143,1625008,0,1625008,0,0,31888,1983
1144,1623157,0,1623157,0,0,4597,1270
1145,1621089,0,1621089,0,0,3125,1395
1146,1626843,0,1626843,0,0,3042,9607
1147,1624459,0,1624459,0,0,11471,1317
1148,1654655,0,1654655,0,0,2418,33094
1149,1655171,0,1655171,0,0,36822,1893
1150,1656785,0,1656785,0,0,5071,1910
1151,1655770,0,1655770,0,0,6152,1855
1152,1653438,0,1653438,0,0,3402,1291
1153,1650595,0,1650595,0,0,2426,1131
1154,1706209,0,1706209,0,0,2209,56198
1155,2209115,0,2209115,0,0,63510,600848
1156,2206196,0,2206196,0,0,606621,2479
1157,2202030,0,2202030,0,0,5218,1727
1158,2197691,0,2197691,0,0,4006,1874
1159,2193161,0,2193161,0,0,4002,2220
1160,2247470,0,2247470,0,0,60043,3500
1161,2242074,0,2242074,0,0,7185,1948
1162,2237088,0,2237088,0,0,4268,1864
1163,2232423,0,2232423,0,0,3734,1836
1164,2221168,0,2221168,0,0,3744,1542
1165,2216302,0,2216302,0,0,3561,1637
1166,2211913,0,2211913,0,0,3444,1913
1167,2207650,0,2207650,0,0,4030,2146
1168,2202527,0,2202527,0,0,4360,1597
1169,2200631,0,2200631,0,0,6385,1628
1170,1480925,0,1480925,0,0,3763,2120
1171,1471482,0,1471482,0,0,4001,1659
1172,1466714,0,1466714,0,0,3663,1587
1173,1461773,0,1461773,0,0,3768,1577
1174,1457210,0,1457210,0,0,3333,1705
1175,1453002,0,1453002,0,0,3903,1710
1176,1448838,0,1448838,0,0,3692,1694
1177,1447092,0,1447092,0,0,3535,1736
1178,1445837,0,1445837,0,0,3917,1787
1179,1446812,0,1446812,0,0,5996,1669
1180,1445254,0,1445254,0,0,3566,1531
1181,1446771,0,1446771,0,0,3709,4336
1182,1449445,0,1449445,0,0,6437,5293
1183,1448965,0,1448965,0,0,6985,2928
1184,1448123,0,1448123,0,0,4500,2659
1185,1758617,0,1758617,0,0,4621,311825
1186,1759089,0,1759089,0,0,316437,2164
1187,1756670,0,1756670,0,0,3753,1191
1188,1756794,0,1756794,0,0,5026,1115
1189,1754135,0,1754135,0,0,2184,1057
1190,1751394,0,1751394,0,0,2146,1124
1191,1748802,0,1748802,0,0,2170,1210
1192,1745929,0,1745929,0,0,2239,1036
1193,1738564,0,1738564,0,0,2078,1031
1194,1736796,0,1736796,0,0,2072,2099
1195,1735500,0,1735500,0,0,3871,1801
1196,1733942,0,1733942,0,0,3783,1493
1197,1732458,0,1732458,0,0,3128,1892
1198,1732389,0,1732389,0,0,6033,1737
1199,1685985,0,1685985,0,0,3644,1747
1200,1575143,0,1575143,0,0,3770,1410
1201,1570074,0,1570074,0,0,3627,1424
1202,1567681,0,1567681,0,0,3342,1596
1203,1566036,0,1566036,0,0,3859,1517
1204,1563852,0,1563852,0,0,3411,1619
1205,1555741,0,1555741,0,0,3332,1448
1206,1618434,0,1618434,0,0,3250,63281
1207,1625520,0,1625520,0,0,74587,3036
1208,1624989,0,1624989,0,0,5906,1749
1209,1623301,0,1623301,0,0,4090,1693
1210,1622562,0,1622562,0,0,3918,1895
1211,1621441,0,1621441,0,0,4056,1713
1212,1620508,0,1620508,0,0,3923,1730
1213,1619453,0,1619453,0,0,3975,1694
1214,1619209,0,1619209,0,0,3900,2449
1215,2167779,0,2167779,0,0,4637,634948
1216,2173115,0,2173115,0,0,645156,3070
1217,2169493,0,2169493,0,0,11289,1980
1218,2164266,0,2164266,0,0,4290,1945
1219,2160080,0,2160080,0,0,4240,1871
1220,2155622,0,2155622,0,0,3701,1751
1221,2146057,0,2146057,0,0,3925,1670
1222,2141265,0,2141265,0,0,3936,1616
1223,2136653,0,2136653,0,0,3640,1676
1224,2131966,0,2131966,0,0,3860,1676
1225,2126979,0,2126979,0,0,3996,1755
1226,2124063,0,2124063,0,0,5768,1842
1227,2119714,0,2119714,0,0,3994,1745
1228,2115239,0,2115239,0,0,3897,1679
1229,2110489,0,2110489,0,0,3879,1544
1230,1408635,0,1408635,0,0,3390,2323
1231,1397712,0,1397712,0,0,4504,1978
1232,1391107,0,1391107,0,0,4203,1658
1233,1385399,0,1385399,0,0,3797,1765
1234,1380773,0,1380773,0,0,4152,1894
1235,1379371,0,1379371,0,0,3914,1648
1236,1378128,0,1378128,0,0,6017,1748
1237,1376951,0,1376951,0,0,4088,1638
1238,1375894,0,1375894,0,0,3509,1836
1239,1375346,0,1375346,0,0,4022,2094
1240,1374201,0,1374201,0,0,4360,1568
1241,1372905,0,1372905,0,0,3429,1677
1242,1372384,0,1372384,0,0,4223,1803
1243,1370440,0,1370440,0,0,4067,1611
1244,1369520,0,1369520,0,0,3450,1988
1245,1856030,0,1856030,0,0,6195,481804
1246,1861740,0,1861740,0,0,493804,5291
1247,1862853,0,1862853,0,0,9249,2692
1248,1863671,0,1863671,0,0,5804,2621
1249,1863762,0,1863762,0,0,5588,2161
1250,1860112,0,1860112,0,0,5122,2295
1251,1859677,0,1859677,0,0,4709,2145
1252,1858820,0,1858820,0,0,4848,1994
1253,1858690,0,1858690,0,0,4242,2088
1254,1866184,0,1866184,0,0,4529,2317
1255,1865778,0,1865778,0,0,12229,2524
1256,1864940,0,1864940,0,0,4793,2030
1257,1864239,0,1864239,0,0,4249,1969
1258,1863800,0,1863800,0,0,4175,2239
1259,1863547,0,1863547,0,0,4755,1990
1260,1510839,0,1510839,0,0,4780,1949
1261,1503394,0,1503394,0,0,4331,2202
1262,1499370,0,1499370,0,0,4839,1813
1263,1497992,0,1497992,0,0,5005,2096
1264,1498824,0,1498824,0,0,7001,1134
1265,1495897,0,1495897,0,0,2217,1044
1266,1493677,0,1493677,0,0,2195,1711
1267,1490909,0,1490909,0,0,2764,1067
1268,1487793,0,1487793,0,0,2136,1020
1269,1484806,0,1484806,0,0,2064,981
1270,1481952,0,1481952,0,0,2023,1040
1271,1479403,0,1479403,0,0,2100,1243
1272,1476549,0,1476549,0,0,2306,959
1273,1475252,0,1475252,0,0,1966,952
1274,1473105,0,1473105,0,0,4175,1244
1275,1890679,0,1890679,0,0,2334,418853
1276,1890757,0,1890757,0,0,425038,2040
1277,1885595,0,1885595,0,0,3685,1113
1278,1875906,0,1875906,0,0,2234,1281
1279,1871374,0,1871374,0,0,2344,1233
1280,1863322,0,1863322,0,0,2314,1149
1281,1865303,0,1865303,0,0,2232,8633
1282,1859649,0,1859649,0,0,10475,1283
1283,1856413,0,1856413,0,0,5187,1164
1284,1852012,0,1852012,0,0,2328,2669
1285,1846443,0,1846443,0,0,3749,994
1286,1841151,0,1841151,0,0,2014,1327
1287,1835312,0,1835312,0,0,2399,1119
1288,1828875,0,1828875,0,0,2168,1166
1289,1825185,0,1825185,0,0,2193,1341
1290,1254607,0,1254607,0,0,2392,1145
1291,1242743,0,1242743,0,0,2192,1242
1292,1235609,0,1235609,0,0,2272,1087
1293,1306565,0,1306565,0,0,3811,77782
1294,1304307,0,1304307,0,0,83560,2294
1295,1298384,0,1298384,0,0,3661,1115
1296,1292930,0,1292930,0,0,2146,1058
1297,1287913,0,1287913,0,0,2123,1032
1298,1282007,0,1282007,0,0,2070,1083
1299,1277074,0,1277074,0,0,2112,1625
1300,1307741,0,1307741,0,0,2649,37219
1301,1305092,0,1305092,0,0,40795,1698
1302,1303599,0,1303599,0,0,6789,1287
1303,1298955,0,1298955,0,0,2434,1107
1304,1293836,0,1293836,0,0,2135,1161
1305,1847794,0,1847794,0,0,2225,555532
1306,1825498,0,1825498,0,0,565301,4525
1307,1820116,0,1820116,0,0,6753,1544
1308,1802787,0,1802787,0,0,3349,1233
1309,1797748,0,1797748,0,0,3029,1315
1310,1793815,0,1793815,0,0,2871,1785
1311,1860086,0,1860086,0,0,3430,1561
1312,1860443,0,1860443,0,0,75736,3960
1313,1857314,0,1857314,0,0,7065,1797
1314,1854195,0,1854195,0,0,4772,1871
1315,1851303,0,1851303,0,0,4421,1942
1316,1847071,0,1847071,0,0,3825,1527
1317,1842787,0,1842787,0,0,3392,1648
1318,1835475,0,1835475,0,0,3444,1541
1319,1829276,0,1829276,0,0,3151,1540
1320,1710920,0,1710920,0,0,3074,1458
1321,1703679,0,1703679,0,0,6704,1613
1322,1696516,0,1696516,0,0,3655,1725
1323,1689695,0,1689695,0,0,3524,1873
1324,1683313,0,1683313,0,0,3893,1510
1325,1676174,0,1676174,0,0,3428,1393
1326,1669251,0,1669251,0,0,3424,1558
1327,1661262,0,1661262,0,0,3385,1852
1328,1763904,0,1763904,0,0,3554,109999
1329,1758389,0,1758389,0,0,115305,2202
1330,1755979,0,1755979,0,0,6012,1364
1331,1747392,0,1747392,0,0,6423,1331
1332,1738509,0,1738509,0,0,2454,1038
1333,1729664,0,1729664,0,0,2116,1131
1334,1720348,0,1720348,0,0,2197,1452
1335,2195589,0,2195589,0,0,2515,491988
1336,2192147,0,2192147,0,0,501004,3114
1337,2184243,0,2184243,0,0,5591,1394
1338,2176026,0,2176026,0,0,2966,1293
1339,2167704,0,2167704,0,0,2366,1279
1340,2162401,0,2162401,0,0,5461,1160
1341,2153434,0,2153434,0,0,2227,1069
1342,2144727,0,2144727,0,0,2181,1151
1343,2135191,0,2135191,0,0,2225,1061
1344,2126373,0,2126373,0,0,2128,1106
1345,2123454,0,2123454,0,0,2184,1101
1346,2120757,0,2120757,0,0,2144,1474
1347,2118174,0,2118174,0,0,2536,1242
1348,2115301,0,2115301,0,0,2322,1003
1349,2118870,0,2118870,0,0,2084,1170
1350,1782348,0,1782348,0,0,9548,1443
1351,1773643,0,1773643,0,0,2543,1121
1352,1770105,0,1770105,0,0,2194,1081
1353,1851288,0,1851288,0,0,2122,83145
1354,1852835,0,1852835,0,0,89850,2671
1355,1846978,0,1846978,0,0,4557,1422
1356,1844322,0,1844322,0,0,2735,1166
1357,1841660,0,1841660,0,0,2321,1173
1358,1838882,0,1838882,0,0,2184,1222
1359,1839666,0,1839666,0,0,5869,1131
1360,1837144,0,1837144,0,0,2199,1304
1361,1834239,0,1834239,0,0,2358,970
1362,1831403,0,1831403,0,0,2002,1155
1363,1883927,0,1883927,0,0,2196,54379
1364,1881269,0,1881269,0,0,59500,2284
1365,2416133,0,2416133,0,0,4715,616539
1366,2418837,0,2418837,0,0,650814,3954
1367,2415310,0,2415310,0,0,7760,1988
1368,2425323,0,2425323,0,0,4423,13556
1369,2424034,0,2424034,0,0,23544,2535
1370,2420772,0,2420772,0,0,6288,2275
1371,2416396,0,2416396,0,0,4851,1678
1372,2411690,0,2411690,0,0,3572,1420
1373,2406588,0,2406588,0,0,3584,1458
1374,2402623,0,2402623,0,0,3454,1779
1375,2397828,0,2397828,0,0,3777,1523
1376,2392995,0,2392995,0,0,3337,1460
1377,2388351,0,2388351,0,0,3492,1471
1378,2386833,0,2386833,0,0,6081,2022
1379,2381731,0,2381731,0,0,3561,1657
1380,1904512,0,1904512,0,0,3462,1684
1381,1892815,0,1892815,0,0,3608,1552
1382,1886723,0,1886723,0,0,3389,1566
1383,1881522,0,1881522,0,0,3327,1535
1384,1876364,0,1876364,0,0,3618,1420
1385,1872176,0,1872176,0,0,3428,2229
1386,1867543,0,1867543,0,0,4598,1637
1387,1868257,0,1868257,0,0,3678,2215
1388,1862854,0,1862854,0,0,9291,1502
1389,1858098,0,1858098,0,0,3449,1610
1390,1853780,0,1853780,0,0,3594,1939
1391,1848984,0,1848984,0,0,3793,1592
1392,1838122,0,1838122,0,0,3468,1469
1393,1829809,0,1829809,0,0,3455,1543
1394,1825523,0,1825523,0,0,3437,1900
1395,2570084,0,2570084,0,0,4103,713348
1396,2574393,0,2574393,0,0,759643,3306
1397,2573686,0,2573686,0,0,10004,1739
1398,2568864,0,2568864,0,0,3208,2012
1399,2563240,0,2563240,0,0,3467,1534
1400,2557366,0,2557366,0,0,2910,1545
1401,2552023,0,2552023,0,0,2816,1700
1402,2546925,0,2546925,0,0,3350,1559
1403,2541608,0,2541608,0,0,2966,1540
1404,2535980,0,2535980,0,0,2931,1471
1405,2527704,0,2527704,0,0,2746,1425
1406,2528230,0,2528230,0,0,3196,2008
1407,2523279,0,2523279,0,0,8876,1756
1408,2518522,0,2518522,0,0,3607,1421
1409,2524874,0,2524874,0,0,2945,12163
1410,2036162,0,2036162,0,0,16366,2303
1411,2030074,0,2030074,0,0,5333,2647
1412,2028869,0,2028869,0,0,5276,1939
1413,2027247,0,2027247,0,0,4162,1883
1414,2025321,0,2025321,0,0,3455,1625
1415,2022962,0,2022962,0,0,3070,1514
1416,2022522,0,2022522,0,0,5432,1679
1417,2019976,0,2019976,0,0,2957,1654
1418,2018780,0,2018780,0,0,4750,2222
1419,2019643,0,2019643,0,0,3484,4491
1420,2019051,0,2019051,0,0,5907,3048
1421,2013683,0,2013683,0,0,4489,2988
1422,2014350,0,2014350,0,0,4377,4210
1423,2012523,0,2012523,0,0,5654,1688
1424,2010445,0,2010445,0,0,3122,1588
1425,2614897,0,2614897,0,0,4954,697679
1426,2615280,0,2615280,0,0,708267,3812
1427,2611832,0,2611832,0,0,6775,1932
1428,2607423,0,2607423,0,0,4190,1521
1429,2601817,0,2601817,0,0,3390,1519
1430,2597293,0,2597293,0,0,3688,1754
1431,2593096,0,2593096,0,0,4032,1765
1432,2588478,0,2588478,0,0,3752,1821
1433,2584176,0,2584176,0,0,3944,1796
1434,2580005,0,2580005,0,0,4043,1940
1435,2580797,0,2580797,0,0,8964,1816
1436,2575913,0,2575913,0,0,4011,1562
1437,2571160,0,2571160,0,0,3335,1550
1438,2566843,0,2566843,0,0,3554,1808
1439,2562573,0,2562573,0,0,3971,1817
1440,1611821,0,1611821,0,0,4071,1514
1441,1585842,0,1585842,0,0,3522,1474
1442,1578214,0,1578214,0,0,3634,1739
1443,1577597,0,1577597,0,0,3972,5357
1444,1579789,0,1579789,0,0,13134,3862
1445,1575559,0,1575559,0,0,6185,1794
1446,1571382,0,1571382,0,0,4058,1907
1447,1566941,0,1566941,0,0,4180,1711
1448,1562267,0,1562267,0,0,3681,1718
1449,1551462,0,1551462,0,0,3947,1815
1450,1547068,0,1547068,0,0,4415,1815
1451,1525078,0,1525078,0,0,4053,1859
1452,1508920,0,1508920,0,0,4162,1904
1453,1502056,0,1502056,0,0,4147,1718
1454,1500010,0,1500010,0,0,5874,1965
1455,2212038,0,2212038,0,0,4204,715062
1456,2212673,0,2212673,0,0,724406,3161
1457,2207936,0,2207936,0,0,6097,1650
1458,2203006,0,2203006,0,0,3229,1753
1459,2183281,0,2183281,0,0,3082,1388
1460,2174525,0,2174525,0,0,2832,1376
1461,2168163,0,2168163,0,0,2812,1221
1462,2162188,0,2162188,0,0,2860,1375
1463,2227730,0,2227730,0,0,70908,3494
1464,2224361,0,2224361,0,0,8042,2018
1465,2220629,0,2220629,0,0,4586,1844
1466,2210596,0,2210596,0,0,4640,1800
1467,2196591,0,2196591,0,0,3722,1717
1468,2187817,0,2187817,0,0,3634,2090
1469,2182519,0,2182519,0,0,3899,1475
1470,2178149,0,2178149,0,0,3407,1820
1471,2160419,0,2160419,0,0,3256,1444
1472,2153572,0,2153572,0,0,3084,1465
1473,2147443,0,2147443,0,0,6094,1350
1474,2141884,0,2141884,0,0,3110,1870
1475,2137516,0,2137516,0,0,3224,1758
1476,2132495,0,2132495,0,0,3826,1543
1477,2128390,0,2128390,0,0,3785,1668
1478,2119859,0,2119859,0,0,3683,1607
1479,2114620,0,2114620,0,0,3447,1368
1480,2108802,0,2108802,0,0,3321,1592
1481,2096507,0,2096507,0,0,2869,1301
1482,2081927,0,2081927,0,0,5458,1569
1483,2076910,0,2076910,0,0,3608,1743
1484,2071695,0,2071695,0,0,3387,1670
1485,2884629,0,2884629,0,0,3473,828632
1486,2881124,0,2881124,0,0,837878,3679
1487,2876386,0,2876386,0,0,6516,1962
1488,2871591,0,2871591,0,0,3973,1745
1489,2866322,0,2866322,0,0,3640,1506
1490,2862065,0,2862065,0,0,3381,1934
1491,2862258,0,2862258,0,0,4201,1898
1492,2857314,0,2857314,0,0,8999,1780
1493,2852915,0,2852915,0,0,4099,1689
1494,2848535,0,2848535,0,0,3939,1824
1495,2844620,0,2844620,0,0,4033,1732
1496,2839999,0,2839999,0,0,3809,1669
1497,2835700,0,2835700,0,0,3903,1712
1498,2831619,0,2831619,0,0,4022,1862
1499,2828020,0,2828020,0,0,4192,1900
1500,2155324,0,2155324,0,0,4117,2256
1501,2150495,0,2150495,0,0,6737,1836
1502,2149627,0,2149627,0,0,4147,2240
1503,2148547,0,2148547,0,0,4151,1939
1504,2147527,0,2147527,0,0,4193,1745
1505,2134219,0,2134219,0,0,4051,1703
1506,2126630,0,2126630,0,0,4587,1932
1507,2121821,0,2121821,0,0,4218,1819
1508,2117036,0,2117036,0,0,4088,1697
1509,2111438,0,2111438,0,0,3480,1399
1510,2124412,0,2124412,0,0,3285,1795
1511,2122955,0,2122955,0,0,24708,3009
1512,2119350,0,2119350,0,0,6392,2163
1513,2113016,0,2113016,0,0,4655,1555
1514,2108106,0,2108106,0,0,3751,1896
1515,4084698,0,4084698,0,0,3836,1988051
1516,4084994,0,4084994,0,0,1997705,3264
1517,4080017,0,4080017,0,0,5654,1705
1518,4339908,0,4339908,0,0,3319,266915
1519,4440252,0,4440252,0,0,276104,98442
1520,4633162,0,4633162,0,0,113217,194262
1521,4634315,0,4634315,0,0,202666,3582
1522,4631402,0,4631402,0,0,6178,2155
1523,4626879,0,4626879,0,0,4172,2207
1524,4714387,0,4714387,0,0,3783,89259
1525,4715260,0,4715260,0,0,98205,2787
1526,4710748,0,4710748,0,0,4877,1708
1527,4878830,0,4878830,0,0,2909,171391
1528,5483548,0,5483548,0,0,187981,596809
1529,5486720,0,5486720,0,0,600535,1821
1530,4915167,0,4915167,0,0,9830,1494
1531,4903950,0,4903950,0,0,3060,1276
1532,4898204,0,4898204,0,0,2407,1038
1533,4893322,0,4893322,0,0,2067,1154
1534,4887486,0,4887486,0,0,2243,1461
1535,4876968,0,4876968,0,0,2499,1392
1536,4958619,0,4958619,0,0,2461,84479
1537,4959557,0,4959557,0,0,93564,3045
1538,5170763,0,5170763,0,0,5209,215395
1539,5613056,0,5613056,0,0,223566,441986
1540,5610587,0,5610587,0,0,445946,1849
1541,5604001,0,5604001,0,0,3966,1380
1542,5598742,0,5598742,0,0,2643,1167
1543,5590035,0,5590035,0,0,2200,1254
1544,5585004,0,5585004,0,0,2285,1240
1545,9459680,0,9459680,0,0,2260,3965608
1546,9458106,0,9458106,0,0,3974069,3246
1547,9452417,0,9452417,0,0,5288,1298
1548,9453847,0,9453847,0,0,2541,1627
1549,9556488,0,9556488,0,0,9832,83918
1550,9700246,0,9700246,0,0,114114,146288
1551,9697627,0,9697627,0,0,150873,2366
1552,10276016,0,10276016,0,0,4133,580803
1553,10275568,0,10275568,0,0,589669,2690
1554,10270819,0,10270819,0,0,4704,1583
1555,10263714,0,10263714,0,0,2803,1157
1556,10257233,0,10257233,0,0,2224,972
1557,10250541,0,10250541,0,0,2004,1647
1558,10261206,0,10261206,0,0,8087,12314
1559,10255509,0,10255509,0,0,14285,1434
1560,9741762,0,9741762,0,0,2564,1489
1561,9730186,0,9730186,0,0,2578,1146
1562,9946769,0,9946769,0,0,2569,221538
1563,9939644,0,9939644,0,0,227863,2416
1564,10027861,0,10027861,0,0,4717,89357
1565,10030409,0,10030409,0,0,99310,4239
1566,10130737,0,10130737,0,0,6878,104534
1567,10136691,0,10136691,0,0,111077,3006
1568,10354937,0,10354937,0,0,12006,219728
1569,10358562,0,10358562,0,0,230562,4369
1570,10356389,0,10356389,0,0,8513,2816
1571,10413260,0,10413260,0,0,5622,61067
1572,10649673,0,10649673,0,0,65663,239406
1573,10876772,0,10876772,0,0,245995,230019
1574,10873600,0,10873600,0,0,234447,2330
1575,11896063,0,11896063,0,0,3877,1024409
1576,11898491,0,11898491,0,0,1034665,3797
1577,11902250,0,11902250,0,0,13286,1934
1578,11897755,0,11897755,0,0,4272,2207
1579,11894266,0,11894266,0,0,4267,1800
1580,11889742,0,11889742,0,0,3922,1625
1581,11885366,0,11885366,0,0,3896,1837
1582,11880687,0,11880687,0,0,3855,1883
1583,11876161,0,11876161,0,0,4037,1938
1584,11871390,0,11871390,0,0,4195,1608
1585,11866853,0,11866853,0,0,3501,1452
1586,11861259,0,11861259,0,0,3300,1852
1587,11856465,0,11856465,0,0,6237,1773
1588,11849873,0,11849873,0,0,4041,1728
1589,11843118,0,11843118,0,0,3669,1920
1590,10147138,0,10147138,0,0,4082,1907
1591,10138935,0,10138935,0,0,4124,1922
1592,10137365,0,10137365,0,0,4156,1691
1593,10135515,0,10135515,0,0,3984,1643
1594,10134855,0,10134855,0,0,4304,1907
1595,10133728,0,10133728,0,0,4059,1858
1596,10134678,0,10134678,0,0,6096,1742
1597,10134097,0,10134097,0,0,4028,2201
1598,10133109,0,10133109,0,0,4434,1821
1599,10132223,0,10132223,0,0,4048,1879
1600,10130917,0,10130917,0,0,3995,1712
1601,10129887,0,10129887,0,0,3946,1699
1602,10128165,0,10128165,0,0,3928,2052
1603,10126892,0,10126892,0,0,4114,1625
1604,10126014,0,10126014,0,0,3785,1940
1605,10639785,0,10639785,0,0,4123,718652
1606,10641449,0,10641449,0,0,733578,3494
1607,10638552,0,10638552,0,0,6705,2086
1608,10633316,0,10633316,0,0,4129,1639
1609,10629474,0,10629474,0,0,3647,1727
1610,10625536,0,10625536,0,0,3798,1804
1611,10621690,0,10621690,0,0,3919,1775
1612,10617940,0,10617940,0,0,4001,1620
1613,10614383,0,10614383,0,0,3790,1657
1614,10611133,0,10611133,0,0,3889,1689
1615,10534802,0,10534802,0,0,77425,2884
1616,10497390,0,10497390,0,0,6109,1367
1617,10494748,0,10494748,0,0,3226,1272
1618,10491762,0,10491762,0,0,2928,1306
1619,10488751,0,10488751,0,0,2403,1102
1620,5109318,0,5109318,0,0,2187,1002
1621,5098989,0,5098989,0,0,2051,1012
1622,5095213,0,5095213,0,0,2048,1025
1623,5092094,0,5092094,0,0,2068,1265
1624,5090877,0,5090877,0,0,2315,1269
1625,5087951,0,5087951,0,0,3910,969
1626,5085230,0,5085230,0,0,2147,1176
1627,5082450,0,5082450,0,0,2234,1099
1628,5079711,0,5079711,0,0,2159,1550
1629,5078021,0,5078021,0,0,3246,1482
1630,5077165,0,5077165,0,0,3310,2786
1631,5077047,0,5077047,0,0,4760,2097
1632,5074286,0,5074286,0,0,4398,1153
1633,5071290,0,5071290,0,0,2169,1022
1634,5070142,0,5070142,0,0,3519,1212
1635,4883290,0,4883290,0,0,2306,577699
1636,4884479,0,4884479,0,0,585837,2928
1637,4882097,0,4882097,0,0,4797,1037
1638,4879910,0,4879910,0,0,2247,1457
1639,4877377,0,4877377,0,0,2682,1407
1640,4874391,0,4874391,0,0,2433,946
1641,4871484,0,4871484,0,0,1972,962
1642,4868808,0,4868808,0,0,1986,1160
1643,4870491,0,4870491,0,0,2230,1076
1644,4867170,0,4867170,0,0,7341,945
1645,4864092,0,4864092,0,0,2013,938
1646,4861103,0,4861103,0,0,1972,1003
1647,4858214,0,4858214,0,0,2038,978
1648,4851096,0,4851096,0,0,2006,931
1649,4847613,0,4847613,0,0,1937,920
1650,1975678,0,1975678,0,0,1957,1033
1651,1967021,0,1967021,0,0,2040,958
1652,1963501,0,1963501,0,0,2008,938
1653,1961844,0,1961844,0,0,3646,969
1654,1958784,0,1958784,0,0,2030,999
1655,1954340,0,1954340,0,0,2086,1039
1656,1950327,0,1950327,0,0,2089,956
1657,1947215,0,1947215,0,0,1970,938
1658,1944511,0,1944511,0,0,2219,1009
1659,1940957,0,1940957,0,0,2037,959
1660,1938185,0,1938185,0,0,1994,1309
1661,1935155,0,1935155,0,0,2366,944
1662,1944076,0,1944076,0,0,12312,1135
1663,1941323,0,1941323,0,0,3675,1113
1664,4967277,0,4967277,0,0,2174,3024905
1665,2409903,0,2409903,0,0,3034436,3393
1666,2408397,0,2408397,0,0,6180,2133
1667,2406784,0,2406784,0,0,4308,1700
1668,2405006,0,2405006,0,0,3812,1692
1669,2403520,0,2403520,0,0,3885,1542
1670,2402437,0,2402437,0,0,3503,1851
1671,2401870,0,2401870,0,0,3855,2551
1672,2405886,0,2405886,0,0,9975,1836
1673,2404096,0,2404096,0,0,3623,1730
1674,2402651,0,2402651,0,0,3954,1840
1675,2400905,0,2400905,0,0,3759,1651
1676,2399688,0,2399688,0,0,3433,1794
1677,2390885,0,2390885,0,0,3958,1558
1678,2508877,0,2508877,0,0,3632,113154
1679,2511836,0,2511836,0,0,125650,3166
1680,2509412,0,2509412,0,0,4933,1186
1681,2512269,0,2512269,0,0,8013,1207
1682,2509620,0,2509620,0,0,2288,1214
1683,2506914,0,2506914,0,0,2281,1138
1684,2504172,0,2504172,0,0,2208,1052
1685,2501732,0,2501732,0,0,2111,1453
1686,2498934,0,2498934,0,0,2503,1091
1687,2496339,0,2496339,0,0,2162,1184
1688,2493352,0,2493352,0,0,2268,1069
1689,2490687,0,2490687,0,0,2112,1140
1690,2564427,0,2564427,0,0,2183,74043
1691,2600917,0,2600917,0,0,115471,3226
1692,2599631,0,2599631,0,0,5864,1404
1693,2597616,0,2597616,0,0,3494,1715
1694,3038480,0,3038480,0,0,3556,440097
1695,3043759,0,3043759,0,0,449130,3872
1696,3043853,0,3043853,0,0,7554,1847
1697,3043232,0,3043232,0,0,4528,1754
1698,3042456,0,3042456,0,0,4096,1996
1699,3041436,0,3041436,0,0,4188,1526
1700,3045315,0,3045315,0,0,8799,1717
1701,3044273,0,3044273,0,0,3973,1623
1702,3042993,0,3042993,0,0,3538,1798
1703,3041529,0,3041529,0,0,3689,1824
1704,3040166,0,3040166,0,0,3672,1640
1705,3036741,0,3036741,0,0,3664,1680
1706,3035230,0,3035230,0,0,3359,1640
1707,3034030,0,3034030,0,0,3656,1607
1708,3033056,0,3033056,0,0,3864,1772
1709,3031678,0,3031678,0,0,3646,1710
1710,3034046,0,3034046,0,0,6316,2636
1711,3005779,0,3005779,0,0,4725,2501
1712,3003427,0,3003427,0,0,4414,1635
1713,3002165,0,3002165,0,0,3624,1721
1714,3000263,0,3000263,0,0,4010,1787
1715,2997564,0,2997564,0,0,3647,1703
1716,2996010,0,2996010,0,0,3892,1860
1717,2994457,0,2994457,0,0,3693,1613
1718,2993294,0,2993294,0,0,3612,1656
1719,2995108,0,2995108,0,0,6202,2195
1720,3036036,0,3036036,0,0,4130,41178
1721,3037596,0,3037596,0,0,48414,2183
1722,3035612,0,3035612,0,0,3948,1345
1723,3033261,0,3033261,0,0,2546,1506
1724,3981012,0,3981012,0,0,2639,947015
1725,3985201,0,3985201,0,0,956793,3242
1726,3984943,0,3984943,0,0,6031,2202
1727,3983664,0,3983664,0,0,4304,2229
1728,3988156,0,3988156,0,0,4104,1882
1729,3987015,0,3987015,0,0,9615,1683
1730,3985802,0,3985802,0,0,3559,1726
1731,3984239,0,3984239,0,0,3732,1549
1732,3982947,0,3982947,0,0,3170,2172
1733,3980123,0,3980123,0,0,3313,1047
1734,3975450,0,3975450,0,0,2139,1117
1735,3972822,0,3972822,0,0,2179,1131
1736,3970834,0,3970834,0,0,2209,1645
1737,3968696,0,3968696,0,0,3342,1480
1738,3970438,0,3970438,0,0,6268,2256
1739,3121753,0,3121753,0,0,3991,2028
1740,3036732,0,3036732,0,0,3590,1408
1741,2860212,0,2860212,0,0,3157,2639
1742,2801696,0,2801696,0,0,9229,2815
1743,2779775,0,2779775,0,0,4238,3122
1744,2760040,0,2760040,0,0,4459,25082
1745,2724252,0,2724252,0,0,28011,1774
1746,2681047,0,2681047,0,0,3810,1634
1747,2649700,0,2649700,0,0,3470,2303
1748,2559018,0,2559018,0,0,5298,1125
1749,2531347,0,2531347,0,0,2192,934
1750,2525600,0,2525600,0,0,2040,1159
1751,2615722,0,2615722,0,0,2224,92609
1752,2615400,0,2615400,0,0,100921,2696
1753,2503717,0,2503717,0,0,4754,1271
1754,2815771,0,2815771,0,0,2487,353640
1755,2718830,0,2718830,0,0,362189,3359
1756,2688044,0,2688044,0,0,6851,1720
1757,2687468,0,2687468,0,0,8705,1626
1758,2683825,0,2683825,0,0,3513,2002
1759,2679793,0,2679793,0,0,3618,1813
1760,2675979,0,2675979,0,0,3737,1582
1761,2672286,0,2672286,0,0,3476,1524
1762,2655094,0,2655094,0,0,3535,1740
1763,2649835,0,2649835,0,0,3597,1661
1764,2644552,0,2644552,0,0,3450,1440
1765,2638940,0,2638940,0,0,3043,1563
1766,2695929,0,2695929,0,0,3404,1592
1767,2697028,0,2697028,0,0,68260,3678
1768,2694949,0,2694949,0,0,7761,2008
1769,2271943,0,2271943,0,0,5368,1781
1770,2261648,0,2261648,0,0,4486,1842
1771,2258162,0,2258162,0,0,3886,1642
1772,2254404,0,2254404,0,0,3773,1632
1773,2251404,0,2251404,0,0,3705,1659
1774,2244407,0,2244407,0,0,3703,1943
1775,2237446,0,2237446,0,0,4088,1817
1776,2235277,0,2235277,0,0,7854,1756
1777,2232523,0,2232523,0,0,4079,1594
1778,2229816,0,2229816,0,0,3771,1738
1779,2244744,0,2244744,0,0,3910,18980
1780,2245089,0,2245089,0,0,24257,2970
1781,2244563,0,2244563,0,0,7672,2382
1782,2243285,0,2243285,0,0,6221,2081
1783,2241040,0,2241040,0,0,4502,2181
1784,2250806,0,2250806,0,0,4334,14162
1785,2250740,0,2250740,0,0,16461,1793
1786,2248932,0,2248932,0,0,7177,1904
1787,2246184,0,2246184,0,0,4133,1686
1788,2243304,0,2243304,0,0,3752,1778
1789,2240387,0,2240387,0,0,3775,1681
1790,2238042,0,2238042,0,0,3783,1963
1791,2225236,0,2225236,0,0,4186,2000
1792,2222779,0,2222779,0,0,4248,1887
1793,2315035,0,2315035,0,0,4107,92527
1794,2318603,0,2318603,0,0,102393,4028
1795,2322198,0,2322198,0,0,12833,1907
1796,2319345,0,2319345,0,0,4075,1506
1797,2316189,0,2316189,0,0,3448,1451
1798,2312909,0,2312909,0,0,3289,1779
1799,1849823,0,1849823,0,0,3738,1526
1800,1839994,0,1839994,0,0,3562,2416
1801,1909070,0,1909070,0,0,4475,71258
1802,1910511,0,1910511,0,0,80474,3216
1803,1907864,0,1907864,0,0,6145,2146
1804,1907960,0,1907960,0,0,4330,1653
1805,1903956,0,1903956,0,0,7511,1727
1806,1900005,0,1900005,0,0,3924,1970
1807,1895181,0,1895181,0,0,4098,2000
1808,1891185,0,1891185,0,0,4057,1605
1809,1886655,0,1886655,0,0,3606,1733
1810,1882385,0,1882385,0,0,3667,1793
1811,1878191,0,1878191,0,0,3737,1678
1812,1873874,0,1873874,0,0,3609,2143
1813,1869507,0,1869507,0,0,4321,1667
1814,2010065,0,2010065,0,0,6202,141147
1815,2011350,0,2011350,0,0,149959,3615
1816,2007182,0,2007182,0,0,6502,1638
1817,2002955,0,2002955,0,0,3867,1672
1818,1998647,0,1998647,0,0,3883,1778
1819,1988322,0,1988322,0,0,3762,1868
1820,1983437,0,1983437,0,0,3856,1620
1821,1978553,0,1978553,0,0,3849,1706
1822,1974414,0,1974414,0,0,3678,2361
1823,1975072,0,1975072,0,0,4341,1724
1824,1970369,0,1970369,0,0,8510,1619
1825,1965055,0,1965055,0,0,3476,1552
1826,1960435,0,1960435,0,0,3175,2001
1827,1970412,0,1970412,0,0,3952,15821
1828,1966225,0,1966225,0,0,18948,1942
1829,1060170,0,1060170,0,0,4088,1600
1830,1048815,0,1048815,0,0,3818,1982
1831,1113155,0,1113155,0,0,4164,66714
1832,1112221,0,1112221,0,0,74125,2268
1833,1112135,0,1112135,0,0,8929,1215
1834,1107328,0,1107328,0,0,2505,1459
1835,1102194,0,1102194,0,0,2546,1289
1836,1097282,0,1097282,0,0,2327,1046
1837,1092210,0,1092210,0,0,2052,965
1838,1082447,0,1082447,0,0,2009,1618
1839,1181145,0,1181145,0,0,2677,100197
1840,1184921,0,1184921,0,0,110258,3703
1841,1183495,0,1183495,0,0,7615,2282
1842,1186406,0,1186406,0,0,5385,2501
1843,1185293,0,1185293,0,0,10296,2722
1844,1253588,0,1253588,0,0,5734,69416
1845,1255837,0,1255837,0,0,78118,3305
1846,1253396,0,1253396,0,0,6694,2155
1847,1243896,0,1243896,0,0,4349,1963
1848,1239746,0,1239746,0,0,4141,1635
1849,1236101,0,1236101,0,0,3499,1606
1850,1229885,0,1229885,0,0,3453,2032
1851,1238965,0,1238965,0,0,4181,14038
1852,1240226,0,1240226,0,0,21416,1919
1853,1235894,0,1235894,0,0,3859,1563
1854,1232232,0,1232232,0,0,3307,1662
1855,1229049,0,1229049,0,0,3700,2046
1856,1280256,0,1280256,0,0,4142,52691
1857,1283227,0,1283227,0,0,62097,3728
1858,1280698,0,1280698,0,0,6954,2241
1859,1103670,0,1103670,0,0,4539,2056
1860,1094348,0,1094348,0,0,4401,2331
1861,1105904,0,1105904,0,0,4355,13630
1862,1101766,0,1101766,0,0,20835,1975
1863,1097144,0,1097144,0,0,4121,1854
1864,1092615,0,1092615,0,0,3920,1596
1865,1087003,0,1087003,0,0,3632,1589
1866,1083193,0,1083193,0,0,3717,1971
1867,1156121,0,1156121,0,0,4201,75003
1868,1156389,0,1156389,0,0,83060,2878
1869,1152025,0,1152025,0,0,5144,1541
1870,1148190,0,1148190,0,0,3465,1903
1871,1148600,0,1148600,0,0,7744,2013
1872,1144119,0,1144119,0,0,4004,1888
1873,1139340,0,1139340,0,0,3655,1589
1874,1260994,0,1260994,0,0,3427,128576
1875,1262236,0,1262236,0,0,136891,3394
1876,1254888,0,1254888,0,0,6890,1877
1877,1250750,0,1250750,0,0,4076,1640
1878,1247300,0,1247300,0,0,3484,1711
1879,1243814,0,1243814,0,0,3833,1850
1880,1245103,0,1245103,0,0,4113,2379
1881,1241404,0,1241404,0,0,8536,1753
1882,1237850,0,1237850,0,0,4095,1692
1883,1233523,0,1233523,0,0,3587,1847
1884,1229681,0,1229681,0,0,3999,1553
1885,1225896,0,1225896,0,0,3746,1823
1886,1276877,0,1276877,0,0,3812,54834
1887,1278092,0,1278092,0,0,60854,3042
1888,1275875,0,1275875,0,0,6817,1969
1889,1033631,0,1033631,0,0,3829,1630
1890,1029456,0,1029456,0,0,7452,2020
1891,1028317,0,1028317,0,0,4221,1963
1892,1027546,0,1027546,0,0,4070,1996
1893,1026490,0,1026490,0,0,4280,1710
1894,1025723,0,1025723,0,0,3935,1950
1895,1022006,0,1022006,0,0,4186,1945
1896,1066444,0,1066444,0,0,4077,44346
1897,1067813,0,1067813,0,0,51855,2155
1898,1066036,0,1066036,0,0,4085,1603
1899,1066496,0,1066496,0,0,2800,1297
1900,1063775,0,1063775,0,0,5415,1048
1901,1060857,0,1060857,0,0,2130,980
1902,1058520,0,1058520,0,0,2036,1581
1903,1053448,0,1053448,0,0,2673,1501
1904,1298143,0,1298143,0,0,2580,252346
1905,1300387,0,1300387,0,0,262617,4081
1906,1295914,0,1295914,0,0,6433,1493
1907,1293142,0,1293142,0,0,2628,1065
1908,1290265,0,1290265,0,0,2179,930
1909,1292458,0,1292458,0,0,7163,1091
1910,1287256,0,1287256,0,0,2160,1055
1911,1279134,0,1279134,0,0,2145,1002
1912,1273468,0,1273468,0,0,2081,941
1913,1268787,0,1268787,0,0,2011,911
1914,1265954,0,1265954,0,0,1933,1025
1915,1264154,0,1264154,0,0,2297,1592
1916,1262624,0,1262624,0,0,3292,1541
1917,1260920,0,1260920,0,0,3250,1455
1918,1261183,0,1261183,0,0,3078,1494
1919,997821,0,997821,0,0,5349,2248
1920,990150,0,990150,0,0,4247,1604
1921,988228,0,988228,0,0,3573,1592
1922,986430,0,986430,0,0,3468,1503
1923,984703,0,984703,0,0,3567,1545
1924,983232,0,983232,0,0,3489,1629
1925,980928,0,980928,0,0,3475,1557
1926,979330,0,979330,0,0,3466,1527
1927,977364,0,977364,0,0,3338,1395
1928,977331,0,977331,0,0,4950,1357
1929,974132,0,974132,0,0,3109,1469
1930,970388,0,970388,0,0,3605,2241
1931,979960,0,979960,0,0,3908,15021
1932,976742,0,976742,0,0,17560,2152
1933,964039,0,964039,0,0,3292,1137
1934,1115393,0,1115393,0,0,2234,152960
1935,1116562,0,1116562,0,0,158779,2734
1936,1113119,0,1113119,0,0,5270,1576
1937,1114422,0,1114422,0,0,9613,1649
1938,1113168,0,1113168,0,0,3935,1646
1939,1111873,0,1111873,0,0,3650,1505
1940,1110642,0,1110642,0,0,3506,1678
1941,1108738,0,1108738,0,0,3540,1505
1942,1107512,0,1107512,0,0,3329,1747
1943,1106158,0,1106158,0,0,3760,1577
1944,1104377,0,1104377,0,0,3496,1675
1945,1102927,0,1102927,0,0,3580,1478
1946,1101267,0,1101267,0,0,3330,1373
1947,1206478,0,1206478,0,0,5717,101819
1948,1211030,0,1211030,0,0,110908,3435
1949,968139,0,968139,0,0,7000,2495
1950,961543,0,961543,0,0,5243,2026
1951,959756,0,959756,0,0,4089,1673
1952,957929,0,957929,0,0,3616,1691
1953,956039,0,956039,0,0,3333,1551
1954,954431,0,954431,0,0,3318,1890
1955,952775,0,952775,0,0,3810,1496
1956,956642,0,956642,0,0,8433,2101
1957,955447,0,955447,0,0,4100,2489
1958,952691,0,952691,0,0,3907,1300
1959,949648,0,949648,0,0,2370,1061
1960,946718,0,946718,0,0,2079,977
1961,938219,0,938219,0,0,2000,1181
1962,1020783,0,1020783,0,0,2236,83693
1963,1024401,0,1024401,0,0,91037,3180
1964,1095746,0,1095746,0,0,7246,71670
1965,1095756,0,1095756,0,0,79796,3121
1966,1093629,0,1093629,0,0,7545,1323
1967,1088676,0,1088676,0,0,2430,1536
1968,1083806,0,1083806,0,0,2631,1013
1969,1080707,0,1080707,0,0,2077,1063
1970,1075308,0,1075308,0,0,2190,1361
1971,1107002,0,1107002,0,0,2418,34459
1972,1106805,0,1106805,0,0,38066,1694
1973,1103700,0,1103700,0,0,3678,1535
1974,1099308,0,1099308,0,0,3045,1527
1975,1101912,0,1101912,0,0,11274,1092
1976,1099110,0,1099110,0,0,2311,1057
1977,1149439,0,1149439,0,0,2117,51270
1978,1151483,0,1151483,0,0,57756,2634
1979,889988,0,889988,0,0,5074,1330
1980,883934,0,883934,0,0,2460,1374
1981,881124,0,881124,0,0,2441,1278
1982,878360,0,878360,0,0,2410,1131
1983,885673,0,885673,0,0,2154,10790
1984,931247,0,931247,0,0,12670,1182
1985,1048271,0,1048271,0,0,52282,117775
1986,1049527,0,1049527,0,0,123253,2420
1987,1048315,0,1048315,0,0,4968,1461
1988,1045702,0,1045702,0,0,2972,1117
1989,1040680,0,1040680,0,0,2116,1142
1990,1072008,0,1072008,0,0,2203,39473
1991,1069166,0,1069166,0,0,43448,2252
1992,1068307,0,1068307,0,0,5320,1973
1993,1065260,0,1065260,0,0,3415,1197
1994,1065240,0,1065240,0,0,5477,1384
1995,1062384,0,1062384,0,0,2500,1057
1996,1059604,0,1059604,0,0,2174,1009
1997,1057078,0,1057078,0,0,2005,1365
1998,1054388,0,1054388,0,0,2429,1077
1999,1051606,0,1051606,0,0,2102,1015
2000,1048890,0,1048890,0,0,2011,1086
