sample_idx,t1_ns,t2_ns,t3_ns,t4_ns,master_to_slave_ns,slave_to_master_ns,offset_ns,path_delay_ns,t2_kernel_timestamp,t4_kernel_timestamp,used_for_offset,used_for_best_path,clock_sync_method,clock_sync_protocol,clock_sync_kernel_timestamp,clock_sync_kernel_timestamp_received,clock_sync_kernel_timestamp_fallback,clock_sync_t2_kernel_timestamp_received,clock_sync_t2_kernel_timestamp_fallback,clock_sync_t4_kernel_timestamp_received,clock_sync_t4_kernel_timestamp_fallback,clock_offset_final_ns,clock_offset_mean_ns,clock_offset_median_ns,clock_offset_best_path_median_ns,clock_offset_std_ns,clock_offset_mad_ns,clock_sync_path_delay_final_ns,clock_sync_path_delay_mean_ns,clock_sync_path_delay_min_ns,clock_sync_path_delay_median_ns,clock_sync_path_delay_p95_ns,clock_sync_path_delay_best_median_ns,clock_sync_negative_or_suspicious,sync_quality
1,1780657635826625940,1780657635826673624,1780657635826770780,1780657635826781073,47684,10293,-18695,28988,1,1,0,0,best-path-median,udp,1,528,0,264,0,264,0,6,14,12,6,112.914443,18,1134,1937,936,1656,3592,1134,0,ok
2,1780657635826883020,1780657635826888181,1780657635826909531,1780657635826914048,5161,4517,-322,4839,1,1,0,0,best-path-median,udp,1,528,0,264,0,264,0,6,14,12,6,112.914443,18,1134,1937,936,1656,3592,1134,0,ok
3,1780657635827001025,1780657635827004711,1780657635827024811,1780657635827028863,3686,4052,183,3869,1,1,0,0,best-path-median,udp,1,528,0,264,0,264,0,6,14,12,6,112.914443,18,1134,1937,936,1656,3592,1134,0,ok
4,1780657635827119206,1780657635827122968,1780657635827197318,1780657635827225932,3762,28614,12426,16188,1,1,0,0,best-path-median,udp,1,528,0,264,0,264,0,6,14,12,6,112.914443,18,1134,1937,936,1656,3592,1134,0,ok
5,1780657635827338264,1780657635827342016,1780657635827370451,1780657635827377056,3752,6605,1426,5178,1,1,0,0,best-path-median,udp,1,528,0,264,0,264,0,6,14,12,6,112.914443,18,1134,1937,936,1656,3592,1134,0,ok
6,1780657635827468874,1780657635827472824,1780657635827518611,1780657635827535087,3950,16476,6263,10213,1,1,0,0,best-path-median,udp,1,528,0,264,0,264,0,6,14,12,6,112.914443,18,1134,1937,936,1656,3592,1134,0,ok
7,1780657635827638916,1780657635827642990,1780657635827667177,1780657635827672692,4074,5515,720,4794,1,1,0,0,best-path-median,udp,1,528,0,264,0,264,0,6,14,12,6,112.914443,18,1134,1937,936,1656,3592,1134,0,ok
8,1780657635827768322,1780657635827772385,1780657635827793192,1780657635827797572,4063,4380,158,4221,1,1,0,0,best-path-median,udp,1,528,0,264,0,264,0,6,14,12,6,112.914443,18,1134,1937,936,1656,3592,1134,0,ok
9,1780657635827890656,1780657635827894609,1780657635827917684,1780657635827921956,3953,4272,159,4112,1,1,0,0,best-path-median,udp,1,528,0,264,0,264,0,6,14,12,6,112.914443,18,1134,1937,936,1656,3592,1134,0,ok
10,1780657635828018706,1780657635828022800,1780657635828042622,1780657635828046799,4094,4177,41,4135,1,1,0,0,best-path-median,udp,1,528,0,264,0,264,0,6,14,12,6,112.914443,18,1134,1937,936,1656,3592,1134,0,ok
11,1780657635828137247,1780657635828141177,1780657635828162301,1780657635828166521,3930,4220,145,4075,1,1,0,0,best-path-median,udp,1,528,0,264,0,264,0,6,14,12,6,112.914443,18,1134,1937,936,1656,3592,1134,0,ok
12,1780657635828263763,1780657635828267786,1780657635828290336,1780657635828294529,4023,4193,85,4108,1,1,0,0,best-path-median,udp,1,528,0,264,0,264,0,6,14,12,6,112.914443,18,1134,1937,936,1656,3592,1134,0,ok
13,1780657635828389812,1780657635828393756,1780657635828415892,1780657635828420035,3944,4143,99,4043,1,1,0,0,best-path-median,udp,1,528,0,264,0,264,0,6,14,12,6,112.914443,18,1134,1937,936,1656,3592,1134,0,ok
14,1780657635828514084,1780657635828518457,1780657635828540497,1780657635828544785,4373,4288,-42,4330,1,1,1,0,best-path-median,udp,1,528,0,264,0,264,0,6,14,12,6,112.914443,18,1134,1937,936,1656,3592,1134,0,ok
15,1780657635828642479,1780657635828646062,1780657635828667784,1780657635828671650,3583,3866,141,3724,1,1,1,0,best-path-median,udp,1,528,0,264,0,264,0,6,14,12,6,112.914443,18,1134,1937,936,1656,3592,1134,0,ok
16,1780657635828756545,1780657635828760174,1780657635828779837,1780657635828783703,3629,3866,118,3747,1,1,1,0,best-path-median,udp,1,528,0,264,0,264,0,6,14,12,6,112.914443,18,1134,1937,936,1656,3592,1134,0,ok
17,1780657635828868358,1780657635828871945,1780657635828891368,1780657635828895682,3587,4314,363,3950,1,1,1,0,best-path-median,udp,1,528,0,264,0,264,0,6,14,12,6,112.914443,18,1134,1937,936,1656,3592,1134,0,ok
18,1780657635828980648,1780657635828984294,1780657635829004226,1780657635829008416,3646,4190,272,3918,1,1,1,0,best-path-median,udp,1,528,0,264,0,264,0,6,14,12,6,112.914443,18,1134,1937,936,1656,3592,1134,0,ok
19,1780657635829093539,1780657635829097269,1780657635829117148,1780657635829121157,3730,4009,139,3869,1,1,1,0,best-path-median,udp,1,528,0,264,0,264,0,6,14,12,6,112.914443,18,1134,1937,936,1656,3592,1134,0,ok
20,1780657635829205841,1780657635829209469,1780657635829229175,1780657635829232956,3628,3781,76,3704,1,1,1,0,best-path-median,udp,1,528,0,264,0,264,0,6,14,12,6,112.914443,18,1134,1937,936,1656,3592,1134,0,ok
21,1780657635829317694,1780657635829321400,1780657635829341477,1780657635829345240,3706,3763,28,3734,1,1,1,0,best-path-median,udp,1,528,0,264,0,264,0,6,14,12,6,112.914443,18,1134,1937,936,1656,3592,1134,0,ok
22,1780657635829430626,1780657635829434236,1780657635829454306,1780657635829458136,3610,3830,110,3720,1,1,1,0,best-path-median,udp,1,528,0,264,0,264,0,6,14,12,6,112.914443,18,1134,1937,936,1656,3592,1134,0,ok
23,1780657635829542839,1780657635829546444,1780657635829565557,1780657635829569339,3605,3782,88,3693,1,1,1,0,best-path-median,udp,1,528,0,264,0,264,0,6,14,12,6,112.914443,18,1134,1937,936,1656,3592,1134,0,ok
24,1780657635829654611,1780657635829658343,1780657635829677966,1780657635829681745,3732,3779,23,3755,1,1,1,0,best-path-median,udp,1,528,0,264,0,264,0,6,14,12,6,112.914443,18,1134,1937,936,1656,3592,1134,0,ok
25,1780657635829762556,1780657635829765883,1780657635829784339,1780657635829787841,3327,3502,87,3414,1,1,1,0,best-path-median,udp,1,528,0,264,0,264,0,6,14,12,6,112.914443,18,1134,1937,936,1656,3592,1134,0,ok
26,1780657635829865892,1780657635829869624,1780657635829887362,1780657635829890903,3732,3541,-95,3636,1,1,1,0,best-path-median,udp,1,528,0,264,0,264,0,6,14,12,6,112.914443,18,1134,1937,936,1656,3592,1134,0,ok
27,1780657635829972622,1780657635829976121,1780657635829994037,1780657635829997521,3499,3484,-7,3491,1,1,1,0,best-path-median,udp,1,528,0,264,0,264,0,6,14,12,6,112.914443,18,1134,1937,936,1656,3592,1134,0,ok
28,1780657635830077510,1780657635830080880,1780657635830099013,1780657635830102827,3370,3814,222,3592,1,1,1,0,best-path-median,udp,1,528,0,264,0,264,0,6,14,12,6,112.914443,18,1134,1937,936,1656,3592,1134,0,ok
29,1780657635830227028,1780657635830231238,1780657635830244683,1780657635830248589,4210,3906,-152,4058,1,1,1,0,best-path-median,udp,1,528,0,264,0,264,0,6,14,12,6,112.914443,18,1134,1937,936,1656,3592,1134,0,ok
30,1780657635830330641,1780657635830334027,1780657635830353904,1780657635830357404,3386,3500,57,3443,1,1,1,0,best-path-median,udp,1,528,0,264,0,264,0,6,14,12,6,112.914443,18,1134,1937,936,1656,3592,1134,0,ok
31,1780657635830451475,1780657635830454946,1780657635830473602,1780657635830477143,3471,3541,35,3506,1,1,1,0,best-path-median,udp,1,528,0,264,0,264,0,6,14,12,6,112.914443,18,1134,1937,936,1656,3592,1134,0,ok
32,1780657635830579250,1780657635830582479,1780657635830595730,1780657635830599284,3229,3554,162,3391,1,1,1,0,best-path-median,udp,1,528,0,264,0,264,0,6,14,12,6,112.914443,18,1134,1937,936,1656,3592,1134,0,ok
33,1780657635830672281,1780657635830675435,1780657635830692495,1780657635830695798,3154,3303,74,3228,1,1,1,0,best-path-median,udp,1,528,0,264,0,264,0,6,14,12,6,112.914443,18,1134,1937,936,1656,3592,1134,0,ok
34,1780657635830774558,1780657635830777714,1780657635830794403,1780657635830797643,3156,3240,42,3198,1,1,1,0,best-path-median,udp,1,528,0,264,0,264,0,6,14,12,6,112.914443,18,1134,1937,936,1656,3592,1134,0,ok
35,1780657635830870070,1780657635830873306,1780657635830890077,1780657635830893379,3236,3302,33,3269,1,1,1,0,best-path-median,udp,1,528,0,264,0,264,0,6,14,12,6,112.914443,18,1134,1937,936,1656,3592,1134,0,ok
36,1780657635830966159,1780657635830969316,1780657635830985908,1780657635830989091,3157,3183,13,3170,1,1,1,0,best-path-median,udp,1,528,0,264,0,264,0,6,14,12,6,112.914443,18,1134,1937,936,1656,3592,1134,0,ok
37,1780657635831061081,1780657635831064169,1780657635831081143,1780657635831084353,3088,3210,61,3149,1,1,1,0,best-path-median,udp,1,528,0,264,0,264,0,6,14,12,6,112.914443,18,1134,1937,936,1656,3592,1134,0,ok
38,1780657635831156849,1780657635831160326,1780657635831176956,1780657635831180169,3477,3213,-132,3345,1,1,1,0,best-path-median,udp,1,528,0,264,0,264,0,6,14,12,6,112.914443,18,1134,1937,936,1656,3592,1134,0,ok
39,1780657635831252781,1780657635831255879,1780657635831273304,1780657635831276734,3098,3430,166,3264,1,1,1,0,best-path-median,udp,1,528,0,264,0,264,0,6,14,12,6,112.914443,18,1134,1937,936,1656,3592,1134,0,ok
40,1780657635831348401,1780657635831351537,1780657635831368281,1780657635831371518,3136,3237,50,3186,1,1,1,0,best-path-median,udp,1,528,0,264,0,264,0,6,14,12,6,112.914443,18,1134,1937,936,1656,3592,1134,0,ok
41,1780657635831449193,1780657635831452415,1780657635831469577,1780657635831472824,3222,3247,12,3234,1,1,1,0,best-path-median,udp,1,528,0,264,0,264,0,6,14,12,6,112.914443,18,1134,1937,936,1656,3592,1134,0,ok
42,1780657635831544814,1780657635831548009,1780657635831564582,1780657635831567877,3195,3295,50,3245,1,1,1,0,best-path-median,udp,1,528,0,264,0,264,0,6,14,12,6,112.914443,18,1134,1937,936,1656,3592,1134,0,ok
43,1780657635831639874,1780657635831643121,1780657635831659766,1780657635831663314,3247,3548,150,3397,1,1,1,0,best-path-median,udp,1,528,0,264,0,264,0,6,14,12,6,112.914443,18,1134,1937,936,1656,3592,1134,0,ok
44,1780657635831735555,1780657635831738662,1780657635831757624,1780657635831760774,3107,3150,21,3128,1,1,1,0,best-path-median,udp,1,528,0,264,0,264,0,6,14,12,6,112.914443,18,1134,1937,936,1656,3592,1134,0,ok
45,1780657635831827670,1780657635831830606,1780657635831846239,1780657635831849256,2936,3017,40,2976,1,1,1,0,best-path-median,udp,1,528,0,264,0,264,0,6,14,12,6,112.914443,18,1134,1937,936,1656,3592,1134,0,ok
46,1780657635831916412,1780657635831919324,1780657635831935039,1780657635831938052,2912,3013,50,2962,1,1,1,0,best-path-median,udp,1,528,0,264,0,264,0,6,14,12,6,112.914443,18,1134,1937,936,1656,3592,1134,0,ok
47,1780657635832005090,1780657635832008075,1780657635832023878,1780657635832026929,2985,3051,33,3018,1,1,1,0,best-path-median,udp,1,528,0,264,0,264,0,6,14,12,6,112.914443,18,1134,1937,936,1656,3592,1134,0,ok
48,1780657635832093916,1780657635832096928,1780657635832112941,1780657635832115974,3012,3033,10,3022,1,1,1,0,best-path-median,udp,1,528,0,264,0,264,0,6,14,12,6,112.914443,18,1134,1937,936,1656,3592,1134,0,ok
49,1780657635832183511,1780657635832186438,1780657635832202063,1780657635832205094,2927,3031,52,2979,1,1,1,0,best-path-median,udp,1,528,0,264,0,264,0,6,14,12,6,112.914443,18,1134,1937,936,1656,3592,1134,0,ok
50,1780657635832271806,1780657635832275071,1780657635832290218,1780657635832293466,3265,3248,-8,3256,1,1,1,0,best-path-median,udp,1,528,0,264,0,264,0,6,14,12,6,112.914443,18,1134,1937,936,1656,3592,1134,0,ok
51,1780657635832360839,1780657635832363864,1780657635832379206,1780657635832382465,3025,3259,117,3142,1,1,1,0,best-path-median,udp,1,528,0,264,0,264,0,6,14,12,6,112.914443,18,1134,1937,936,1656,3592,1134,0,ok
52,1780657635832449938,1780657635832452885,1780657635832468764,1780657635832471790,2947,3026,39,2986,1,1,1,0,best-path-median,udp,1,528,0,264,0,264,0,6,14,12,6,112.914443,18,1134,1937,936,1656,3592,1134,0,ok
53,1780657635832540620,1780657635832543411,1780657635832558254,1780657635832561112,2791,2858,33,2824,1,1,1,0,best-path-median,udp,1,528,0,264,0,264,0,6,14,12,6,112.914443,18,1134,1937,936,1656,3592,1134,0,ok
54,1780657635832624515,1780657635832627268,1780657635832642115,1780657635832644961,2753,2846,46,2799,1,1,1,0,best-path-median,udp,1,528,0,264,0,264,0,6,14,12,6,112.914443,18,1134,1937,936,1656,3592,1134,0,ok
55,1780657635832708766,1780657635832711517,1780657635832726262,1780657635832729144,2751,2882,65,2816,1,1,1,0,best-path-median,udp,1,528,0,264,0,264,0,6,14,12,6,112.914443,18,1134,1937,936,1656,3592,1134,0,ok
56,1780657635832792559,1780657635832795339,1780657635832810216,1780657635832813067,2780,2851,35,2815,1,1,1,0,best-path-median,udp,1,528,0,264,0,264,0,6,14,12,6,112.914443,18,1134,1937,936,1656,3592,1134,0,ok
57,1780657635832882394,1780657635832885154,1780657635832897043,1780657635832899881,2760,2838,39,2799,1,1,1,0,best-path-median,udp,1,528,0,264,0,264,0,6,14,12,6,112.914443,18,1134,1937,936,1656,3592,1134,0,ok
58,1780657635832963048,1780657635832965831,1780657635832980890,1780657635832983720,2783,2830,23,2806,1,1,1,0,best-path-median,udp,1,528,0,264,0,264,0,6,14,12,6,112.914443,18,1134,1937,936,1656,3592,1134,0,ok
59,1780657635833047281,1780657635833050116,1780657635833064494,1780657635833067344,2835,2850,7,2842,1,1,1,0,best-path-median,udp,1,528,0,264,0,264,0,6,14,12,6,112.914443,18,1134,1937,936,1656,3592,1134,0,ok
60,1780657635833130977,1780657635833133752,1780657635833148716,1780657635833151544,2775,2828,26,2801,1,1,1,0,best-path-median,udp,1,528,0,264,0,264,0,6,14,12,6,112.914443,18,1134,1937,936,1656,3592,1134,0,ok
61,1780657635833215482,1780657635833218272,1780657635833232919,1780657635833235997,2790,3078,144,2934,1,1,1,0,best-path-median,udp,1,528,0,264,0,264,0,6,14,12,6,112.914443,18,1134,1937,936,1656,3592,1134,0,ok
62,1780657635833299679,1780657635833302704,1780657635833317417,1780657635833320309,3025,2892,-66,2958,1,1,1,0,best-path-median,udp,1,528,0,264,0,264,0,6,14,12,6,112.914443,18,1134,1937,936,1656,3592,1134,0,ok
63,1780657635833384254,1780657635833387143,1780657635833401467,1780657635833404319,2889,2852,-18,2870,1,1,1,0,best-path-median,udp,1,528,0,264,0,264,0,6,14,12,6,112.914443,18,1134,1937,936,1656,3592,1134,0,ok
64,1780657635833467660,1780657635833470437,1780657635833485035,1780657635833487940,2777,2905,64,2841,1,1,1,0,best-path-median,udp,1,528,0,264,0,264,0,6,14,12,6,112.914443,18,1134,1937,936,1656,3592,1134,0,ok
65,1780657635833551339,1780657635833554118,1780657635833568942,1780657635833571815,2779,2873,47,2826,1,1,1,0,best-path-median,udp,1,528,0,264,0,264,0,6,14,12,6,112.914443,18,1134,1937,936,1656,3592,1134,0,ok
66,1780657635833635503,1780657635833638256,1780657635833652722,1780657635833655559,2753,2837,42,2795,1,1,1,0,best-path-median,udp,1,528,0,264,0,264,0,6,14,12,6,112.914443,18,1134,1937,936,1656,3592,1134,0,ok
67,1780657635833720176,1780657635833722897,1780657635833737657,1780657635833740517,2721,2860,69,2790,1,1,1,0,best-path-median,udp,1,528,0,264,0,264,0,6,14,12,6,112.914443,18,1134,1937,936,1656,3592,1134,0,ok
68,1780657635833803916,1780657635833806642,1780657635833821316,1780657635833824327,2726,3011,142,2868,1,1,1,0,best-path-median,udp,1,528,0,264,0,264,0,6,14,12,6,112.914443,18,1134,1937,936,1656,3592,1134,0,ok
69,1780657635833888121,1780657635833890947,1780657635833906072,1780657635833908984,2826,2912,43,2869,1,1,1,0,best-path-median,udp,1,528,0,264,0,264,0,6,14,12,6,112.914443,18,1134,1937,936,1656,3592,1134,0,ok
70,1780657635833972686,1780657635833975402,1780657635833990012,1780657635833992807,2716,2795,39,2755,1,1,1,0,best-path-median,udp,1,528,0,264,0,264,0,6,14,12,6,112.914443,18,1134,1937,936,1656,3592,1134,0,ok
71,1780657635834056725,1780657635834059482,1780657635834074268,1780657635834077136,2757,2868,55,2812,1,1,1,0,best-path-median,udp,1,528,0,264,0,264,0,6,14,12,6,112.914443,18,1134,1937,936,1656,3592,1134,0,ok
72,1780657635834141373,1780657635834144261,1780657635834193661,1780657635834197720,2888,4059,585,3473,1,1,1,0,best-path-median,udp,1,528,0,264,0,264,0,6,14,12,6,112.914443,18,1134,1937,936,1656,3592,1134,0,ok
73,1780657635834261779,1780657635834264549,1780657635834279558,1780657635834282487,2770,2929,79,2849,1,1,1,0,best-path-median,udp,1,528,0,264,0,264,0,6,14,12,6,112.914443,18,1134,1937,936,1656,3592,1134,0,ok
74,1780657635834346331,1780657635834349318,1780657635834363587,1780657635834366400,2987,2813,-87,2900,1,1,1,0,best-path-median,udp,1,528,0,264,0,264,0,6,14,12,6,112.914443,18,1134,1937,936,1656,3592,1134,0,ok
75,1780657635834431521,1780657635834433989,1780657635834446906,1780657635834449407,2468,2501,16,2484,1,1,1,0,best-path-median,udp,1,528,0,264,0,264,0,6,14,12,6,112.914443,18,1134,1937,936,1656,3592,1134,0,ok
76,1780657635834553262,1780657635834557285,1780657635834565722,1780657635834568297,4023,2575,-724,3299,1,1,1,0,best-path-median,udp,1,528,0,264,0,264,0,6,14,12,6,112.914443,18,1134,1937,936,1656,3592,1134,0,ok
77,1780657635834639337,1780657635834641984,1780657635834653359,1780657635834655882,2647,2523,-62,2585,1,1,1,0,best-path-median,udp,1,528,0,264,0,264,0,6,14,12,6,112.914443,18,1134,1937,936,1656,3592,1134,0,ok
78,1780657635834712446,1780657635834714963,1780657635834727842,1780657635834730420,2517,2578,30,2547,1,1,1,0,best-path-median,udp,1,528,0,264,0,264,0,6,14,12,6,112.914443,18,1134,1937,936,1656,3592,1134,0,ok
79,1780657635834787231,1780657635834789688,1780657635834802440,1780657635834805020,2457,2580,61,2518,1,1,1,0,best-path-median,udp,1,528,0,264,0,264,0,6,14,12,6,112.914443,18,1134,1937,936,1656,3592,1134,0,ok
80,1780657635834861813,1780657635834864352,1780657635834880597,1780657635834883006,2539,2409,-65,2474,1,1,1,0,best-path-median,udp,1,528,0,264,0,264,0,6,14,12,6,112.914443,18,1134,1937,936,1656,3592,1134,0,ok
81,1780657635834939279,1780657635834941633,1780657635834951245,1780657635834953644,2354,2399,22,2376,1,1,1,0,best-path-median,udp,1,528,0,264,0,264,0,6,14,12,6,112.914443,18,1134,1937,936,1656,3592,1134,0,ok
82,1780657635835007617,1780657635835010031,1780657635835022282,1780657635835024679,2414,2397,-8,2405,1,1,1,0,best-path-median,udp,1,528,0,264,0,264,0,6,14,12,6,112.914443,18,1134,1937,936,1656,3592,1134,0,ok
83,1780657635835077790,1780657635835080155,1780657635835092563,1780657635835095131,2365,2568,101,2466,1,1,1,0,best-path-median,udp,1,528,0,264,0,264,0,6,14,12,6,112.914443,18,1134,1937,936,1656,3592,1134,0,ok
84,1780657635835148887,1780657635835151299,1780657635835163623,1780657635835166101,2412,2478,33,2445,1,1,1,0,best-path-median,udp,1,528,0,264,0,264,0,6,14,12,6,112.914443,18,1134,1937,936,1656,3592,1134,0,ok
85,1780657635835219641,1780657635835221984,1780657635835234021,1780657635835236458,2343,2437,47,2390,1,1,1,0,best-path-median,udp,1,528,0,264,0,264,0,6,14,12,6,112.914443,18,1134,1937,936,1656,3592,1134,0,ok
86,1780657635835290177,1780657635835292791,1780657635835304791,1780657635835307188,2614,2397,-108,2505,1,1,1,0,best-path-median,udp,1,528,0,264,0,264,0,6,14,12,6,112.914443,18,1134,1937,936,1656,3592,1134,0,ok
87,1780657635835360573,1780657635835362933,1780657635835375043,1780657635835377406,2360,2363,1,2361,1,1,1,0,best-path-median,udp,1,528,0,264,0,264,0,6,14,12,6,112.914443,18,1134,1937,936,1656,3592,1134,0,ok
88,1780657635835430860,1780657635835433324,1780657635835445318,1780657635835447709,2464,2391,-36,2427,1,1,1,0,best-path-median,udp,1,528,0,264,0,264,0,6,14,12,6,112.914443,18,1134,1937,936,1656,3592,1134,0,ok
89,1780657635835508044,1780657635835510431,1780657635835527513,1780657635835529914,2387,2401,7,2394,1,1,1,0,best-path-median,udp,1,528,0,264,0,264,0,6,14,12,6,112.914443,18,1134,1937,936,1656,3592,1134,0,ok
90,1780657635835583629,1780657635835586016,1780657635835598038,1780657635835600448,2387,2410,11,2398,1,1,1,0,best-path-median,udp,1,528,0,264,0,264,0,6,14,12,6,112.914443,18,1134,1937,936,1656,3592,1134,0,ok
91,1780657635835654020,1780657635835656431,1780657635835668161,1780657635835670586,2411,2425,7,2418,1,1,1,0,best-path-median,udp,1,528,0,264,0,264,0,6,14,12,6,112.914443,18,1134,1937,936,1656,3592,1134,0,ok
92,1780657635835726447,1780657635835728581,1780657635835739344,1780657635835741550,2134,2206,36,2170,1,1,1,0,best-path-median,udp,1,528,0,264,0,264,0,6,14,12,6,112.914443,18,1134,1937,936,1656,3592,1134,0,ok
93,1780657635835790216,1780657635835792377,1780657635835803314,1780657635835805652,2161,2338,88,2249,1,1,1,0,best-path-median,udp,1,528,0,264,0,264,0,6,14,12,6,112.914443,18,1134,1937,936,1656,3592,1134,0,ok
94,1780657635835854079,1780657635835856208,1780657635835866971,1780657635835869373,2129,2402,136,2265,1,1,1,0,best-path-median,udp,1,528,0,264,0,264,0,6,14,12,6,112.914443,18,1134,1937,936,1656,3592,1134,0,ok
95,1780657635835918394,1780657635835920538,1780657635835931289,1780657635835933502,2144,2213,34,2178,1,1,1,0,best-path-median,udp,1,528,0,264,0,264,0,6,14,12,6,112.914443,18,1134,1937,936,1656,3592,1134,0,ok
96,1780657635835982324,1780657635835984497,1780657635835995170,1780657635835997407,2173,2237,32,2205,1,1,1,0,best-path-median,udp,1,528,0,264,0,264,0,6,14,12,6,112.914443,18,1134,1937,936,1656,3592,1134,0,ok
97,1780657635836046351,1780657635836048458,1780657635836059184,1780657635836061368,2107,2184,38,2145,1,1,1,0,best-path-median,udp,1,528,0,264,0,264,0,6,14,12,6,112.914443,18,1134,1937,936,1656,3592,1134,0,ok
98,1780657635836110074,1780657635836112328,1780657635836123097,1780657635836125274,2254,2177,-38,2215,1,1,1,0,best-path-median,udp,1,528,0,264,0,264,0,6,14,12,6,112.914443,18,1134,1937,936,1656,3592,1134,0,ok
99,1780657635836174077,1780657635836176240,1780657635836187259,1780657635836189459,2163,2200,18,2181,1,1,1,0,best-path-median,udp,1,528,0,264,0,264,0,6,14,12,6,112.914443,18,1134,1937,936,1656,3592,1134,0,ok
100,1780657635836238141,1780657635836240281,1780657635836251114,1780657635836253330,2140,2216,38,2178,1,1,1,0,best-path-median,udp,1,528,0,264,0,264,0,6,14,12,6,112.914443,18,1134,1937,936,1656,3592,1134,0,ok
101,1780657635836302529,1780657635836304677,1780657635836315628,1780657635836317884,2148,2256,54,2202,1,1,1,0,best-path-median,udp,1,528,0,264,0,264,0,6,14,12,6,112.914443,18,1134,1937,936,1656,3592,1134,0,ok
102,1780657635836366933,1780657635836369042,1780657635836379860,1780657635836382047,2109,2187,39,2148,1,1,1,0,best-path-median,udp,1,528,0,264,0,264,0,6,14,12,6,112.914443,18,1134,1937,936,1656,3592,1134,0,ok
103,1780657635836431129,1780657635836433270,1780657635836444079,1780657635836446268,2141,2189,24,2165,1,1,1,0,best-path-median,udp,1,528,0,264,0,264,0,6,14,12,6,112.914443,18,1134,1937,936,1656,3592,1134,0,ok
104,1780657635836495611,1780657635836497739,1780657635836508679,1780657635836510865,2128,2186,29,2157,1,1,1,0,best-path-median,udp,1,528,0,264,0,264,0,6,14,12,6,112.914443,18,1134,1937,936,1656,3592,1134,0,ok
105,1780657635836560053,1780657635836562190,1780657635836572783,1780657635836575151,2137,2368,115,2252,1,1,1,0,best-path-median,udp,1,528,0,264,0,264,0,6,14,12,6,112.914443,18,1134,1937,936,1656,3592,1134,0,ok
106,1780657635836623945,1780657635836626085,1780657635836640216,1780657635836642203,2140,1987,-76,2063,1,1,1,0,best-path-median,udp,1,528,0,264,0,264,0,6,14,12,6,112.914443,18,1134,1937,936,1656,3592,1134,0,ok
107,1780657635836685023,1780657635836686932,1780657635836696297,1780657635836698199,1909,1902,-3,1905,1,1,1,0,best-path-median,udp,1,528,0,264,0,264,0,6,14,12,6,112.914443,18,1134,1937,936,1656,3592,1134,0,ok
108,1780657635836741092,1780657635836743027,1780657635836752276,1780657635836754188,1935,1912,-11,1923,1,1,1,0,best-path-median,udp,1,528,0,264,0,264,0,6,14,12,6,112.914443,18,1134,1937,936,1656,3592,1134,0,ok
109,1780657635836797062,1780657635836798946,1780657635836808230,1780657635836810142,1884,1912,14,1898,1,1,1,0,best-path-median,udp,1,528,0,264,0,264,0,6,14,12,6,112.914443,18,1134,1937,936,1656,3592,1134,0,ok
110,1780657635836852825,1780657635836854789,1780657635836864001,1780657635836865913,1964,1912,-26,1938,1,1,1,0,best-path-median,udp,1,528,0,264,0,264,0,6,14,12,6,112.914443,18,1134,1937,936,1656,3592,1134,0,ok
111,1780657635836908633,1780657635836910505,1780657635836919705,1780657635836921631,1872,1926,27,1899,1,1,1,0,best-path-median,udp,1,528,0,264,0,264,0,6,14,12,6,112.914443,18,1134,1937,936,1656,3592,1134,0,ok
112,1780657635836964482,1780657635836966361,1780657635836975626,1780657635836977545,1879,1919,20,1899,1,1,1,0,best-path-median,udp,1,528,0,264,0,264,0,6,14,12,6,112.914443,18,1134,1937,936,1656,3592,1134,0,ok
113,1780657635837025570,1780657635837027456,1780657635837036652,1780657635837038549,1886,1897,5,1891,1,1,1,0,best-path-median,udp,1,528,0,264,0,264,0,6,14,12,6,112.914443,18,1134,1937,936,1656,3592,1134,0,ok
114,1780657635837081483,1780657635837083336,1780657635837092811,1780657635837094735,1853,1924,35,1888,1,1,1,0,best-path-median,udp,1,528,0,264,0,264,0,6,14,12,6,112.914443,18,1134,1937,936,1656,3592,1134,0,ok
115,1780657635837137358,1780657635837139259,1780657635837148505,1780657635837150412,1901,1907,3,1904,1,1,1,0,best-path-median,udp,1,528,0,264,0,264,0,6,14,12,6,112.914443,18,1134,1937,936,1656,3592,1134,0,ok
116,1780657635837192044,1780657635837193983,1780657635837203314,1780657635837205361,1939,2047,54,1993,1,1,1,0,best-path-median,udp,1,528,0,264,0,264,0,6,14,12,6,112.914443,18,1134,1937,936,1656,3592,1134,0,ok
117,1780657635837248288,1780657635837250146,1780657635837259571,1780657635837261479,1858,1908,25,1883,1,1,1,0,best-path-median,udp,1,528,0,264,0,264,0,6,14,12,6,112.914443,18,1134,1937,936,1656,3592,1134,0,ok
118,1780657635837304482,1780657635837306433,1780657635837315876,1780657635837317888,1951,2012,30,1981,1,1,1,0,best-path-median,udp,1,528,0,264,0,264,0,6,14,12,6,112.914443,18,1134,1937,936,1656,3592,1134,0,ok
119,1780657635837360716,1780657635837362568,1780657635837372012,1780657635837373898,1852,1886,17,1869,1,1,1,0,best-path-median,udp,1,528,0,264,0,264,0,6,14,12,6,112.914443,18,1134,1937,936,1656,3592,1134,0,ok
120,1780657635837417130,1780657635837419067,1780657635837428540,1780657635837430449,1937,1909,-14,1923,1,1,1,0,best-path-median,udp,1,528,0,264,0,264,0,6,14,12,6,112.914443,18,1134,1937,936,1656,3592,1134,0,ok
121,1780657635837473150,1780657635837474999,1780657635837484505,1780657635837486433,1849,1928,39,1888,1,1,1,0,best-path-median,udp,1,528,0,264,0,264,0,6,14,12,6,112.914443,18,1134,1937,936,1656,3592,1134,0,ok
122,1780657635837529248,1780657635837531266,1780657635837540722,1780657635837542666,2018,1944,-37,1981,1,1,1,0,best-path-median,udp,1,528,0,264,0,264,0,6,14,12,6,112.914443,18,1134,1937,936,1656,3592,1134,0,ok
123,1780657635837585294,1780657635837587170,1780657635837596873,1780657635837598810,1876,1937,30,1906,1,1,1,0,best-path-median,udp,1,528,0,264,0,264,0,6,14,12,6,112.914443,18,1134,1937,936,1656,3592,1134,0,ok
124,1780657635837643144,1780657635837644838,1780657635837652936,1780657635837654569,1694,1633,-30,1663,1,1,1,0,best-path-median,udp,1,528,0,264,0,264,0,6,14,12,6,112.914443,18,1134,1937,936,1656,3592,1134,0,ok
125,1780657635837691159,1780657635837692780,1780657635837700906,1780657635837702539,1621,1633,6,1627,1,1,1,1,best-path-median,udp,1,528,0,264,0,264,0,6,14,12,6,112.914443,18,1134,1937,936,1656,3592,1134,0,ok
126,1780657635837739189,1780657635837740886,1780657635837748910,1780657635837750552,1697,1642,-27,1669,1,1,1,0,best-path-median,udp,1,528,0,264,0,264,0,6,14,12,6,112.914443,18,1134,1937,936,1656,3592,1134,0,ok
127,1780657635837786896,1780657635837788498,1780657635837796763,1780657635837798502,1602,1739,68,1670,1,1,1,0,best-path-median,udp,1,528,0,264,0,264,0,6,14,12,6,112.914443,18,1134,1937,936,1656,3592,1134,0,ok
128,1780657635837835843,1780657635837837493,1780657635837846137,1780657635837847793,1650,1656,3,1653,1,1,1,1,best-path-median,udp,1,528,0,264,0,264,0,6,14,12,6,112.914443,18,1134,1937,936,1656,3592,1134,0,ok
129,1780657635837884512,1780657635837886161,1780657635837894467,1780657635837896100,1649,1633,-8,1641,1,1,1,1,best-path-median,udp,1,528,0,264,0,264,0,6,14,12,6,112.914443,18,1134,1937,936,1656,3592,1134,0,ok
130,1780657635837932781,1780657635837934451,1780657635837942444,1780657635837944119,1670,1675,2,1672,1,1,1,0,best-path-median,udp,1,528,0,264,0,264,0,6,14,12,6,112.914443,18,1134,1937,936,1656,3592,1134,0,ok
131,1780657635837980669,1780657635837982315,1780657635837990678,1780657635837992311,1646,1633,-6,1639,1,1,1,1,best-path-median,udp,1,528,0,264,0,264,0,6,14,12,6,112.914443,18,1134,1937,936,1656,3592,1134,0,ok
132,1780657635838028945,1780657635838030597,1780657635838038729,1780657635838040373,1652,1644,-4,1648,1,1,1,1,best-path-median,udp,1,528,0,264,0,264,0,6,14,12,6,112.914443,18,1134,1937,936,1656,3592,1134,0,ok
133,1780657635838077458,1780657635838079075,1780657635838087189,1780657635838088821,1617,1632,7,1624,1,1,1,1,best-path-median,udp,1,528,0,264,0,264,0,6,14,12,6,112.914443,18,1134,1937,936,1656,3592,1134,0,ok
134,1780657635838125387,1780657635838127108,1780657635838135110,1780657635838136752,1721,1642,-39,1681,1,1,1,0,best-path-median,udp,1,528,0,264,0,264,0,6,14,12,6,112.914443,18,1134,1937,936,1656,3592,1134,0,ok
135,1780657635838176121,1780657635838177747,1780657635838185897,1780657635838187526,1626,1629,1,1627,1,1,1,1,best-path-median,udp,1,528,0,264,0,264,0,6,14,12,6,112.914443,18,1134,1937,936,1656,3592,1134,0,ok
136,1780657635838225056,1780657635838226732,1780657635838234805,1780657635838236456,1676,1651,-12,1663,1,1,1,0,best-path-median,udp,1,528,0,264,0,264,0,6,14,12,6,112.914443,18,1134,1937,936,1656,3592,1134,0,ok
137,1780657635838273641,1780657635838275273,1780657635838283467,1780657635838285116,1632,1649,8,1640,1,1,1,1,best-path-median,udp,1,528,0,264,0,264,0,6,14,12,6,112.914443,18,1134,1937,936,1656,3592,1134,0,ok
138,1780657635838322108,1780657635838323789,1780657635838336678,1780657635838338430,1681,1752,35,1716,1,1,1,0,best-path-median,udp,1,528,0,264,0,264,0,6,14,12,6,112.914443,18,1134,1937,936,1656,3592,1134,0,ok
139,1780657635838374881,1780657635838376493,1780657635838384599,1780657635838386358,1612,1759,73,1685,1,1,1,0,best-path-median,udp,1,528,0,264,0,264,0,6,14,12,6,112.914443,18,1134,1937,936,1656,3592,1134,0,ok
140,1780657635838422448,1780657635838424086,1780657635838432476,1780657635838434150,1638,1674,18,1656,1,1,1,1,best-path-median,udp,1,528,0,264,0,264,0,6,14,12,6,112.914443,18,1134,1937,936,1656,3592,1134,0,ok
141,1780657635838475283,1780657635838476934,1780657635838485051,1780657635838486702,1651,1651,0,1651,1,1,1,1,best-path-median,udp,1,528,0,264,0,264,0,6,14,12,6,112.914443,18,1134,1937,936,1656,3592,1134,0,ok
142,1780657635838523072,1780657635838524704,1780657635838532800,1780657635838534467,1632,1667,17,1649,1,1,1,1,best-path-median,udp,1,528,0,264,0,264,0,6,14,12,6,112.914443,18,1134,1937,936,1656,3592,1134,0,ok
143,1780657635838570407,1780657635838572042,1780657635838580179,1780657635838581955,1635,1776,70,1705,1,1,1,0,best-path-median,udp,1,528,0,264,0,264,0,6,14,12,6,112.914443,18,1134,1937,936,1656,3592,1134,0,ok
144,1780657635838618453,1780657635838620136,1780657635838628178,1780657635838629875,1683,1697,7,1690,1,1,1,0,best-path-median,udp,1,528,0,264,0,264,0,6,14,12,6,112.914443,18,1134,1937,936,1656,3592,1134,0,ok
145,1780657635838666315,1780657635838667947,1780657635838676035,1780657635838677693,1632,1658,13,1645,1,1,1,1,best-path-median,udp,1,528,0,264,0,264,0,6,14,12,6,112.914443,18,1134,1937,936,1656,3592,1134,0,ok
146,1780657635838713735,1780657635838715458,1780657635838723551,1780657635838725218,1723,1667,-28,1695,1,1,1,0,best-path-median,udp,1,528,0,264,0,264,0,6,14,12,6,112.914443,18,1134,1937,936,1656,3592,1134,0,ok
147,1780657635838761532,1780657635838763162,1780657635838771236,1780657635838772877,1630,1641,5,1635,1,1,1,1,best-path-median,udp,1,528,0,264,0,264,0,6,14,12,6,112.914443,18,1134,1937,936,1656,3592,1134,0,ok
148,1780657635838812731,1780657635838814437,1780657635838822283,1780657635838823927,1706,1644,-31,1675,1,1,1,0,best-path-median,udp,1,528,0,264,0,264,0,6,14,12,6,112.914443,18,1134,1937,936,1656,3592,1134,0,ok
149,1780657635838860319,1780657635838861931,1780657635838870064,1780657635838871797,1612,1733,60,1672,1,1,1,0,best-path-median,udp,1,528,0,264,0,264,0,6,14,12,6,112.914443,18,1134,1937,936,1656,3592,1134,0,ok
150,1780657635838907925,1780657635838909588,1780657635838917575,1780657635838919260,1663,1685,11,1674,1,1,1,0,best-path-median,udp,1,528,0,264,0,264,0,6,14,12,6,112.914443,18,1134,1937,936,1656,3592,1134,0,ok
151,1780657635838953130,1780657635838954494,1780657635838961045,1780657635838962420,1364,1375,5,1369,1,1,1,1,best-path-median,udp,1,528,0,264,0,264,0,6,14,12,6,112.914443,18,1134,1937,936,1656,3592,1134,0,ok
152,1780657635838992302,1780657635838993689,1780657635839000222,1780657635839001592,1387,1370,-8,1378,1,1,1,1,best-path-median,udp,1,528,0,264,0,264,0,6,14,12,6,112.914443,18,1134,1937,936,1656,3592,1134,0,ok
153,1780657635839031273,1780657635839032664,1780657635839039222,1780657635839040579,1391,1357,-17,1374,1,1,1,1,best-path-median,udp,1,528,0,264,0,264,0,6,14,12,6,112.914443,18,1134,1937,936,1656,3592,1134,0,ok
154,1780657635839070337,1780657635839071697,1780657635839078258,1780657635839079621,1360,1363,1,1361,1,1,1,1,best-path-median,udp,1,528,0,264,0,264,0,6,14,12,6,112.914443,18,1134,1937,936,1656,3592,1134,0,ok
155,1780657635839109421,1780657635839110789,1780657635839117364,1780657635839118772,1368,1408,20,1388,1,1,1,1,best-path-median,udp,1,528,0,264,0,264,0,6,14,12,6,112.914443,18,1134,1937,936,1656,3592,1134,0,ok
156,1780657635839148777,1780657635839150201,1780657635839156742,1780657635839158109,1424,1367,-28,1395,1,1,1,1,best-path-median,udp,1,528,0,264,0,264,0,6,14,12,6,112.914443,18,1134,1937,936,1656,3592,1134,0,ok
157,1780657635839187693,1780657635839189016,1780657635839195686,1780657635839197052,1323,1366,21,1344,1,1,1,1,best-path-median,udp,1,528,0,264,0,264,0,6,14,12,6,112.914443,18,1134,1937,936,1656,3592,1134,0,ok
158,1780657635839226791,1780657635839228225,1780657635839234927,1780657635839236301,1434,1374,-30,1404,1,1,1,1,best-path-median,udp,1,528,0,264,0,264,0,6,14,12,6,112.914443,18,1134,1937,936,1656,3592,1134,0,ok
159,1780657635839266315,1780657635839267678,1780657635839274193,1780657635839275557,1363,1364,0,1363,1,1,1,1,best-path-median,udp,1,528,0,264,0,264,0,6,14,12,6,112.914443,18,1134,1937,936,1656,3592,1134,0,ok
160,1780657635839305340,1780657635839306742,1780657635839313209,1780657635839314647,1402,1438,18,1420,1,1,1,1,best-path-median,udp,1,528,0,264,0,264,0,6,14,12,6,112.914443,18,1134,1937,936,1656,3592,1134,0,ok
161,1780657635839344551,1780657635839345885,1780657635839352448,1780657635839353825,1334,1377,21,1355,1,1,1,1,best-path-median,udp,1,528,0,264,0,264,0,6,14,12,6,112.914443,18,1134,1937,936,1656,3592,1134,0,ok
162,1780657635839383486,1780657635839384863,1780657635839391438,1780657635839392808,1377,1370,-3,1373,1,1,1,1,best-path-median,udp,1,528,0,264,0,264,0,6,14,12,6,112.914443,18,1134,1937,936,1656,3592,1134,0,ok
163,1780657635839422505,1780657635839423880,1780657635839430509,1780657635839431874,1375,1365,-5,1370,1,1,1,1,best-path-median,udp,1,528,0,264,0,264,0,6,14,12,6,112.914443,18,1134,1937,936,1656,3592,1134,0,ok
164,1780657635839461497,1780657635839462852,1780657635839469513,1780657635839470888,1355,1375,10,1365,1,1,1,1,best-path-median,udp,1,528,0,264,0,264,0,6,14,12,6,112.914443,18,1134,1937,936,1656,3592,1134,0,ok
165,1780657635839500623,1780657635839501955,1780657635839508592,1780657635839509993,1332,1401,34,1366,1,1,1,1,best-path-median,udp,1,528,0,264,0,264,0,6,14,12,6,112.914443,18,1134,1937,936,1656,3592,1134,0,ok
166,1780657635839539655,1780657635839541037,1780657635839547666,1780657635839549070,1382,1404,11,1393,1,1,1,1,best-path-median,udp,1,528,0,264,0,264,0,6,14,12,6,112.914443,18,1134,1937,936,1656,3592,1134,0,ok
167,1780657635839578697,1780657635839580074,1780657635839586677,1780657635839588054,1377,1377,0,1377,1,1,1,1,best-path-median,udp,1,528,0,264,0,264,0,6,14,12,6,112.914443,18,1134,1937,936,1656,3592,1134,0,ok
168,1780657635839617670,1780657635839619079,1780657635839625664,1780657635839627131,1409,1467,29,1438,1,1,1,1,best-path-median,udp,1,528,0,264,0,264,0,6,14,12,6,112.914443,18,1134,1937,936,1656,3592,1134,0,ok
169,1780657635839657014,1780657635839658367,1780657635839664925,1780657635839666320,1353,1395,21,1374,1,1,1,1,best-path-median,udp,1,528,0,264,0,264,0,6,14,12,6,112.914443,18,1134,1937,936,1656,3592,1134,0,ok
170,1780657635839696096,1780657635839697563,1780657635839704041,1780657635839705408,1467,1367,-50,1417,1,1,1,1,best-path-median,udp,1,528,0,264,0,264,0,6,14,12,6,112.914443,18,1134,1937,936,1656,3592,1134,0,ok
171,1780657635839734888,1780657635839736249,1780657635839742913,1780657635839744342,1361,1429,34,1395,1,1,1,1,best-path-median,udp,1,528,0,264,0,264,0,6,14,12,6,112.914443,18,1134,1937,936,1656,3592,1134,0,ok
172,1780657635839774205,1780657635839775570,1780657635839782155,1780657635839783546,1365,1391,13,1378,1,1,1,1,best-path-median,udp,1,528,0,264,0,264,0,6,14,12,6,112.914443,18,1134,1937,936,1656,3592,1134,0,ok
173,1780657635839813143,1780657635839814481,1780657635839821086,1780657635839822474,1338,1388,25,1363,1,1,1,1,best-path-median,udp,1,528,0,264,0,264,0,6,14,12,6,112.914443,18,1134,1937,936,1656,3592,1134,0,ok
174,1780657635839852129,1780657635839853511,1780657635839860135,1780657635839861553,1382,1418,18,1400,1,1,1,1,best-path-median,udp,1,528,0,264,0,264,0,6,14,12,6,112.914443,18,1134,1937,936,1656,3592,1134,0,ok
175,1780657635839891145,1780657635839892488,1780657635839899099,1780657635839900482,1343,1383,20,1363,1,1,1,1,best-path-median,udp,1,528,0,264,0,264,0,6,14,12,6,112.914443,18,1134,1937,936,1656,3592,1134,0,ok
176,1780657635839930117,1780657635839931465,1780657635839938021,1780657635839939388,1348,1367,9,1357,1,1,1,1,best-path-median,udp,1,528,0,264,0,264,0,6,14,12,6,112.914443,18,1134,1937,936,1656,3592,1134,0,ok
177,1780657635839969524,1780657635839970862,1780657635839977454,1780657635839978835,1338,1381,21,1359,1,1,1,1,best-path-median,udp,1,528,0,264,0,264,0,6,14,12,6,112.914443,18,1134,1937,936,1656,3592,1134,0,ok
178,1780657635840008540,1780657635840009914,1780657635840016498,1780657635840017883,1374,1385,5,1379,1,1,1,1,best-path-median,udp,1,528,0,264,0,264,0,6,14,12,6,112.914443,18,1134,1937,936,1656,3592,1134,0,ok
179,1780657635840047340,1780657635840048726,1780657635840055228,1780657635840056593,1386,1365,-10,1375,1,1,1,1,best-path-median,udp,1,528,0,264,0,264,0,6,14,12,6,112.914443,18,1134,1937,936,1656,3592,1134,0,ok
180,1780657635840086318,1780657635840087741,1780657635840094204,1780657635840095597,1423,1393,-15,1408,1,1,1,1,best-path-median,udp,1,528,0,264,0,264,0,6,14,12,6,112.914443,18,1134,1937,936,1656,3592,1134,0,ok
181,1780657635840125187,1780657635840126557,1780657635840133005,1780657635840134413,1370,1408,19,1389,1,1,1,1,best-path-median,udp,1,528,0,264,0,264,0,6,14,12,6,112.914443,18,1134,1937,936,1656,3592,1134,0,ok
182,1780657635840163949,1780657635840165375,1780657635840171875,1780657635840173335,1426,1460,17,1443,1,1,1,1,best-path-median,udp,1,528,0,264,0,264,0,6,14,12,6,112.914443,18,1134,1937,936,1656,3592,1134,0,ok
183,1780657635840203293,1780657635840204646,1780657635840211191,1780657635840212613,1353,1422,34,1387,1,1,1,1,best-path-median,udp,1,528,0,264,0,264,0,6,14,12,6,112.914443,18,1134,1937,936,1656,3592,1134,0,ok
184,1780657635840242346,1780657635840243708,1780657635840250071,1780657635840251448,1362,1377,7,1369,1,1,1,1,best-path-median,udp,1,528,0,264,0,264,0,6,14,12,6,112.914443,18,1134,1937,936,1656,3592,1134,0,ok
185,1780657635840281180,1780657635840282513,1780657635840289208,1780657635840290565,1333,1357,12,1345,1,1,1,1,best-path-median,udp,1,528,0,264,0,264,0,6,14,12,6,112.914443,18,1134,1937,936,1656,3592,1134,0,ok
186,1780657635840320254,1780657635840321656,1780657635840328161,1780657635840329535,1402,1374,-14,1388,1,1,1,1,best-path-median,udp,1,528,0,264,0,264,0,6,14,12,6,112.914443,18,1134,1937,936,1656,3592,1134,0,ok
187,1780657635840359180,1780657635840360534,1780657635840367048,1780657635840368404,1354,1356,1,1355,1,1,1,1,best-path-median,udp,1,528,0,264,0,264,0,6,14,12,6,112.914443,18,1134,1937,936,1656,3592,1134,0,ok
188,1780657635840398104,1780657635840401962,1780657635840408185,1780657635840409535,3858,1350,-1254,2604,1,1,1,0,best-path-median,udp,1,528,0,264,0,264,0,6,14,12,6,112.914443,18,1134,1937,936,1656,3592,1134,0,ok
189,1780657635840434954,1780657635840436055,1780657635840441532,1780657635840442639,1101,1107,3,1104,1,1,1,1,best-path-median,udp,1,528,0,264,0,264,0,6,14,12,6,112.914443,18,1134,1937,936,1656,3592,1134,0,ok
190,1780657635840466829,1780657635840467946,1780657635840473259,1780657635840474362,1117,1103,-7,1110,1,1,1,1,best-path-median,udp,1,528,0,264,0,264,0,6,14,12,6,112.914443,18,1134,1937,936,1656,3592,1134,0,ok
191,1780657635840498611,1780657635840499696,1780657635840505159,1780657635840506268,1085,1109,12,1097,1,1,1,1,best-path-median,udp,1,528,0,264,0,264,0,6,14,12,6,112.914443,18,1134,1937,936,1656,3592,1134,0,ok
192,1780657635840530941,1780657635840532059,1780657635840537421,1780657635840538538,1118,1117,0,1117,1,1,1,1,best-path-median,udp,1,528,0,264,0,264,0,6,14,12,6,112.914443,18,1134,1937,936,1656,3592,1134,0,ok
193,1780657635840562867,1780657635840563963,1780657635840569349,1780657635840570583,1096,1234,69,1165,1,1,1,1,best-path-median,udp,1,528,0,264,0,264,0,6,14,12,6,112.914443,18,1134,1937,936,1656,3592,1134,0,ok
194,1780657635840594689,1780657635840595875,1780657635840601150,1780657635840602337,1186,1187,0,1186,1,1,1,1,best-path-median,udp,1,528,0,264,0,264,0,6,14,12,6,112.914443,18,1134,1937,936,1656,3592,1134,0,ok
195,1780657635840626667,1780657635840627751,1780657635840633424,1780657635840634529,1084,1105,10,1094,1,1,1,1,best-path-median,udp,1,528,0,264,0,264,0,6,14,12,6,112.914443,18,1134,1937,936,1656,3592,1134,0,ok
196,1780657635840658660,1780657635840659771,1780657635840665163,1780657635840666271,1111,1108,-1,1109,1,1,1,1,best-path-median,udp,1,528,0,264,0,264,0,6,14,12,6,112.914443,18,1134,1937,936,1656,3592,1134,0,ok
197,1780657635840690637,1780657635840691731,1780657635840697165,1780657635840698277,1094,1112,9,1103,1,1,1,1,best-path-median,udp,1,528,0,264,0,264,0,6,14,12,6,112.914443,18,1134,1937,936,1656,3592,1134,0,ok
198,1780657635840722447,1780657635840723562,1780657635840729082,1780657635840730211,1115,1129,7,1122,1,1,1,1,best-path-median,udp,1,528,0,264,0,264,0,6,14,12,6,112.914443,18,1134,1937,936,1656,3592,1134,0,ok
199,1780657635840754314,1780657635840755404,1780657635840760735,1780657635840761847,1090,1112,11,1101,1,1,1,1,best-path-median,udp,1,528,0,264,0,264,0,6,14,12,6,112.914443,18,1134,1937,936,1656,3592,1134,0,ok
200,1780657635840786117,1780657635840787210,1780657635840792572,1780657635840793672,1093,1100,3,1096,1,1,1,1,best-path-median,udp,1,528,0,264,0,264,0,6,14,12,6,112.914443,18,1134,1937,936,1656,3592,1134,0,ok
201,1780657635840817736,1780657635840818826,1780657635840824262,1780657635840825378,1090,1116,13,1103,1,1,1,1,best-path-median,udp,1,528,0,264,0,264,0,6,14,12,6,112.914443,18,1134,1937,936,1656,3592,1134,0,ok
202,1780657635840849535,1780657635840850658,1780657635840856091,1780657635840857196,1123,1105,-9,1114,1,1,1,1,best-path-median,udp,1,528,0,264,0,264,0,6,14,12,6,112.914443,18,1134,1937,936,1656,3592,1134,0,ok
203,1780657635840881424,1780657635840882524,1780657635840887862,1780657635840888978,1100,1116,8,1108,1,1,1,1,best-path-median,udp,1,528,0,264,0,264,0,6,14,12,6,112.914443,18,1134,1937,936,1656,3592,1134,0,ok
204,1780657635840913424,1780657635840914579,1780657635840919898,1780657635840921104,1155,1206,25,1180,1,1,1,1,best-path-median,udp,1,528,0,264,0,264,0,6,14,12,6,112.914443,18,1134,1937,936,1656,3592,1134,0,ok
205,1780657635840945389,1780657635840946507,1780657635840951940,1780657635840953055,1118,1115,-1,1116,1,1,1,1,best-path-median,udp,1,528,0,264,0,264,0,6,14,12,6,112.914443,18,1134,1937,936,1656,3592,1134,0,ok
206,1780657635840977419,1780657635840978614,1780657635840983891,1780657635840985001,1195,1110,-42,1152,1,1,1,1,best-path-median,udp,1,528,0,264,0,264,0,6,14,12,6,112.914443,18,1134,1937,936,1656,3592,1134,0,ok
207,1780657635841009331,1780657635841010435,1780657635841015807,1780657635841016915,1104,1108,2,1106,1,1,1,1,best-path-median,udp,1,528,0,264,0,264,0,6,14,12,6,112.914443,18,1134,1937,936,1656,3592,1134,0,ok
208,1780657635841041203,1780657635841042314,1780657635841047650,1780657635841048765,1111,1115,2,1113,1,1,1,1,best-path-median,udp,1,528,0,264,0,264,0,6,14,12,6,112.914443,18,1134,1937,936,1656,3592,1134,0,ok
209,1780657635841073212,1780657635841074316,1780657635841079797,1780657635841080922,1104,1125,10,1114,1,1,1,1,best-path-median,udp,1,528,0,264,0,264,0,6,14,12,6,112.914443,18,1134,1937,936,1656,3592,1134,0,ok
210,1780657635841105078,1780657635841106195,1780657635841111482,1780657635841112608,1117,1126,4,1121,1,1,1,1,best-path-median,udp,1,528,0,264,0,264,0,6,14,12,6,112.914443,18,1134,1937,936,1656,3592,1134,0,ok
211,1780657635841136985,1780657635841138078,1780657635841143435,1780657635841144583,1093,1148,27,1120,1,1,1,1,best-path-median,udp,1,528,0,264,0,264,0,6,14,12,6,112.914443,18,1134,1937,936,1656,3592,1134,0,ok
212,1780657635841168827,1780657635841169943,1780657635841175268,1780657635841176397,1116,1129,6,1122,1,1,1,1,best-path-median,udp,1,528,0,264,0,264,0,6,14,12,6,112.914443,18,1134,1937,936,1656,3592,1134,0,ok
213,1780657635841200577,1780657635841201669,1780657635841207004,1780657635841208115,1092,1111,9,1101,1,1,1,1,best-path-median,udp,1,528,0,264,0,264,0,6,14,12,6,112.914443,18,1134,1937,936,1656,3592,1134,0,ok
214,1780657635841232053,1780657635841233157,1780657635841238531,1780657635841239659,1104,1128,12,1116,1,1,1,1,best-path-median,udp,1,528,0,264,0,264,0,6,14,12,6,112.914443,18,1134,1937,936,1656,3592,1134,0,ok
215,1780657635841263857,1780657635841264955,1780657635841270385,1780657635841271643,1098,1258,80,1178,1,1,1,1,best-path-median,udp,1,528,0,264,0,264,0,6,14,12,6,112.914443,18,1134,1937,936,1656,3592,1134,0,ok
216,1780657635841295981,1780657635841297098,1780657635841302515,1780657635841303638,1117,1123,3,1120,1,1,1,1,best-path-median,udp,1,528,0,264,0,264,0,6,14,12,6,112.914443,18,1134,1937,936,1656,3592,1134,0,ok
217,1780657635841327663,1780657635841328766,1780657635841334161,1780657635841335268,1103,1107,2,1105,1,1,1,1,best-path-median,udp,1,528,0,264,0,264,0,6,14,12,6,112.914443,18,1134,1937,936,1656,3592,1134,0,ok
218,1780657635841359272,1780657635841360468,1780657635841365785,1780657635841366952,1196,1167,-14,1181,1,1,1,1,best-path-median,udp,1,528,0,264,0,264,0,6,14,12,6,112.914443,18,1134,1937,936,1656,3592,1134,0,ok
219,1780657635841391432,1780657635841392527,1780657635841398015,1780657635841399159,1095,1144,24,1119,1,1,1,1,best-path-median,udp,1,528,0,264,0,264,0,6,14,12,6,112.914443,18,1134,1937,936,1656,3592,1134,0,ok
220,1780657635841423326,1780657635841424422,1780657635841429832,1780657635841430966,1096,1134,19,1115,1,1,1,1,best-path-median,udp,1,528,0,264,0,264,0,6,14,12,6,112.914443,18,1134,1937,936,1656,3592,1134,0,ok
221,1780657635841454974,1780657635841456060,1780657635841461466,1780657635841462576,1086,1110,12,1098,1,1,1,1,best-path-median,udp,1,528,0,264,0,264,0,6,14,12,6,112.914443,18,1134,1937,936,1656,3592,1134,0,ok
222,1780657635841486797,1780657635841487905,1780657635841493321,1780657635841494436,1108,1115,3,1111,1,1,1,1,best-path-median,udp,1,528,0,264,0,264,0,6,14,12,6,112.914443,18,1134,1937,936,1656,3592,1134,0,ok
223,1780657635841518777,1780657635841519865,1780657635841525204,1780657635841526311,1088,1107,9,1097,1,1,1,1,best-path-median,udp,1,528,0,264,0,264,0,6,14,12,6,112.914443,18,1134,1937,936,1656,3592,1134,0,ok
224,1780657635841550623,1780657635841551757,1780657635841557062,1780657635841558190,1134,1128,-3,1131,1,1,1,1,best-path-median,udp,1,528,0,264,0,264,0,6,14,12,6,112.914443,18,1134,1937,936,1656,3592,1134,0,ok
225,1780657635841582294,1780657635841583387,1780657635841588727,1780657635841589865,1093,1138,22,1115,1,1,1,1,best-path-median,udp,1,528,0,264,0,264,0,6,14,12,6,112.914443,18,1134,1937,936,1656,3592,1134,0,ok
226,1780657635841614177,1780657635841615288,1780657635841620658,1780657635841621834,1111,1176,32,1143,1,1,1,1,best-path-median,udp,1,528,0,264,0,264,0,6,14,12,6,112.914443,18,1134,1937,936,1656,3592,1134,0,ok
227,1780657635841646103,1780657635841647210,1780657635841652632,1780657635841653754,1107,1122,7,1114,1,1,1,1,best-path-median,udp,1,528,0,264,0,264,0,6,14,12,6,112.914443,18,1134,1937,936,1656,3592,1134,0,ok
228,1780657635841678150,1780657635841679282,1780657635841684570,1780657635841685707,1132,1137,2,1134,1,1,1,1,best-path-median,udp,1,528,0,264,0,264,0,6,14,12,6,112.914443,18,1134,1937,936,1656,3592,1134,0,ok
229,1780657635841709894,1780657635841711016,1780657635841716414,1780657635841717511,1122,1097,-12,1109,1,1,1,1,best-path-median,udp,1,528,0,264,0,264,0,6,14,12,6,112.914443,18,1134,1937,936,1656,3592,1134,0,ok
230,1780657635841741767,1780657635841742945,1780657635841748313,1780657635841749420,1178,1107,-35,1142,1,1,1,1,best-path-median,udp,1,528,0,264,0,264,0,6,14,12,6,112.914443,18,1134,1937,936,1656,3592,1134,0,ok
231,1780657635841773717,1780657635841774821,1780657635841780172,1780657635841781273,1104,1101,-1,1102,1,1,1,1,best-path-median,udp,1,528,0,264,0,264,0,6,14,12,6,112.914443,18,1134,1937,936,1656,3592,1134,0,ok
232,1780657635841805566,1780657635841806678,1780657635841812065,1780657635841813167,1112,1102,-5,1107,1,1,1,1,best-path-median,udp,1,528,0,264,0,264,0,6,14,12,6,112.914443,18,1134,1937,936,1656,3592,1134,0,ok
233,1780657635841837611,1780657635841838697,1780657635841844142,1780657635841845300,1086,1158,36,1122,1,1,1,1,best-path-median,udp,1,528,0,264,0,264,0,6,14,12,6,112.914443,18,1134,1937,936,1656,3592,1134,0,ok
234,1780657635841869690,1780657635841870810,1780657635841876176,1780657635841877320,1120,1144,12,1132,1,1,1,1,best-path-median,udp,1,528,0,264,0,264,0,6,14,12,6,112.914443,18,1134,1937,936,1656,3592,1134,0,ok
235,1780657635841901640,1780657635841902726,1780657635841908201,1780657635841909299,1086,1098,6,1092,1,1,1,1,best-path-median,udp,1,528,0,264,0,264,0,6,14,12,6,112.914443,18,1134,1937,936,1656,3592,1134,0,ok
236,1780657635841933593,1780657635841934709,1780657635841940002,1780657635841941122,1116,1120,2,1118,1,1,1,1,best-path-median,udp,1,528,0,264,0,264,0,6,14,12,6,112.914443,18,1134,1937,936,1656,3592,1134,0,ok
237,1780657635841965394,1780657635841966490,1780657635841971865,1780657635841973070,1096,1205,54,1150,1,1,1,1,best-path-median,udp,1,528,0,264,0,264,0,6,14,12,6,112.914443,18,1134,1937,936,1656,3592,1134,0,ok
238,1780657635842001641,1780657635842002782,1780657635842008286,1780657635842009444,1141,1158,8,1149,1,1,1,1,best-path-median,udp,1,528,0,264,0,264,0,6,14,12,6,112.914443,18,1134,1937,936,1656,3592,1134,0,ok
239,1780657635842033609,1780657635842034703,1780657635842040279,1780657635842041384,1094,1105,5,1099,1,1,1,1,best-path-median,udp,1,528,0,264,0,264,0,6,14,12,6,112.914443,18,1134,1937,936,1656,3592,1134,0,ok
240,1780657635842065685,1780657635842066793,1780657635842072294,1780657635842073426,1108,1132,12,1120,1,1,1,1,best-path-median,udp,1,528,0,264,0,264,0,6,14,12,6,112.914443,18,1134,1937,936,1656,3592,1134,0,ok
241,1780657635842097671,1780657635842098771,1780657635842107944,1780657635842109068,1100,1124,12,1112,1,1,1,1,best-path-median,udp,1,528,0,264,0,264,0,6,14,12,6,112.914443,18,1134,1937,936,1656,3592,1134,0,ok
242,1780657635842133081,1780657635842134277,1780657635842139577,1780657635842140699,1196,1122,-37,1159,1,1,1,1,best-path-median,udp,1,528,0,264,0,264,0,6,14,12,6,112.914443,18,1134,1937,936,1656,3592,1134,0,ok
243,1780657635842165860,1780657635842166965,1780657635842172434,1780657635842173621,1105,1187,41,1146,1,1,1,1,best-path-median,udp,1,528,0,264,0,264,0,6,14,12,6,112.914443,18,1134,1937,936,1656,3592,1134,0,ok
244,1780657635842198171,1780657635842199277,1780657635842204762,1780657635842205909,1106,1147,20,1126,1,1,1,1,best-path-median,udp,1,528,0,264,0,264,0,6,14,12,6,112.914443,18,1134,1937,936,1656,3592,1134,0,ok
245,1780657635842230051,1780657635842231143,1780657635842236639,1780657635842237749,1092,1110,9,1101,1,1,1,1,best-path-median,udp,1,528,0,264,0,264,0,6,14,12,6,112.914443,18,1134,1937,936,1656,3592,1134,0,ok
246,1780657635842262013,1780657635842263123,1780657635842268531,1780657635842269636,1110,1105,-2,1107,1,1,1,1,best-path-median,udp,1,528,0,264,0,264,0,6,14,12,6,112.914443,18,1134,1937,936,1656,3592,1134,0,ok
247,1780657635842294369,1780657635842295458,1780657635842300460,1780657635842301569,1089,1109,10,1099,1,1,1,1,best-path-median,udp,1,528,0,264,0,264,0,6,14,12,6,112.914443,18,1134,1937,936,1656,3592,1134,0,ok
248,1780657635842325859,1780657635842326966,1780657635842332427,1780657635842333594,1107,1167,30,1137,1,1,1,1,best-path-median,udp,1,528,0,264,0,264,0,6,14,12,6,112.914443,18,1134,1937,936,1656,3592,1134,0,ok
249,1780657635842358074,1780657635842359179,1780657635842364434,1780657635842365537,1105,1103,-1,1104,1,1,1,1,best-path-median,udp,1,528,0,264,0,264,0,6,14,12,6,112.914443,18,1134,1937,936,1656,3592,1134,0,ok
250,1780657635842389695,1780657635842390830,1780657635842396139,1780657635842397233,1135,1094,-20,1114,1,1,1,1,best-path-median,udp,1,528,0,264,0,264,0,6,14,12,6,112.914443,18,1134,1937,936,1656,3592,1134,0,ok
251,1780657635842424554,1780657635842425814,1780657635842429572,1780657635842430529,1260,957,-151,1108,1,1,1,1,best-path-median,udp,1,528,0,264,0,264,0,6,14,12,6,112.914443,18,1134,1937,936,1656,3592,1134,0,ok
252,1780657635842451263,1780657635842452224,1780657635842456863,1780657635842457829,961,966,2,963,1,1,1,1,best-path-median,udp,1,528,0,264,0,264,0,6,14,12,6,112.914443,18,1134,1937,936,1656,3592,1134,0,ok
253,1780657635842478586,1780657635842479526,1780657635842484144,1780657635842485105,940,961,10,950,1,1,1,1,best-path-median,udp,1,528,0,264,0,264,0,6,14,12,6,112.914443,18,1134,1937,936,1656,3592,1134,0,ok
254,1780657635842505944,1780657635842506943,1780657635842511533,1780657635842512502,999,969,-15,984,1,1,1,1,best-path-median,udp,1,528,0,264,0,264,0,6,14,12,6,112.914443,18,1134,1937,936,1656,3592,1134,0,ok
255,1780657635842533243,1780657635842534173,1780657635842538715,1780657635842539699,930,984,27,957,1,1,1,1,best-path-median,udp,1,528,0,264,0,264,0,6,14,12,6,112.914443,18,1134,1937,936,1656,3592,1134,0,ok
256,1780657635842560395,1780657635842561349,1780657635842566008,1780657635842566957,954,949,-2,951,1,1,1,1,best-path-median,udp,1,528,0,264,0,264,0,6,14,12,6,112.914443,18,1134,1937,936,1656,3592,1134,0,ok
257,1780657635842587627,1780657635842588581,1780657635842593173,1780657635842594117,954,944,-5,949,1,1,1,1,best-path-median,udp,1,528,0,264,0,264,0,6,14,12,6,112.914443,18,1134,1937,936,1656,3592,1134,0,ok
258,1780657635842614823,1780657635842615782,1780657635842620334,1780657635842621296,959,962,1,960,1,1,1,1,best-path-median,udp,1,528,0,264,0,264,0,6,14,12,6,112.914443,18,1134,1937,936,1656,3592,1134,0,ok
259,1780657635842642037,1780657635842642974,1780657635842647702,1780657635842648728,937,1026,44,981,1,1,1,1,best-path-median,udp,1,528,0,264,0,264,0,6,14,12,6,112.914443,18,1134,1937,936,1656,3592,1134,0,ok
260,1780657635842669599,1780657635842670559,1780657635842675218,1780657635842676168,960,950,-5,955,1,1,1,1,best-path-median,udp,1,528,0,264,0,264,0,6,14,12,6,112.914443,18,1134,1937,936,1656,3592,1134,0,ok
261,1780657635842696861,1780657635842697795,1780657635842702477,1780657635842703428,934,951,8,942,1,1,1,1,best-path-median,udp,1,528,0,264,0,264,0,6,14,12,6,112.914443,18,1134,1937,936,1656,3592,1134,0,ok
262,1780657635842724130,1780657635842725085,1780657635842729684,1780657635842730645,955,961,3,958,1,1,1,1,best-path-median,udp,1,528,0,264,0,264,0,6,14,12,6,112.914443,18,1134,1937,936,1656,3592,1134,0,ok
263,1780657635842751404,1780657635842752325,1780657635842756961,1780657635842757912,921,951,15,936,1,1,1,1,best-path-median,udp,1,528,0,264,0,264,0,6,14,12,6,112.914443,18,1134,1937,936,1656,3592,1134,0,ok
264,1780657635842778708,1780657635842779712,1780657635842784290,1780657635842785238,1004,948,-28,976,1,1,1,1,best-path-median,udp,1,528,0,264,0,264,0,6,14,12,6,112.914443,18,1134,1937,936,1656,3592,1134,0,ok
