count_idx,send_a_block_ns,send_b_block_ns,send_gap_ab_ns
1,13958,6558,16780
2,4969,3488,6027
3,3694,3733,4322
4,3677,3599,4117
5,3262,3729,3987
6,4574,3938,5245
7,4093,3801,4687
8,4164,3668,4810
9,3741,3917,4544
10,56963,4873,59397
11,3803,4870,4640
12,3495,3872,4554
13,3842,3300,4485
14,3956,3853,4544
15,3693,3753,4360
16,3288,3237,3894
17,3404,3468,4072
18,3428,3492,3996
19,4096,3938,4792
20,3906,6997,4442
21,4888,5541,5588
22,3920,5160,4582
23,3060,3553,3752
24,3728,3239,4337
25,3427,4407,4045
26,3732,4150,4387
27,4217,5575,5161
28,3602,3854,4508
29,3279,3692,3840
30,5503,13296,17039
31,3805,3947,4770
32,3451,3977,4300
33,5426,4786,6171
34,4506,3838,5555
35,3453,3996,4119
36,3266,3818,3917
37,3431,3745,4340
38,3057,3327,3785
39,3328,3182,3912
40,4098,2561,4597
41,1928,1997,2285
42,2007,2100,2374
43,1974,2588,2478
44,2013,1986,2371
45,1976,2996,2342
46,2446,3239,2814
47,3121,2507,3467
48,2618,2305,2966
49,2265,2397,2611
50,2268,2291,2613
51,2381,2443,2730
52,2262,2386,2606
53,2306,2316,2654
54,2361,2341,2724
55,2251,2419,2612
56,2277,2358,2635
57,2281,2293,2647
58,3695,4299,4337
59,4081,4070,4624
60,3421,4553,4030
61,2983,3374,3621
62,2891,2918,3469
63,3085,3062,3623
64,2881,15731,3456
65,3084,2943,3640
66,2993,4396,3437
67,3011,2737,3585
68,2954,3272,3371
69,2890,3102,3496
70,3079,7704,3701
71,3361,3614,3939
72,3329,3242,3994
73,3047,3172,3747
74,3934,3773,4623
75,3536,3429,4263
76,3301,3747,3995
77,3327,4010,3835
78,3126,3014,3664
79,3158,3421,3777
80,3432,5993,4125
81,3695,3502,4377
82,3463,3288,4085
83,6132,3515,6791
84,3663,3434,4157
85,3354,3807,3934
86,3728,3751,4247
87,3746,11609,4457
88,4946,5999,5377
89,3003,3363,3791
90,3735,3522,4381
91,3260,3393,3976
92,3546,3441,4056
93,3707,3665,4334
94,3194,3248,4066
95,3041,8386,3626
96,3552,4071,4197
97,3655,3309,4300
98,3123,3223,3621
99,3303,3404,3825
100,3300,3338,3910
101,3318,3525,3942
102,3260,3524,3816
103,3668,3274,4206
104,3090,3209,3644
105,3084,2973,3652
106,2965,3084,3512
107,2973,3221,3606
108,5293,3131,6100
109,3042,3162,3629
110,3295,3016,3924
111,2992,2896,3566
112,3020,3504,3650
113,3184,3531,3626
114,2112,2074,2462
115,2499,2117,2839
116,2292,2006,2638
117,2068,2043,2451
118,1979,2014,2327
119,2122,2078,2483
120,1973,2894,2332
121,2204,2018,2552
122,2000,2779,2357
123,3042,19073,3625
124,3185,3196,3794
125,3212,3461,3859
126,3572,3297,4117
127,3222,4483,3772
128,3785,2853,4264
129,2708,3082,3282
130,3246,3466,3895
131,3223,3346,4019
132,3032,3292,3589
133,4623,5718,5364
134,4326,3735,4983
135,4340,3900,4951
136,3593,395202,4129
137,7200,4243,8232
138,3220,3330,3924
139,6476,3302,7028
140,3285,3099,3917
141,3222,3338,3853
142,3013,3000,3708
143,3100,3414,3715
144,3105,3298,3686
145,3097,4623,3611
146,4028,4280,4529
147,3925,3147,4581
148,3306,3783,3922
149,3626,3652,4318
150,4659,3493,5446
151,3363,3380,4051
152,3202,3324,3808
153,3218,132695,3784
154,4567,3926,6015
155,5998,3349,6920
156,3421,3134,4128
157,3212,3328,3885
158,3511,3377,4349
159,3112,3113,3750
160,3241,3264,3883
161,3081,3039,3615
162,2734,2859,3223
163,3120,3267,3884
164,3154,3202,3669
165,5695,40007,6164
166,3930,3907,5500
167,3616,3729,4951
168,3679,3954,4826
169,3132,3534,3990
170,3210,4491,3792
171,106688,7757,112712
172,3689,3523,4573
173,3484,3286,4127
174,3368,3170,3997
175,3215,3290,3867
176,3183,4443,3882
177,3347,3471,3972
178,3630,3482,4398
179,3507,162650,4229
180,5950,3264,7059
181,2871,3203,3504
182,3238,3439,3805
183,4326,3417,4971
184,3391,3508,4053
185,3094,3543,3923
186,3346,3116,4048
187,3829,3504,4455
188,2967,2872,3434
189,2002,3036,2659
190,3014,3393,3635
191,6790,8280,7209
192,9267,2855,9836
193,2730,3056,3292
194,3002,3404,3540
195,3084,3622,3681
196,3116,3316,3732
197,3246,3050,3769
198,2893,3265,3524
199,3138,3509,3770
200,2708,3406,3229
201,113766,6503,118252
202,3430,3268,4285
203,4871,91477,5505
204,5924,4042,7186
205,3472,3671,4113
206,3302,10261,3930
207,3253,3217,3800
208,4078,3485,4817
209,3297,3401,3995
210,3237,81486,3917
211,5453,4289,7081
212,3296,3676,4085
213,3618,3965,4250
214,3791,3391,4395
215,3422,3343,4138
216,3270,3916,3956
217,3439,3469,4068
218,3171,3348,3868
219,3286,3313,3970
220,3256,3883,3948
221,3405,3262,4080
222,3182,3605,3872
223,3056,154286,3642
224,7018,3539,8383
225,3001,3225,3692
226,3046,3118,3696
227,3285,2932,3861
228,3016,3308,3672
229,3494,3057,4018
230,3136,3039,3792
231,2834,3047,3309
232,3124,4179,3720
233,3409,4249,4028
234,3105,3006,3794
235,3209,2956,3893
236,2673,2882,3231
237,3053,3220,3541
238,3191,3241,3863
239,3144,3765,3827
240,3286,3438,3983
241,3164,3451,3771
242,2912,3119,3472
243,2994,3363,3568
244,3393,3227,4039
245,2991,229646,3656
246,5417,4037,6588
247,3071,2979,3628
248,3354,3178,3948
249,3203,3266,3852
250,3426,3404,4133
251,3220,3481,3921
252,3683,3438,4346
253,3131,3085,3808
254,3203,3275,3825
255,3096,3209,3685
256,3057,111751,3625
257,4966,3813,6365
258,3291,3314,4174
259,2810,2892,3515
260,3045,2998,3548
261,2846,3132,3449
262,2739,3072,3303
263,3090,2931,3676
264,3563,3063,4060
265,3027,3398,3520
266,3902,3455,4551
267,2681,2941,3240
268,2998,2884,3540
269,3196,3414,3698
270,3085,3294,3760
271,3087,2978,3621
272,3086,3026,3663
273,3500,159020,3981
274,6111,3521,7331
275,3221,3570,3957
276,3132,3491,3804
277,4751,3680,5436
278,3742,3213,4391
279,3432,3738,4106
280,3886,3513,4586
281,3401,3391,4097
282,3027,3230,3574
283,3061,3263,3624
284,3009,185101,3670
285,5449,4120,6988
286,3363,3559,4396
287,3440,3326,4186
288,3370,3236,4162
289,3195,4823,3940
290,4224,4249,4924
291,3741,4193,4398
292,3518,3402,4161
293,3717,3394,4367
294,3430,3485,4119
295,3270,3399,3989
296,3641,3900,4299
297,3178,3498,3818
298,2943,3247,3577
299,3150,3126,3783
300,3164,3599,3672
301,3174,3266,3878
302,3596,3631,4283
303,3261,126203,3902
304,5576,3114,6511
305,2703,3497,3283
306,3721,3757,4311
307,3401,2988,4134
308,3037,3341,3644
309,3202,3369,3796
310,3044,3342,3747
311,3101,3392,3728
312,2854,2731,3330
313,2706,3122,3210
314,3097,3896,3756
315,3325,3355,4006
316,3279,3443,3923
317,3265,3310,3966
318,3167,3214,3694
319,3324,137773,3810
320,6658,4078,8034
321,136430,5842,140643
322,8076,3536,8831
323,2935,2926,3410
324,3343,3375,3871
325,3168,3175,3678
326,2984,3258,3550
327,4633,4109,5145
328,3323,4088,3823
329,3859,3218,4340
330,2678,497636,3307
331,7125,4145,8640
332,3313,3659,4065
333,3214,3295,3984
334,3309,3443,4144
335,3249,3287,3992
336,2958,3160,3606
337,3164,2877,3703
338,4232,3585,4769
339,2916,3274,3438
340,2922,2853,3460
341,3197,3031,3763
342,3259,3324,3874
343,3177,3235,3876
344,3162,3223,3869
345,3434,2968,4050
346,2975,3053,3655
347,2947,2850,4049
348,5138,4001,6820
349,3615,3364,4894
350,3415,3378,4694
351,2882,3135,3948
352,3624,3082,4280
353,2913,3027,3511
354,2792,2864,3653
355,3032,3025,3735
356,3061,2857,3911
357,2845,3212,3440
358,3356,4315,4093
359,2688,3455,3338
360,3562,3641,4179
361,2891,2918,3619
362,2650,2967,3261
363,2993,3590,3712
364,2871,3410,3493
365,3020,3311,3611
366,2987,3263,3651
367,3364,3342,4031
368,3260,3132,4088
369,3444,3067,4110
370,2781,3199,3411
371,2799,2943,3369
372,2622,3287,3166
373,4208,3086,4765
374,2806,2994,3426
375,3044,3079,3661
376,23061,4214,25072
377,4753,3954,6281
378,3334,2966,4396
379,2951,2929,3769
380,3070,3228,3751
381,112135,7922,117335
382,3753,3685,4628
383,3178,3120,3778
384,3238,3425,3903
385,3036,3452,3635
386,3173,3571,3787
387,3207,3166,3876
388,3049,3239,3752
389,3150,7570,3775
390,3378,3175,3985
391,3086,3244,3772
392,3057,3291,3673
393,3316,3321,4018
394,3207,3445,3839
395,3089,3278,3858
396,3405,3261,4067
397,3121,3982,3701
398,3051,3304,3750
399,3240,3311,3783
400,3056,3376,3738
401,3002,3312,3700
402,7210,3580,7883
403,3217,3260,3883
404,3227,3498,3927
405,3511,3375,4169
406,3523,3368,4212
407,3306,3223,3871
408,3461,3309,4125
409,3168,3429,3841
410,3553,112552,4235
411,106332,5968,110783
412,3571,3285,4285
413,2940,2995,3473
414,3036,4769,3636
415,3171,3099,3676
416,2953,2880,3432
417,3042,3277,3783
418,2751,3130,3291
419,2998,4211,3564
420,3142,2735,3618
421,19447,4289,21728
422,3275,3380,4155
423,3182,3000,3884
424,2885,3588,3468
425,3436,3362,3995
426,3032,3895,3563
427,3278,3005,4018
428,2935,2792,3440
429,2790,2946,3333
430,2977,2944,3493
431,2918,3012,3546
432,3002,3187,3516
433,2930,3207,3702
434,2953,3149,3467
435,3079,2959,3704
436,3002,3470,3606
437,2785,3152,3391
438,2936,3159,3591
439,3004,3407,3592
440,2833,3546,3321
441,286092,4669,289395
442,3474,3582,4126
443,3105,3199,3631
444,2999,3438,3557
445,3738,2557,4228
446,2069,2070,2426
447,1969,2107,2324
448,2794,2901,3436
449,2920,3301,3519
450,2974,2762,3447
451,2833,3087,3438
452,3334,3088,3854
453,3238,3147,3992
454,3145,3049,3799
455,2973,3011,3558
456,2943,3645,3473
457,3123,3103,3664
458,3022,3213,3679
459,3000,3678,3611
460,2848,3010,3398
461,3263,3249,3908
462,2853,2985,3318
463,2967,3126,3593
464,3056,4169,3602
465,3393,2934,3951
466,2577,2814,3079
467,2606,3165,3218
468,2988,3514,3607
469,3488,3419,4047
470,3687,3505,4353
471,355027,7017,359864
472,3472,4119,4282
473,3139,3223,3778
474,3037,3289,3742
475,3173,3418,3856
476,3441,3232,3973
477,3737,3659,4386
478,3343,3627,4000
479,3021,3475,3708
480,3354,3421,3960
481,3451,15333,4153
482,3304,3765,3981
483,3038,3364,3681
484,3418,3289,3973
485,3258,3277,3899
486,3148,3262,3849
487,3144,3326,3782
488,3325,3221,3953
489,3107,3839,3771
490,3214,3354,3796
491,3175,3855,4095
492,3186,3573,3760
493,3225,3118,3814
494,3127,3417,3790
495,3046,3372,3626
496,3482,3266,4121
497,3329,3399,3927
498,3085,4326,3715
499,3130,3178,3690
500,3246,3181,3911
501,331602,6171,336699
502,4042,3362,4874
503,3211,3256,3908
504,3251,3378,3947
505,3311,3536,4073
506,3247,3379,3888
507,3419,3699,4023
508,3147,4320,3748
509,3425,3380,3997
510,3490,3474,4116
511,3276,3360,3840
512,3390,3406,4000
513,3162,3500,3894
514,3186,4919,3824
515,3352,3555,4150
516,3147,3170,3725
517,3109,3351,3719
518,3264,3328,3834
519,3195,3269,3793
520,3277,3212,3996
521,3195,3466,3875
522,3079,3397,3785
523,3386,3230,4041
524,3159,3446,3801
525,3241,3624,3928
526,3098,3315,3797
527,3518,3342,4146
528,3345,3677,4041
529,3194,3437,3915
530,3341,3381,4054
531,266030,4365,269716
532,2254,2163,2722
533,2225,2067,2612
534,3107,3363,3756
535,3649,3197,4156
536,3227,3380,3782
537,3029,3137,3572
538,3189,10058,3911
539,3088,3550,3695
540,3153,3184,3920
541,3035,3098,3698
542,3572,3243,4193
543,3154,3393,3710
544,3012,3328,3557
545,3067,3240,3592
546,2847,3172,3442
547,3130,3229,3865
548,3007,3196,3550
549,2963,2814,3472
550,2708,2796,3140
551,2867,3046,3436
552,3603,3333,4252
553,3104,3260,3701
554,3050,3668,3601
555,3348,3403,4034
556,2844,3335,3494
557,2922,3187,3579
558,4400,3788,4990
559,3043,3174,3646
560,2833,2863,3312
561,323245,5883,327632
562,3332,3781,3968
563,3547,19168,4260
564,4668,5305,6121
565,3367,3489,4172
566,3246,3447,3847
567,3501,3609,4133
568,3112,3133,3738
569,3093,3205,3810
570,3101,3254,3802
571,3058,3433,3796
572,3014,3308,3741
573,3122,3857,3830
574,3162,3356,3779
575,3216,3362,3885
576,3023,3144,3585
577,3817,3085,4421
578,3261,3166,3922
579,3253,3349,3906
580,3234,3509,3933
581,5323,4198,7159
582,3778,3747,5181
583,3266,4084,4573
584,3427,3313,4367
585,3428,3444,4092
586,3087,3378,3840
587,3218,3349,3948
588,3073,3465,3714
589,3109,3599,3714
590,3219,3141,3921
591,345282,7066,350099
592,3776,22549,5109
593,13097,3676,14370
594,3129,3618,4155
595,3284,27622,3985
596,3322,3192,3937
597,3274,2967,3853
598,3301,3112,3950
599,2968,3316,3675
600,3410,3177,4150
601,4036,3362,4671
602,3508,3201,4119
603,3179,3245,4013
604,2994,3373,3619
605,3048,3276,3668
606,3135,3466,3821
607,3179,3544,3980
608,3257,3498,3886
609,3297,3317,3896
610,3198,3285,3887
611,3226,3328,3851
612,3176,3142,3873
613,3315,3301,3966
614,3107,7557,3753
615,3220,3270,3921
616,3269,3074,3868
617,3298,3304,3996
618,2990,3258,3640
619,3219,3176,3823
620,3045,3234,3726
621,417049,4699,420833
622,2748,2339,3283
623,2100,2215,2454
624,2224,2162,2614
625,2057,2203,2417
626,2090,24254,2502
627,23238,13783,33703
628,21448,21582,31901
629,28323,13359,30015
630,21772,22759,32480
631,13395,22980,23840
632,22333,13108,23976
633,3054,2447,4266
634,1991,2065,2402
635,2099,2098,2575
636,2013,2046,2385
637,1995,2094,2350
638,2009,2154,2370
639,2069,2464,2429
640,2068,2096,2423
641,1998,2055,2371
642,2008,2107,2365
643,1990,2059,2344
644,2091,2071,2450
645,2099,2034,2477
646,2045,2009,2402
647,2149,2098,2528
648,2009,2066,2384
649,2234,2088,2622
650,1992,2036,2358
651,211124,7357,216665
652,4047,3280,4793
653,17735,5289,19781
654,3551,3594,4448
655,2800,10639,3352
656,3002,3225,3506
657,3096,3292,3674
658,2592,2961,3131
659,3794,2938,4422
660,2964,3019,3477
661,3165,2985,3656
662,3214,3200,3760
663,2950,2879,3453
664,2616,3263,3123
665,3238,2688,3702
666,2920,2832,3360
667,2757,2725,3378
668,2755,3124,3382
669,2881,3723,3442
670,2735,2728,3212
671,2880,2820,3344
672,2758,2986,3330
673,3011,3354,3612
674,2809,3566,3432
675,3532,3295,4302
676,3289,3398,3981
677,4125,3300,4798
678,3241,3515,3919
679,3053,3295,3734
680,3217,3418,3945
681,336948,5157,341750
682,2609,2206,3287
683,2076,22466,15453
684,14560,44764,16180
685,37242,3392,38874
686,12699,13765,23603
687,2933,12918,4200
688,12999,13096,14602
689,12801,13432,14383
690,13154,2918,14741
691,2412,2707,2863
692,2286,2515,2621
693,2188,2224,2550
694,2103,2289,2446
695,2220,2207,2589
696,2020,2103,2386
697,2008,2178,2345
698,2015,2063,2338
699,1998,2081,2328
700,2019,2219,2350
701,2128,2062,2459
702,1995,2029,2385
703,1978,2160,2354
704,2363,2146,2719
705,1983,2059,2343
706,1977,2731,2335
707,2146,2153,2502
708,1987,2229,2341
709,2474,2922,2852
710,1989,2200,2366
711,95463,6962,100771
712,3487,3348,4313
713,2844,3168,3403
714,2706,2975,3294
715,3005,2958,3628
716,3008,3790,3625
717,3213,3268,3825
718,3251,3069,3935
719,2992,4808,3639
720,4269,3118,4814
721,2867,3084,3893
722,2855,3110,3415
723,3139,2858,3728
724,3001,2787,3641
725,3117,2951,3686
726,3760,3200,4290
727,2961,2983,3479
728,3475,2742,3980
729,3668,3194,4360
730,3123,3186,3636
731,3616,4059,4630
732,4142,4269,4881
733,4588,3797,5342
734,3585,3753,4430
735,3536,3914,4223
736,4616,3533,5114
737,3337,10929,4015
738,3188,3342,3904
739,3265,3406,3928
740,3223,3464,3937
741,356869,7027,361588
742,3677,3746,4510
743,3030,2996,3696
744,2905,2954,3671
745,3031,3097,3621
746,3978,3045,4550
747,2833,3406,3364
748,3181,3018,3861
749,2984,3131,3561
750,3286,3368,3952
751,3181,3507,3867
752,3220,3769,3914
753,3183,3252,3868
754,3155,3534,3845
755,3271,3491,4133
756,3213,3258,3927
757,3222,3072,3911
758,3042,3533,3692
759,3218,2936,3734
760,3447,3286,4089
761,3083,2937,3604
762,2932,3324,3531
763,3036,3054,3584
764,3670,3027,4315
765,3123,3335,3712
766,3237,3327,3784
767,3085,3281,3593
768,3052,33344,3650
769,3750,3372,5284
770,3327,3341,4086
771,351039,7296,356379
772,3188,2957,3876
773,2866,3136,3445
774,3073,3351,3696
775,3295,3302,3894
776,3247,3379,3914
777,3237,3435,3886
778,3031,3084,3627
779,3371,3317,4066
780,3557,3471,4222
781,3029,3538,3643
782,3073,3036,3683
783,2820,3336,3410
784,3214,3047,3715
785,3099,3012,3701
786,3208,3304,3881
787,3203,3378,3936
788,3280,3522,3869
789,3451,3399,4139
790,3530,3747,4235
791,3168,3646,3836
792,3120,3142,3799
793,3089,3103,3722
794,3351,8238,3909
795,2954,3057,3508
796,5423,3344,5954
797,3170,3987,3799
798,3045,3351,3641
799,2982,3236,3493
800,3080,3069,3734
801,318279,6824,323661
802,4125,3490,4929
803,3310,3346,3990
804,3260,3327,3933
805,3044,3240,3663
806,2982,3338,3619
807,3121,3827,3758
808,3261,3425,3969
809,3119,3365,3837
810,3779,3509,4376
811,3324,9878,4004
812,3419,3323,4119
813,3163,3344,3889
814,2944,3135,3478
815,2988,3149,3635
816,3094,3104,3656
817,3303,3373,3863
818,3470,3711,4050
819,3261,3680,4203
820,3452,3391,4054
821,3285,3504,3915
822,3470,3230,4176
823,3408,3580,4102
824,3331,3206,4002
825,3097,3317,3741
826,4150,3394,4831
827,3247,3356,3962
828,3216,3477,3886
829,3253,3511,3939
830,3423,3584,4086
831,119532,6587,124486
832,3486,3535,4238
833,3076,3343,3644
834,3110,3083,3624
835,2829,3194,3368
836,3221,3228,3818
837,3218,4351,3676
838,3071,3359,3656
839,3444,3991,4037
840,2991,3655,3690
841,2864,3435,3510
842,2891,3041,3985
843,2645,2802,3169
844,2765,3050,3267
845,3466,3236,4016
846,3273,3314,3915
847,3238,3082,3909
848,2972,3808,3553
849,3274,3384,3938
850,3249,3444,3920
851,3280,7164,4016
852,3467,3051,4150
853,3669,3133,4288
854,3319,2851,3782
855,2885,3194,3475
856,3102,3270,3756
857,3163,9029,3833
858,2995,3439,3673
859,3209,3237,3884
860,3086,2899,3756
861,333365,6989,338763
862,3353,3667,4087
863,2993,4607,3620
864,2885,3115,3424
865,2998,3347,3830
866,3153,2918,3712
867,2995,3334,3613
868,2926,3172,3536
869,3383,2857,3955
870,3627,3332,4217
871,2955,3127,3508
872,3133,2890,3710
873,2944,3026,3548
874,3249,2956,3823
875,3113,3270,3808
876,3444,3113,4053
877,3071,3356,3825
878,3207,3092,3877
879,2967,3271,3538
880,3248,3183,3820
881,3234,3483,3860
882,3274,3070,3803
883,2903,3520,3554
884,2823,3507,3380
885,2951,3125,3557
886,3264,3120,3888
887,3032,3021,3716
888,3016,3106,3561
889,2886,2787,3576
890,3084,3025,3682
891,223248,5404,226918
892,3570,3286,4257
893,3773,2593,4269
894,2100,2198,2544
895,2002,2093,2383
896,2023,2115,2380
897,2059,2056,2468
898,1983,2086,2350
899,2342,2732,2710
900,2128,2287,2503
901,2033,2322,2398
902,2019,2002,2377
903,1969,2068,2329
904,2484,3116,3127
905,3056,3263,3658
906,4227,3119,4742
907,2871,3057,3422
908,3347,3268,3988
909,2953,3252,3625
910,3024,3959,3557
911,2183,2942,2536
912,1963,2934,2327
913,3026,3003,3807
914,2948,3547,3502
915,2884,3134,3686
916,3061,3144,3649
917,3183,3188,3763
918,3387,6737,3969
919,3069,3363,3766
920,3184,3389,3838
921,345876,6352,351173
922,3393,3277,4075
923,3094,3470,3683
924,3324,3441,3963
925,3689,4790,4370
926,3657,3662,4279
927,3205,3584,3789
928,3106,3224,3763
929,3027,3324,3653
930,3266,3505,3896
931,4507,3316,5228
932,3264,3196,3892
933,3098,3286,3756
934,3250,3393,3924
935,3097,3445,3686
936,3729,3347,4387
937,3574,3523,4281
938,3182,3123,3805
939,3193,3232,3905
940,3095,3321,3619
941,3301,3130,3861
942,3265,3196,3848
943,3108,3357,3829
944,3042,3463,3687
945,3251,3449,3934
946,3202,3589,3809
947,3065,3533,3632
948,3079,3314,3723
949,3177,3670,3888
950,3113,3271,3687
951,277029,4418,281211
952,2171,2178,2655
953,2044,2025,2430
954,1958,2054,2328
955,2049,2098,2430
956,2026,2055,2392
957,1952,2995,2353
958,2873,3070,3445
959,3072,4972,3613
960,2900,3492,3538
961,3364,2969,3907
962,4128,3221,4888
963,2904,3095,3812
964,2682,2688,3188
965,3080,2940,3685
966,2762,3042,3312
967,2971,3051,3587
968,3023,3837,3630
969,3465,3571,4109
970,2760,3163,3356
971,3138,3055,3833
972,3026,13976,3547
973,3263,2915,4081
974,3193,8041,3802
975,3004,3204,3598
976,2875,3064,3429
977,2678,2837,3157
978,3072,3243,3626
979,3329,2782,3942
980,2947,3364,3553
981,392279,6646,396669
982,4058,3373,4724
983,3326,3541,4003
984,3584,3206,4171
985,3146,3153,3804
986,3253,3231,3878
987,4323,3424,5026
988,3282,3298,3996
989,3248,3433,3972
990,3232,3312,3853
991,3057,3134,3635
992,3213,3166,3763
993,3329,10896,3989
994,3068,3844,3688
995,3338,3167,4014
996,3148,4815,3770
997,3211,3561,3866
998,3088,32039,3785
999,8443,3886,9630
1000,3171,3289,4068
1001,3197,3374,3972
1002,3001,3297,3679
1003,3176,3213,4090
1004,3252,3507,3882
1005,3320,3441,3953
1006,3561,3299,4051
1007,3169,3396,3777
1008,3641,3549,4325
1009,3157,3657,3859
1010,2877,3124,3450
1011,254419,3943,257647
1012,2088,2101,2510
1013,2042,2021,2445
1014,1994,2027,2341
1015,1972,2069,2331
1016,1961,2005,2325
1017,1953,1980,2295
1018,38487,20334,68247
1019,5233,3521,5959
1020,2974,2912,3539
1021,3025,3476,3654
1022,3783,3400,4446
1023,3210,3209,3753
1024,3212,3304,4012
1025,15624,25383,17834
1026,3495,3002,4570
1027,802260,7168,807846
1028,3389,2769,4064
1029,2782,3025,3289
1030,21396,5545,23721
1031,3420,2797,4050
1032,2898,2990,3427
1033,2852,2945,3428
1034,2892,3063,3441
1035,2737,7877,3285
1036,3870,3344,4446
1037,3046,3096,3643
1038,2999,3711,3556
1039,6281,6191,6751
1040,5040,6970,5844
1041,3124,3324,3718
1042,2727,2991,3234
1043,2963,3076,3856
1044,3534,2818,4014
1045,2982,2741,3493
1046,3208,2850,3658
1047,2694,3109,3277
1048,4045,3512,4716
1049,3221,3738,3806
1050,3202,11324,3893
1051,33634,44321,38844
1052,5140,3519,6266
1053,2965,2752,3589
1054,2968,3439,3568
1055,3058,2976,3653
1056,3047,2832,3573
1057,3224,3226,3777
1058,3075,3045,3658
1059,3016,3009,3698
1060,3127,3306,3716
1061,2987,3038,3541
1062,2966,2797,3677
1063,3040,3189,3672
1064,7738,3366,8405
1065,29029,28164,34599
1066,4836,3358,6027
1067,3262,3205,3931
1068,2997,3118,3538
1069,3183,3324,3843
1070,3137,3278,3841
1071,3159,3090,3784
1072,2963,3244,3552
1073,3646,4305,4201
1074,3034,3205,3655
1075,3298,4041,3847
1076,3428,3196,4139
1077,2996,3206,3611
1078,2902,3222,3545
1079,3330,6303,4023
1080,24234,3234,24992
1081,3297,3267,3937
1082,3166,3094,3645
1083,3028,3037,3844
1084,2758,3359,3378
1085,3107,3705,3788
1086,3255,3210,3924
1087,3101,3145,3671
1088,2973,3194,3553
1089,3335,3102,4017
1090,3100,3226,3699
1091,3181,3278,3865
1092,3176,3502,3879
1093,3270,3366,3963
1094,3230,3467,3925
1095,3175,3715,3843
1096,6245,19606,6921
1097,7543,3280,8160
1098,3649,3280,4278
1099,3028,3049,3828
1100,3028,3125,3635
1101,2906,3321,3594
1102,3154,3282,3738
1103,3273,3433,3905
1104,3203,3558,3901
1105,3319,3483,3993
1106,3199,3493,3842
1107,3137,6841,3664
1108,3249,3378,3909
1109,3432,3319,4130
1110,3543,7237,4133
1111,3193,145016,3901
1112,7937,83093,9119
1113,45265,9766,49216
1114,3766,3673,4394
1115,3155,3088,3738
1116,3240,3298,3892
1117,3270,3437,3823
1118,28510,14292,57591
1119,4666,3790,5429
1120,3579,3450,4203
1121,3365,3689,4030
1122,3287,3539,3988
1123,4652,3374,5357
1124,3135,3622,3779
1125,3212,3438,3969
1126,3176,3295,3854
1127,3100,3328,3772
1128,3708,3258,4450
1129,3407,3581,4080
1130,3490,3709,4090
1131,3008,3591,3649
1132,3253,25171,3879
1133,8137,45739,9274
1134,6297,3982,7594
1135,2911,3035,3624
1136,3271,3202,4016
1137,2919,3344,3525
1138,3853,3935,4899
1139,3185,3290,3891
1140,3023,3287,3735
1141,3239,3753,3907
1142,40474,10212,84288
1143,36424,6324,40562
1144,3955,143335,4823
1145,157027,5563,161069
1146,3007,3638,3755
1147,2928,2888,3485
1148,2588,3117,3080
1149,2788,3324,3269
1150,3045,3111,3670
1151,81968,5351,85225
1152,3730,23180,4344
1153,4962,3444,6385
1154,3410,3321,4032
1155,3131,3088,3696
1156,2928,2857,3497
1157,2774,3183,3350
1158,2922,3566,3538
1159,40906,4738,42930
1160,3566,3606,4287
1161,8557,6131,9244
1162,4350,5373,4914
1163,2917,3285,3545
1164,3262,3330,3916
1165,3124,3044,3707
1166,3006,3080,3597
1167,2861,3297,3388
1168,3921,3342,4562
1169,2968,2994,3529
1170,2984,3042,3681
1171,3002,12307,19937
1172,4143,3395,5344
1173,3334,3790,3879
1174,24483,40847,29904
1175,13626,4472,14939
1176,3381,3553,4159
1177,3239,3252,3879
1178,3117,3281,3822
1179,3103,4546,3719
1180,3330,3671,3968
1181,3365,3484,4061
1182,3056,31414,3670
1183,4694,3618,5874
1184,3473,3927,4109
1185,3324,44846,3843
1186,49851,5986,54026
1187,3491,3403,4250
1188,3146,3211,3800
1189,3211,3339,3861
1190,3108,37416,3784
1191,11935,4723,13923
1192,3617,3829,4417
1193,8196,14878,8639
1194,6112,3202,6778
1195,3100,4304,3640
1196,3125,3612,3727
1197,3238,3420,3868
1198,3167,3604,3838
1199,3125,3366,3783
1200,3172,3539,3819
1201,3292,3423,3938
1202,3273,3361,3900
1203,3273,3327,3996
1204,2915,8014,3501
1205,7327,5531,7925
1206,4634,3166,5253
1207,2994,3073,3615
1208,3542,3301,4211
1209,3117,3301,3725
1210,3142,3018,3768
1211,3187,3522,3867
1212,3258,3441,3894
1213,3193,3501,3860
1214,3290,3277,3936
1215,3140,3343,3795
1216,5087,4234,6826
1217,3672,3792,4754
1218,3198,3739,4072
1219,3380,3853,4187
1220,3369,4928,4103
1221,44109,34880,48248
1222,14569,4400,16364
1223,3383,3462,4121
1224,3321,3239,3977
1225,3344,3604,3995
1226,3323,3486,4002
1227,3236,3296,3872
1228,3100,32805,3580
1229,3558,2204,4278
1230,3228,33326,3879
1231,35711,4754,38324
1232,3557,3626,4306
1233,3425,3351,4118
1234,3457,3912,4162
1235,3190,7593,3762
1236,3335,3499,4070
1237,3537,3261,4185
1238,3690,3350,4431
1239,22679,4495,24883
1240,4031,3492,5463
1241,3321,3406,4487
1242,3215,3176,3926
1243,3252,3069,3818
1244,2987,3214,3671
1245,2909,3175,3469
1246,3405,3348,4139
1247,3184,3260,3828
1248,6107,3414,6805
1249,3493,9342,4130
1250,3327,3106,4022
1251,3164,2978,3895
1252,3054,3236,3686
1253,3066,3208,3689
1254,3406,3137,4149
1255,3073,3052,3747
1256,3310,3670,3973
1257,3255,3621,3960
1258,3065,3322,3631
1259,3144,3174,3843
1260,3158,4045,3689
1261,3416,3279,4034
1262,3189,3241,3922
1263,3095,3310,3792
1264,3197,3063,3808
1265,3128,3587,3796
1266,3145,4221,3810
1267,3226,3165,3840
1268,3156,3350,3854
1269,3072,3322,3713
1270,3287,3272,3986
1271,3312,5966,4007
1272,3345,3406,3979
1273,3105,3292,3775
1274,3315,3292,4034
1275,3194,3414,3906
1276,3100,3383,3801
1277,3229,3551,3836
1278,3366,3321,3996
1279,3496,3241,4225
1280,3200,3310,3833
1281,467911,24066,481692
1282,4038,12888,14517
1283,12719,13267,23366
1284,31721,3262,33313
1285,12913,2875,14481
1286,2290,2037,2722
1287,1977,2467,2334
1288,2040,2056,2394
1289,1943,2008,2285
1290,2127,2021,2498
1291,1962,2381,2320
1292,3095,2366,3482
1293,1985,2294,2373
1294,2183,2060,2556
1295,1994,2017,2359
1296,1980,1984,2335
1297,1922,1998,2312
1298,1916,2033,2269
1299,2192,2081,2550
1300,2061,2061,2462
1301,2153,2133,2528
1302,2329,2362,2684
1303,2020,2276,2374
1304,1969,2190,2331
1305,2167,2568,2517
1306,2488,3369,2860
1307,2396,15308,2942
1308,2177,2043,2688
1309,2070,2041,2432
1310,2109,2081,2469
1311,2059,2013,2421
1312,2018,1946,2376
1313,2020,2029,2366
1314,1962,2012,2308
1315,2338,2007,2689
1316,2339,2128,2694
1317,2112,2039,2456
1318,2079,2035,2424
1319,6159,2086,6526
1320,2015,2375,2394
1321,2053,2851,2407
1322,2015,2257,2379
1323,1927,2023,2282
1324,2122,2070,2473
1325,3937,13162,14329
1326,12082,13369,22801
1327,21665,30454,23273
1328,30220,3603,31792
1329,21541,12754,23147
1330,38751,13274,40317
1331,12397,4404,44887
1332,2537,2346,3707
1333,2467,1994,2821
1334,2012,1985,2391
1335,2139,2078,2486
1336,2041,1987,2402
1337,1913,1961,2272
1338,2221,2148,2584
1339,2123,2077,2709
1340,2046,2508,2426
1341,181203,5925,186141
1342,3835,3416,4708
1343,3123,3053,3713
1344,3202,4326,3786
1345,3190,3987,3766
1346,2204,2823,2549
1347,2898,3289,3444
1348,3232,3699,3816
1349,2849,3207,3437
1350,2981,4106,3607
1351,3298,3270,3926
1352,3323,3353,3945
1353,32612,4357,34764
1354,3709,3256,4551
1355,3025,3037,3601
1356,2754,2960,3338
1357,3043,2927,3589
1358,3018,3096,3633
1359,3128,3496,3726
1360,2974,2962,3626
1361,2901,3121,3511
1362,3416,3233,3992
1363,3478,3513,4085
1364,3388,3750,3927
1365,3341,3191,4027
1366,3635,3428,4372
1367,2986,3529,3524
1368,3127,3325,3621
1369,2816,3182,3332
1370,2854,2939,3336
1371,286449,6571,291634
1372,5585,3441,6754
1373,3147,3295,3809
1374,3049,3209,3678
1375,2820,3676,3384
1376,3676,3048,4320
1377,2906,3067,3440
1378,3159,2983,3699
1379,3038,3024,3695
1380,3075,3105,3653
1381,3036,3030,3647
1382,3068,3215,3785
1383,3053,3193,3720
1384,3163,3278,3767
1385,3125,6447,3692
1386,3168,3072,3817
1387,3155,3338,3899
1388,3074,3492,3673
1389,3552,3279,4178
1390,3136,3663,3765
1391,3445,3579,4081
1392,3496,3767,4174
1393,3121,4567,3754
1394,3378,3418,3909
1395,3348,3496,4060
1396,3389,3388,4053
1397,3114,3279,3727
1398,3392,3172,4002
1399,3351,3321,4054
1400,3058,3329,3715
1401,476224,6213,480951
1402,3492,3334,4117
1403,2777,3171,3256
1404,3437,2883,4064
1405,2784,3007,3232
1406,3758,3010,4245
1407,2772,3445,3207
1408,3317,3049,3836
1409,2843,3019,3373
1410,2954,18897,3543
1411,3191,4299,4416
1412,3202,2894,3774
1413,2569,2812,3117
1414,3206,3187,3804
1415,3267,2997,3729
1416,2698,2715,3275
1417,2799,2895,3326
1418,3042,3451,3627
1419,2783,3123,3233
1420,3712,9786,4226
1421,2858,2620,3449
1422,2788,2949,3349
1423,2998,3655,3567
1424,3211,3197,3850
1425,3113,3512,3751
1426,3164,3342,3774
1427,3304,3376,3895
1428,3358,3345,3992
1429,3439,3343,4195
1430,3720,3386,4415
1431,299791,6850,304538
1432,3482,5155,4325
1433,4092,3236,4663
1434,3476,3500,3977
1435,3143,3012,3830
1436,3063,3375,3690
1437,3089,3277,3713
1438,2953,3528,3613
1439,3276,4324,4059
1440,3327,3453,3990
1441,3358,3491,4030
1442,3384,3248,4080
1443,3023,3278,3617
1444,3059,3188,3653
1445,5536,3750,7101
1446,3364,3320,4260
1447,3290,3387,4045
1448,2921,3486,3697
1449,3415,2938,4004
1450,3151,3371,3738
1451,3242,3636,3821
1452,3197,3175,3860
1453,6380,2931,6832
1454,3130,3165,3768
1455,2864,3426,3421
1456,2972,2938,3624
1457,2942,3322,3532
1458,2797,3209,3355
1459,3169,3042,3813
1460,3150,3014,3684
1461,324120,5440,328533
1462,3175,3237,3785
1463,3691,3975,4366
1464,3917,3884,4660
1465,3707,3769,4343
1466,4095,4112,4695
1467,4111,4316,4850
1468,4421,4415,5123
1469,4292,4138,4968
1470,4171,4411,4873
1471,4122,5167,4877
1472,3762,3742,4396
1473,5041,4339,5757
1474,4273,4492,5160
1475,4421,4578,5379
1476,4901,4906,5819
1477,4198,11078,5029
1478,4376,4526,5235
1479,4643,4551,5513
1480,4058,4275,4823
1481,4139,5115,5005
1482,2876,3276,3354
1483,2610,2957,3076
1484,3724,2153,4085
1485,1991,2986,2354
1486,2903,3411,3491
1487,3441,3094,3976
1488,2675,3613,3218
1489,2949,3100,3509
1490,3020,3137,3658
1491,293345,5663,298008
1492,2463,2186,3030
1493,2316,2151,2687
1494,2442,2574,2794
1495,2302,2117,2654
1496,2042,2202,2377
1497,1997,2049,2345
1498,1982,2849,2331
1499,2018,2461,2371
1500,2066,2128,2395
1501,2010,2091,2339
1502,1980,2404,2310
1503,2165,2059,2497
1504,2102,2045,2448
1505,1993,2212,2324
1506,2192,2274,2538
1507,2005,2061,2815
1508,2083,2103,2532
1509,1959,2010,2306
1510,1987,2110,2331
1511,2128,2077,2563
1512,2001,2105,2350
1513,1980,2074,2339
1514,1944,2022,2257
1515,2301,2245,2815
1516,2015,2183,2330
1517,2062,2085,2378
1518,2020,2159,2341
1519,2086,2215,2430
1520,2016,2142,2340
1521,575779,6639,579987
1522,3605,3480,4424
1523,3284,3341,3982
1524,3307,3385,4030
1525,3210,3289,3882
1526,3280,3378,3946
1527,3694,3475,4357
1528,3238,3295,3916
1529,3161,3382,3828
1530,3275,3544,3910
1531,3194,3244,4093
1532,3140,3321,3834
1533,3329,3240,4006
1534,3171,9708,3819
1535,3114,4016,3833
1536,3306,3460,3980
1537,3262,3265,3960
1538,3151,3336,3747
1539,3179,3396,3833
1540,3504,3285,4112
1541,3236,3347,3898
1542,3168,3287,3855
1543,4032,4017,4714
1544,3250,3634,3899
1545,3279,3323,3966
1546,3257,3872,3960
1547,3251,3313,3901
1548,3162,3086,3836
1549,2904,3282,3475
1550,3086,3379,3702
1551,3076,3913,3637
1552,2487,2240,2824
1553,1941,2284,2270
1554,2138,45205,2457
1555,3852,3852,5309
1556,3350,3326,4310
1557,3344,3053,4039
1558,3665,4788,4176
1559,8441,4312,8971
1560,6300,4365,7454
1561,3000,3198,3541
1562,3626,2114,3987
1563,2058,2013,2380
1564,1948,2283,2285
1565,271504,6880,276686
1566,3601,3441,4489
1567,3533,3443,4295
1568,3299,3533,3980
1569,3313,3467,3997
1570,3346,3468,4026
1571,3286,3183,3925
1572,3223,3500,3780
1573,3120,3572,3677
1574,3260,3405,3956
1575,3296,3469,3958
1576,3355,3286,4007
1577,4154,3393,4775
1578,3358,3645,4061
1579,3256,3328,3800
1580,3159,3219,3763
1581,3167,3369,3790
1582,3091,3298,3724
1583,3250,3523,3952
1584,3291,3372,3997
1585,3444,3311,4094
1586,3243,3259,3891
1587,3294,3562,4033
1588,3263,4055,3962
1589,3272,4055,3981
1590,2954,3448,3555
1591,3383,3362,4056
1592,3160,3212,3792
1593,3138,3203,3817
1594,3536,3289,4299
1595,3378,3529,4000
1596,3094,6948,3727
1597,4845,9758,5389
1598,4547,3339,5292
1599,3272,3599,3991
1600,3231,3343,3897
1601,3265,3351,3937
1602,3301,3742,3976
1603,3225,3226,3987
1604,3185,3346,3791
1605,3142,3423,3776
1606,3119,3174,3760
1607,3205,3668,3913
1608,3648,3422,4349
1609,3471,3422,4094
1610,3488,3573,4065
1611,3419,3325,4083
1612,3177,3480,3844
1613,4086,3438,4730
1614,3182,3234,3878
1615,3231,3422,3900
1616,3147,3548,3678
1617,3231,3281,3820
1618,3197,3291,3873
1619,3217,3315,3899
1620,3385,3501,3988
1621,3637,3362,4317
1622,3692,3692,4381
1623,3050,3283,3656
1624,3254,3121,3792
1625,3218,3582,3833
1626,3258,3408,3873
1627,3336,3237,4128
1628,3168,3449,3804
1629,3516,3423,4226
1630,3364,3431,4058
1631,3331,3488,3999
1632,3027,3345,3657
1633,3314,3120,3959
1634,3212,3456,3885
1635,3461,3436,4124
1636,3284,3229,3867
1637,3292,3416,3988
1638,3213,3518,3867
1639,3357,3253,3937
1640,3278,3180,3961
1641,189071,4915,192928
1642,2243,2140,2730
1643,2109,2121,2505
1644,2026,1999,2428
1645,2434,2042,2809
1646,2351,2062,2713
1647,2115,5549,2498
1648,2213,3566,2641
1649,3981,2063,4339
1650,2336,2724,2696
1651,2000,2951,2472
1652,2681,2001,3049
1653,2002,2014,2371
1654,1949,1978,2299
1655,1930,1982,2282
1656,1951,1989,2298
1657,1979,2017,2328
1658,2001,1976,2375
1659,1960,2038,2329
1660,7594,2080,7954
1661,2304,2051,2658
1662,1967,2047,2332
1663,1939,2102,2296
1664,3056,2974,3681
1665,3131,3314,3674
1666,3256,3304,3922
1667,3200,2900,3884
1668,2924,3253,3663
1669,3091,3116,3664
1670,3479,3301,4145
1671,368733,89381,372550
1672,12987,21797,14542
1673,12765,4072,23060
1674,21286,12607,22971
1675,13147,22166,14709
1676,3850,5893,4899
1677,2220,2839,2571
1678,2057,2071,2384
1679,2613,2072,2997
1680,1944,2408,2279
1681,2105,2250,2439
1682,2010,2090,2358
1683,2030,2106,2358
1684,2092,2049,2427
1685,2153,2135,2485
1686,2713,2206,3035
1687,2000,2074,2318
1688,2006,2013,2325
1689,1949,2080,2270
1690,1969,2031,2288
1691,2033,2053,2372
1692,2194,2059,2513
1693,1978,2092,2313
1694,1976,1956,2298
1695,1935,2122,2267
1696,1975,2019,2337
1697,1974,2023,2305
1698,1979,2278,2308
1699,1977,2379,2315
1700,2089,2294,2409
1701,2285,2108,2636
1702,2061,2025,2411
1703,1948,2075,2273
1704,2196,2149,2546
1705,2062,2279,2390
1706,2029,2037,2358
1707,1984,1998,2343
1708,1987,2055,2337
1709,1917,2081,2248
1710,1964,2105,2318
1711,2988,2375,3307
1712,2154,2363,2485
1713,1983,2056,2330
1714,2125,2053,2455
1715,1984,2277,2315
1716,1987,2115,2340
1717,1979,2083,2326
1718,1989,2022,2319
1719,1948,2046,2297
1720,1977,2065,2307
1721,1936,2021,2283
1722,1932,1995,2283
1723,1924,5668,2240
1724,1989,2012,2325
1725,1933,2039,2266
1726,1947,2087,2278
1727,1988,2047,2317
1728,2059,1988,2407
1729,1959,2539,2305
1730,1937,2016,2290
1731,511066,10600,514066
1732,6051,6457,6463
1733,2025,4854,2387
1734,2250,2006,2588
1735,1970,1952,2304
1736,2169,2212,2499
1737,1957,1992,2273
1738,1965,1999,2288
1739,2112,2000,2426
1740,15324,116790,72405
1741,4299,2785,5543
1742,2353,2314,3159
1743,2163,2179,2697
1744,2021,2225,2396
1745,2064,2146,2445
1746,2087,2256,2425
1747,2110,2079,2709
1748,2178,2025,2525
1749,2230,2036,2575
1750,2424,2013,2766
1751,1980,2018,2315
1752,2018,2066,2355
1753,1961,2319,2294
1754,1973,2010,2290
1755,1915,2015,2250
1756,1962,2041,2274
1757,1980,2004,2297
1758,1940,1991,2259
1759,2190,2106,2519
1760,1951,2057,2324
1761,12025,2966,12963
1762,2236,2462,2546
1763,12430,13174,22812
1764,21236,21733,31132
1765,29381,21723,31004
1766,3247,12666,4422
1767,12737,21105,14278
1768,12536,25680,22909
1769,12529,13321,22605
1770,3842,3495,4998
1771,2111,2322,2508
1772,2164,2041,2478
1773,2040,2186,2370
1774,1958,2076,2267
1775,1908,2098,2221
1776,1948,2012,2261
1777,1918,2306,2254
1778,1932,2229,2264
1779,1937,2198,2252
1780,1981,2079,2330
1781,1938,2039,2269
1782,1936,2156,2264
1783,1947,2084,2261
1784,1981,2039,2299
1785,1929,2017,2258
1786,5769,2092,6176
1787,1938,2040,2290
1788,1912,2015,2237
1789,1964,2015,2277
1790,1932,3978,2257
1791,98013,5207,102054
1792,2217,2153,2690
1793,2047,2310,2442
1794,2081,2399,2452
1795,3082,2894,3766
1796,2753,3031,3215
1797,15874,3277,16975
1798,3106,7086,3581
1799,3042,2847,3623
1800,2849,3204,3445
1801,2924,3010,3570
1802,2883,3069,3610
1803,3018,3095,3737
1804,2947,3015,3729
1805,3399,5378,3960
1806,3129,2966,3641
1807,2870,3010,3771
1808,3123,2929,3659
1809,3056,3234,3710
1810,3120,3259,3671
1811,3721,3047,4305
1812,3166,2854,3684
1813,3081,2653,3529
1814,3216,3116,3765
1815,3136,3260,3776
1816,3417,3100,4080
1817,3541,3335,4178
1818,3157,3294,3777
1819,3319,3201,3991
1820,2933,3352,3528
1821,296894,6681,302133
1822,3483,3469,4271
1823,3288,3513,3970
1824,3333,3714,3999
1825,3248,3579,3956
1826,3020,3464,3686
1827,3598,3661,4287
1828,3164,3609,3858
1829,3044,3288,3688
1830,3133,3187,3674
1831,3344,3180,4015
1832,3455,3664,4101
1833,3380,3387,4150
1834,3207,3359,3785
1835,3305,3457,4006
1836,3313,3193,3933
1837,2981,3126,3582
1838,3164,3157,3829
1839,3170,3308,3828
1840,3170,3270,3730
1841,3662,3287,4391
1842,3553,3261,4216
1843,3240,3396,3946
1844,3162,3235,3740
1845,3178,3475,3706
1846,3316,3716,3974
1847,7294,3462,8006
1848,3190,3420,3789
1849,3188,3404,3781
1850,3172,3234,3845
1851,545914,5333,551029
1852,2239,2248,2798
1853,2063,2829,2397
1854,2258,2108,2619
1855,2071,2158,2409
1856,2088,2003,2408
1857,1986,2073,2326
1858,1995,2042,2319
1859,1973,2058,2337
1860,1984,2048,2304
1861,2089,2084,2428
1862,1975,2011,2296
1863,2667,2059,3003
1864,1966,2029,2324
1865,2303,2020,2638
1866,7622,3184,8260
1867,2868,2797,3352
1868,2835,2838,3362
1869,3005,3060,3638
1870,3534,2125,3942
1871,1992,2060,2348
1872,1970,1978,2327
1873,1934,1967,2304
1874,1987,2012,2329
1875,1972,2238,2371
1876,2253,2032,2570
1877,2201,1984,2561
1878,2302,3961,2643
1879,1996,2248,2336
1880,2181,2027,2544
1881,162199,7232,167264
1882,3435,3356,4163
1883,3044,3074,3684
1884,3365,3653,4019
1885,3215,3333,3905
1886,3607,3352,4309
1887,3305,3371,4027
1888,3216,3345,3933
1889,3477,3319,4280
1890,3211,3451,4005
1891,3355,4778,4048
1892,3272,3473,3925
1893,3238,3232,3844
1894,3150,3022,3709
1895,3078,3162,3682
1896,3936,2153,4407
1897,2040,2106,2387
1898,2504,2147,2866
1899,2075,2138,2457
1900,2020,2051,2366
1901,2105,2041,2462
1902,421570,5491,425800
1903,2518,2114,3021
1904,2301,2122,2623
1905,2031,2196,2364
1906,2895,3161,3512
1907,3055,3028,3634
1908,3342,3027,3884
1909,2907,2925,3499
1910,2842,3665,3421
1911,3039,3397,3656
1912,3381,3414,4021
1913,3129,3357,3643
1914,3680,3798,4330
1915,3266,3902,3925
1916,3394,3342,4044
1917,3175,3420,3858
1918,3345,3596,3957
1919,3121,3481,3767
1920,3271,3352,3901
1921,3128,3275,3785
1922,3229,4118,3819
1923,11848,7763,12650
1924,3250,3007,3790
1925,2948,2996,3553
1926,2934,3060,3480
1927,2997,3029,3557
1928,3297,3077,3893
1929,3064,4301,3645
1930,2267,2068,2601
1931,2966,3951,3586
1932,3341,6502,3843
1933,2647,2768,3144
1934,2833,3017,3348
1935,3328,4542,3876
1936,62404,74173,75733
1937,5123,3550,6596
1938,3698,3743,4234
1939,1982,2304,2314
1940,3271,3283,3872
1941,3280,3151,3869
1942,3227,3167,3759
1943,3814,2333,4187
1944,1975,2019,2310
1945,2018,2079,2347
1946,2045,2060,2365
1947,1985,2652,2308
1948,3223,3864,3784
1949,3496,3148,4039
1950,2660,2745,3072
1951,2799,3259,3338
1952,3186,3749,3845
1953,3113,3643,3783
1954,2931,3025,3739
1955,2962,4108,3552
1956,2012,13856,2375
1957,13134,58082,24795
1958,6417,3915,8264
1959,3315,3406,4219
1960,3217,3713,4055
1961,4090,3371,4774
1962,3676,3355,4369
1963,3064,3283,3750
1964,3087,4224,3630
1965,2341,22719,62417
1966,12933,14280,14536
1967,55837,4650,57912
1968,3413,3244,4081
1969,3031,3023,3703
1970,2340,2048,2671
1971,1983,2020,2373
1972,1951,2026,2296
1973,2332,2058,2645
1974,1986,2055,2315
1975,1981,2087,2300
1976,1951,2127,2288
1977,1949,2015,2286
1978,2486,2044,2801
1979,1937,2421,2377
1980,12922,23785,111639
1981,4969,3531,6427
1982,3286,3095,3858
1983,3185,3159,3861
1984,3091,4118,3609
1985,2276,2496,2628
1986,1984,2019,2310
1987,1949,2049,2280
1988,2017,2083,2343
1989,1964,5206,2295
1990,2021,2031,2337
1991,1971,2039,2308
1992,2183,2041,2529
1993,66636,33881,68296
1994,16637,4601,18624
1995,3545,3646,4702
1996,3867,3474,4812
1997,3426,3323,4074
1998,3228,3256,3885
1999,3171,3436,3831
2000,3244,3261,3947
