sample_idx,t1_ns,t2_ns,t3_ns,t4_ns,master_to_slave_ns,slave_to_master_ns,offset_ns,path_delay_ns,t2_kernel_timestamp,t4_kernel_timestamp,used_for_offset,used_for_best_path,clock_sync_method,clock_sync_protocol,clock_sync_kernel_timestamp,clock_sync_kernel_timestamp_received,clock_sync_kernel_timestamp_fallback,clock_sync_t2_kernel_timestamp_received,clock_sync_t2_kernel_timestamp_fallback,clock_sync_t4_kernel_timestamp_received,clock_sync_t4_kernel_timestamp_fallback,clock_offset_final_ns,clock_offset_mean_ns,clock_offset_median_ns,clock_offset_best_path_median_ns,clock_offset_std_ns,clock_offset_mad_ns,clock_sync_path_delay_final_ns,clock_sync_path_delay_mean_ns,clock_sync_path_delay_min_ns,clock_sync_path_delay_median_ns,clock_sync_path_delay_p95_ns,clock_sync_path_delay_best_median_ns
1,1782212055470392401,1782212051689764317,1782212051689901464,1782212055471066315,-3780628084,3781164851,3780896467,268383,1,1,0,0,best-path-median,udp,1,528,0,264,0,264,0,3780876599,3780877509,3780874762,3780876599,14690.274840,8918,200616,201213,170611,203386,216411,200616
2,1782212055471087295,1782212051690422204,1782212051690493112,1782212055471601509,-3780665091,3781108397,3780886744,221653,1,1,0,0,best-path-median,udp,1,528,0,264,0,264,0,3780876599,3780877509,3780874762,3780876599,14690.274840,8918,200616,201213,170611,203386,216411,200616
3,1782212055471623039,1782212051690977243,1782212051691001962,1782212055472113571,-3780645796,3781111609,3780878702,232906,1,1,0,0,best-path-median,udp,1,528,0,264,0,264,0,3780876599,3780877509,3780874762,3780876599,14690.274840,8918,200616,201213,170611,203386,216411,200616
4,1782212055472135282,1782212051691454954,1782212051691521793,1782212055472622325,-3780680328,3781100532,3780890430,210102,1,1,0,0,best-path-median,udp,1,528,0,264,0,264,0,3780876599,3780877509,3780874762,3780876599,14690.274840,8918,200616,201213,170611,203386,216411,200616
5,1782212055472642965,1782212051691981584,1782212051691992564,1782212055473076578,-3780661381,3781084014,3780872697,211316,1,1,0,0,best-path-median,udp,1,528,0,264,0,264,0,3780876599,3780877509,3780874762,3780876599,14690.274840,8918,200616,201213,170611,203386,216411,200616
6,1782212055473098488,1782212051692380936,1782212051692445935,1782212055473532420,-3780717552,3781086485,3780902018,184466,1,1,0,0,best-path-median,udp,1,528,0,264,0,264,0,3780876599,3780877509,3780874762,3780876599,14690.274840,8918,200616,201213,170611,203386,216411,200616
7,1782212055473553701,1782212051692896436,1782212051692907475,1782212055473992104,-3780657265,3781084629,3780870947,213682,1,1,0,0,best-path-median,udp,1,528,0,264,0,264,0,3780876599,3780877509,3780874762,3780876599,14690.274840,8918,200616,201213,170611,203386,216411,200616
8,1782212055474013354,1782212051693355937,1782212051693366606,1782212055474448926,-3780657417,3781082320,3780869868,212451,1,1,0,0,best-path-median,udp,1,528,0,264,0,264,0,3780876599,3780877509,3780874762,3780876599,14690.274840,8918,200616,201213,170611,203386,216411,200616
9,1782212055474469866,1782212051693797348,1782212051693804728,1782212055474881760,-3780672518,3781077032,3780874775,202257,1,1,0,0,best-path-median,udp,1,528,0,264,0,264,0,3780876599,3780877509,3780874762,3780876599,14690.274840,8918,200616,201213,170611,203386,216411,200616
10,1782212055474904310,1782212051694229430,1782212051694235920,1782212055475311322,-3780674880,3781075402,3780875141,200261,1,1,0,0,best-path-median,udp,1,528,0,264,0,264,0,3780876599,3780877509,3780874762,3780876599,14690.274840,8918,200616,201213,170611,203386,216411,200616
11,1782212055475332712,1782212051694603333,1782212051694628852,1782212055475705764,-3780729379,3781076912,3780903145,173766,1,1,0,0,best-path-median,udp,1,528,0,264,0,264,0,3780876599,3780877509,3780874762,3780876599,14690.274840,8918,200616,201213,170611,203386,216411,200616
12,1782212055475726054,1782212051695067304,1782212051695073564,1782212055476151188,-3780658750,3781077624,3780868187,209437,1,1,0,0,best-path-median,udp,1,528,0,264,0,264,0,3780876599,3780877509,3780874762,3780876599,14690.274840,8918,200616,201213,170611,203386,216411,200616
13,1782212055476172428,1782212051695520985,1782212051695537684,1782212055476619240,-3780651443,3781081556,3780866499,215056,1,1,0,0,best-path-median,udp,1,528,0,264,0,264,0,3780876599,3780877509,3780874762,3780876599,14690.274840,8918,200616,201213,170611,203386,216411,200616
14,1782212055476640170,1782212051695966826,1782212051695973256,1782212055477050393,-3780673344,3781077137,3780875240,201896,1,1,1,1,best-path-median,udp,1,528,0,264,0,264,0,3780876599,3780877509,3780874762,3780876599,14690.274840,8918,200616,201213,170611,203386,216411,200616
15,1782212055477071003,1782212051696396047,1782212051696401977,1782212055477490726,-3780674956,3781088749,3780881852,206896,1,1,1,0,best-path-median,udp,1,528,0,264,0,264,0,3780876599,3780877509,3780874762,3780876599,14690.274840,8918,200616,201213,170611,203386,216411,200616
16,1782212055477510956,1782212051696779800,1782212051696803939,1782212055477893008,-3780731156,3781089069,3780910112,178956,1,1,1,1,best-path-median,udp,1,528,0,264,0,264,0,3780876599,3780877509,3780874762,3780876599,14690.274840,8918,200616,201213,170611,203386,216411,200616
17,1782212055477913428,1782212051697260861,1782212051697277031,1782212055478364032,-3780652567,3781087001,3780869784,217217,1,1,1,0,best-path-median,udp,1,528,0,264,0,264,0,3780876599,3780877509,3780874762,3780876599,14690.274840,8918,200616,201213,170611,203386,216411,200616
18,1782212055478384712,1782212051697728662,1782212051697734832,1782212055478835764,-3780656050,3781100932,3780878491,222441,1,1,1,0,best-path-median,udp,1,528,0,264,0,264,0,3780876599,3780877509,3780874762,3780876599,14690.274840,8918,200616,201213,170611,203386,216411,200616
19,1782212055478856674,1782212051698182873,1782212051698188393,1782212055479277637,-3780673801,3781089244,3780881522,207721,1,1,1,0,best-path-median,udp,1,528,0,264,0,264,0,3780876599,3780877509,3780874762,3780876599,14690.274840,8918,200616,201213,170611,203386,216411,200616
20,1782212055479299427,1782212051698626934,1782212051698632194,1782212055479710550,-3780672493,3781078356,3780875424,202931,1,1,1,1,best-path-median,udp,1,528,0,264,0,264,0,3780876599,3780877509,3780874762,3780876599,14690.274840,8918,200616,201213,170611,203386,216411,200616
21,1782212055479734240,1782212051699002897,1782212051699026406,1782212055480104852,-3780731343,3781078446,3780904894,173551,1,1,1,1,best-path-median,udp,1,528,0,264,0,264,0,3780876599,3780877509,3780874762,3780876599,14690.274840,8918,200616,201213,170611,203386,216411,200616
22,1782212055480126622,1782212051699468518,1782212051699474307,1782212055480551575,-3780658104,3781077268,3780867686,209582,1,1,1,0,best-path-median,udp,1,528,0,264,0,264,0,3780876599,3780877509,3780874762,3780876599,14690.274840,8918,200616,201213,170611,203386,216411,200616
23,1782212055480572645,1782212051699921349,1782212051699937608,1782212055481014908,-3780651296,3781077300,3780864298,213002,1,1,1,0,best-path-median,udp,1,528,0,264,0,264,0,3780876599,3780877509,3780874762,3780876599,14690.274840,8918,200616,201213,170611,203386,216411,200616
24,1782212055481035148,1782212051700360701,1782212051700366191,1782212055481443401,-3780674447,3781077210,3780875828,201381,1,1,1,1,best-path-median,udp,1,528,0,264,0,264,0,3780876599,3780877509,3780874762,3780876599,14690.274840,8918,200616,201213,170611,203386,216411,200616
25,1782212055481463981,1782212051700789432,1782212051700795122,1782212055481875353,-3780674549,3781080231,3780877390,202841,1,1,1,1,best-path-median,udp,1,528,0,264,0,264,0,3780876599,3780877509,3780874762,3780876599,14690.274840,8918,200616,201213,170611,203386,216411,200616
26,1782212055481895963,1782212051701165325,1782212051701189225,1782212055482272146,-3780730638,3781082921,3780906779,176141,1,1,1,1,best-path-median,udp,1,528,0,264,0,264,0,3780876599,3780877509,3780874762,3780876599,14690.274840,8918,200616,201213,170611,203386,216411,200616
27,1782212055482293546,1782212051701642056,1782212051701658605,1782212055482736829,-3780651490,3781078224,3780864857,213367,1,1,1,0,best-path-median,udp,1,528,0,264,0,264,0,3780876599,3780877509,3780874762,3780876599,14690.274840,8918,200616,201213,170611,203386,216411,200616
28,1782212055482757359,1782212051702105686,1782212051702121826,1782212055483198842,-3780651673,3781077016,3780864344,212671,1,1,1,0,best-path-median,udp,1,528,0,264,0,264,0,3780876599,3780877509,3780874762,3780876599,14690.274840,8918,200616,201213,170611,203386,216411,200616
29,1782212055483219802,1782212051702555117,1782212051702561037,1782212055483638085,-3780664685,3781077048,3780870866,206181,1,1,1,0,best-path-median,udp,1,528,0,264,0,264,0,3780876599,3780877509,3780874762,3780876599,14690.274840,8918,200616,201213,170611,203386,216411,200616
30,1782212055483659675,1782212051702986129,1782212051702991369,1782212055484069337,-3780673546,3781077968,3780875757,202211,1,1,1,1,best-path-median,udp,1,528,0,264,0,264,0,3780876599,3780877509,3780874762,3780876599,14690.274840,8918,200616,201213,170611,203386,216411,200616
31,1782212055484091007,1782212051703356913,1782212051703380002,1782212055484455560,-3780734094,3781075558,3780904826,170732,1,1,1,1,best-path-median,udp,1,528,0,264,0,264,0,3780876599,3780877509,3780874762,3780876599,14690.274840,8918,200616,201213,170611,203386,216411,200616
32,1782212055484476600,1782212051703824893,1782212051703840983,1782212055484919343,-3780651707,3781078360,3780865033,213326,1,1,1,0,best-path-median,udp,1,528,0,264,0,264,0,3780876599,3780877509,3780874762,3780876599,14690.274840,8918,200616,201213,170611,203386,216411,200616
33,1782212055484940873,1782212051704288794,1782212051704304034,1782212055485381065,-3780652079,3781077031,3780864555,212476,1,1,1,0,best-path-median,udp,1,528,0,264,0,264,0,3780876599,3780877509,3780874762,3780876599,14690.274840,8918,200616,201213,170611,203386,216411,200616
34,1782212055485403365,1782212051704728405,1782212051704734645,1782212055485814048,-3780674960,3781079403,3780877181,202221,1,1,1,1,best-path-median,udp,1,528,0,264,0,264,0,3780876599,3780877509,3780874762,3780876599,14690.274840,8918,200616,201213,170611,203386,216411,200616
35,1782212055485835669,1782212051705161227,1782212051705166896,1782212055486245771,-3780674442,3781078875,3780876658,202216,1,1,1,1,best-path-median,udp,1,528,0,264,0,264,0,3780876599,3780877509,3780874762,3780876599,14690.274840,8918,200616,201213,170611,203386,216411,200616
36,1782212055486267211,1782212051705544659,1782212051705557529,1782212055486633493,-3780722552,3781075964,3780899258,176706,1,1,1,1,best-path-median,udp,1,528,0,264,0,264,0,3780876599,3780877509,3780874762,3780876599,14690.274840,8918,200616,201213,170611,203386,216411,200616
37,1782212055486654423,1782212051706003200,1782212051706018340,1782212055487098666,-3780651223,3781080326,3780865774,214551,1,1,1,0,best-path-median,udp,1,528,0,264,0,264,0,3780876599,3780877509,3780874762,3780876599,14690.274840,8918,200616,201213,170611,203386,216411,200616
38,1782212055487119496,1782212051706461312,1782212051706468842,1782212055487547599,-3780658184,3781078757,3780868470,210286,1,1,1,0,best-path-median,udp,1,528,0,264,0,264,0,3780876599,3780877509,3780874762,3780876599,14690.274840,8918,200616,201213,170611,203386,216411,200616
39,1782212055487570589,1782212051706896683,1782212051706902343,1782212055487981082,-3780673906,3781078739,3780876322,202416,1,1,1,1,best-path-median,udp,1,528,0,264,0,264,0,3780876599,3780877509,3780874762,3780876599,14690.274840,8918,200616,201213,170611,203386,216411,200616
40,1782212055488002792,1782212051707328965,1782212051707334364,1782212055488412254,-3780673827,3781077890,3780875858,202031,1,1,1,1,best-path-median,udp,1,528,0,264,0,264,0,3780876599,3780877509,3780874762,3780876599,14690.274840,8918,200616,201213,170611,203386,216411,200616
41,1782212055488433064,1782212051707701227,1782212051707724477,1782212055488800917,-3780731837,3781076440,3780904138,172301,1,1,1,1,best-path-median,udp,1,528,0,264,0,264,0,3780876599,3780877509,3780874762,3780876599,14690.274840,8918,200616,201213,170611,203386,216411,200616
42,1782212055488821777,1782212051708170668,1782212051708186168,1782212055489265040,-3780651109,3781078872,3780864990,213881,1,1,1,0,best-path-median,udp,1,528,0,264,0,264,0,3780876599,3780877509,3780874762,3780876599,14690.274840,8918,200616,201213,170611,203386,216411,200616
43,1782212055489288210,1782212051708636379,1782212051708652748,1782212055489728653,-3780651831,3781075905,3780863868,212037,1,1,1,0,best-path-median,udp,1,528,0,264,0,264,0,3780876599,3780877509,3780874762,3780876599,14690.274840,8918,200616,201213,170611,203386,216411,200616
44,1782212055489749393,1782212051709078110,1782212051709084130,1782212055490161425,-3780671283,3781077295,3780874289,203006,1,1,1,1,best-path-median,udp,1,528,0,264,0,264,0,3780876599,3780877509,3780874762,3780876599,14690.274840,8918,200616,201213,170611,203386,216411,200616
45,1782212055490182815,1782212051709518862,1782212051709524202,1782212055490599338,-3780663953,3781075136,3780869544,205591,1,1,1,0,best-path-median,udp,1,528,0,264,0,264,0,3780876599,3780877509,3780874762,3780876599,14690.274840,8918,200616,201213,170611,203386,216411,200616
46,1782212055490620288,1782212051709887155,1782212051709910244,1782212055490987040,-3780733133,3781076796,3780904964,171831,1,1,1,1,best-path-median,udp,1,528,0,264,0,264,0,3780876599,3780877509,3780874762,3780876599,14690.274840,8918,200616,201213,170611,203386,216411,200616
47,1782212055491007551,1782212051710355926,1782212051710371815,1782212055491449603,-3780651625,3781077788,3780864706,213081,1,1,1,0,best-path-median,udp,1,528,0,264,0,264,0,3780876599,3780877509,3780874762,3780876599,14690.274840,8918,200616,201213,170611,203386,216411,200616
48,1782212055491471003,1782212051710819936,1782212051710836306,1782212055491915077,-3780651067,3781078771,3780864919,213852,1,1,1,0,best-path-median,udp,1,528,0,264,0,264,0,3780876599,3780877509,3780874762,3780876599,14690.274840,8918,200616,201213,170611,203386,216411,200616
49,1782212055491947527,1782212051711261798,1782212051711267708,1782212055492346769,-3780685729,3781079061,3780882395,196666,1,1,1,1,best-path-median,udp,1,528,0,264,0,264,0,3780876599,3780877509,3780874762,3780876599,14690.274840,8918,200616,201213,170611,203386,216411,200616
50,1782212055492367869,1782212051711694809,1782212051711700409,1782212055492781082,-3780673060,3781080673,3780876866,203806,1,1,1,0,best-path-median,udp,1,528,0,264,0,264,0,3780876599,3780877509,3780874762,3780876599,14690.274840,8918,200616,201213,170611,203386,216411,200616
51,1782212055492802572,1782212051712070582,1782212051712094321,1782212055493169594,-3780731990,3781075273,3780903631,171641,1,1,1,1,best-path-median,udp,1,528,0,264,0,264,0,3780876599,3780877509,3780874762,3780876599,14690.274840,8918,200616,201213,170611,203386,216411,200616
52,1782212055493190495,1782212051712538373,1782212051712554573,1782212055493631057,-3780652122,3781076484,3780864303,212181,1,1,1,0,best-path-median,udp,1,528,0,264,0,264,0,3780876599,3780877509,3780874762,3780876599,14690.274840,8918,200616,201213,170611,203386,216411,200616
53,1782212055493651477,1782212051712998534,1782212051713013664,1782212055494092031,-3780652943,3781078367,3780865655,212712,1,1,1,0,best-path-median,udp,1,528,0,264,0,264,0,3780876599,3780877509,3780874762,3780876599,14690.274840,8918,200616,201213,170611,203386,216411,200616
54,1782212055494112701,1782212051713443665,1782212051713450295,1782212055494527753,-3780669036,3781077458,3780873247,204211,1,1,1,0,best-path-median,udp,1,528,0,264,0,264,0,3780876599,3780877509,3780874762,3780876599,14690.274840,8918,200616,201213,170611,203386,216411,200616
55,1782212055494548813,1782212051713874147,1782212051713879247,1782212055494956065,-3780674666,3781076818,3780875742,201076,1,1,1,1,best-path-median,udp,1,528,0,264,0,264,0,3780876599,3780877509,3780874762,3780876599,14690.274840,8918,200616,201213,170611,203386,216411,200616
56,1782212055494977005,1782212051714243939,1782212051714266429,1782212055495343478,-3780733066,3781077049,3780905057,171991,1,1,1,1,best-path-median,udp,1,528,0,264,0,264,0,3780876599,3780877509,3780874762,3780876599,14690.274840,8918,200616,201213,170611,203386,216411,200616
57,1782212055495365559,1782212051714724630,1782212051714740059,1782212055495817431,-3780640929,3781077372,3780859150,218221,1,1,1,0,best-path-median,udp,1,528,0,264,0,264,0,3780876599,3780877509,3780874762,3780876599,14690.274840,8918,200616,201213,170611,203386,216411,200616
58,1782212055495838441,1782212051715185151,1782212051715200230,1782212055496278034,-3780653290,3781077804,3780865547,212257,1,1,1,0,best-path-median,udp,1,528,0,264,0,264,0,3780876599,3780877509,3780874762,3780876599,14690.274840,8918,200616,201213,170611,203386,216411,200616
59,1782212055496299254,1782212051715625633,1782212051715631823,1782212055496710567,-3780673621,3781078744,3780876182,202561,1,1,1,1,best-path-median,udp,1,528,0,264,0,264,0,3780876599,3780877509,3780874762,3780876599,14690.274840,8918,200616,201213,170611,203386,216411,200616
60,1782212055496731947,1782212051716056494,1782212051716062054,1782212055497138539,-3780675453,3781076485,3780875969,200516,1,1,1,1,best-path-median,udp,1,528,0,264,0,264,0,3780876599,3780877509,3780874762,3780876599,14690.274840,8918,200616,201213,170611,203386,216411,200616
61,1782212055497159929,1782212051716427797,1782212051716451247,1782212055497530511,-3780732132,3781079264,3780905698,173566,1,1,1,1,best-path-median,udp,1,528,0,264,0,264,0,3780876599,3780877509,3780874762,3780876599,14690.274840,8918,200616,201213,170611,203386,216411,200616
62,1782212055497552293,1782212051716901378,1782212051716916437,1782212055497991785,-3780650915,3781075348,3780863131,212216,1,1,1,0,best-path-median,udp,1,528,0,264,0,264,0,3780876599,3780877509,3780874762,3780876599,14690.274840,8918,200616,201213,170611,203386,216411,200616
63,1782212055498012015,1782212051717360979,1782212051717375038,1782212055498452767,-3780651036,3781077729,3780864382,213346,1,1,1,0,best-path-median,udp,1,528,0,264,0,264,0,3780876599,3780877509,3780874762,3780876599,14690.274840,8918,200616,201213,170611,203386,216411,200616
64,1782212055498475578,1782212051717802670,1782212051717808550,1782212055498888061,-3780672908,3781079511,3780876209,203301,1,1,1,1,best-path-median,udp,1,528,0,264,0,264,0,3780876599,3780877509,3780874762,3780876599,14690.274840,8918,200616,201213,170611,203386,216411,200616
65,1782212055498908831,1782212051718233572,1782212051718239002,1782212055499316423,-3780675259,3781077421,3780876340,201081,1,1,1,1,best-path-median,udp,1,528,0,264,0,264,0,3780876599,3780877509,3780874762,3780876599,14690.274840,8918,200616,201213,170611,203386,216411,200616
66,1782212055499339143,1782212051718609745,1782212051718632904,1782212055499710735,-3780729398,3781077831,3780903614,174216,1,1,1,1,best-path-median,udp,1,528,0,264,0,264,0,3780876599,3780877509,3780874762,3780876599,14690.274840,8918,200616,201213,170611,203386,216411,200616
67,1782212055499733565,1782212051719080855,1782212051719096095,1782212055500172629,-3780652710,3781076534,3780864622,211912,1,1,1,0,best-path-median,udp,1,528,0,264,0,264,0,3780876599,3780877509,3780874762,3780876599,14690.274840,8918,200616,201213,170611,203386,216411,200616
68,1782212055500195909,1782212051719543896,1782212051719560296,1782212055500639941,-3780652013,3781079645,3780865829,213816,1,1,1,0,best-path-median,udp,1,528,0,264,0,264,0,3780876599,3780877509,3780874762,3780876599,14690.274840,8918,200616,201213,170611,203386,216411,200616
69,1782212055500660471,1782212051719988668,1782212051719994747,1782212055501071614,-3780671803,3781076867,3780874335,202532,1,1,1,1,best-path-median,udp,1,528,0,264,0,264,0,3780876599,3780877509,3780874762,3780876599,14690.274840,8918,200616,201213,170611,203386,216411,200616
70,1782212055501091884,1782212051720419589,1782212051720425329,1782212055501503317,-3780672295,3781077988,3780875141,202846,1,1,1,1,best-path-median,udp,1,528,0,264,0,264,0,3780876599,3780877509,3780874762,3780876599,14690.274840,8918,200616,201213,170611,203386,216411,200616
71,1782212055501524417,1782212051720793332,1782212051720816911,1782212055501893439,-3780731085,3781076528,3780903806,172721,1,1,1,1,best-path-median,udp,1,528,0,264,0,264,0,3780876599,3780877509,3780874762,3780876599,14690.274840,8918,200616,201213,170611,203386,216411,200616
72,1782212055501916019,1782212051721265043,1782212051721281233,1782212055502359113,-3780650976,3781077880,3780864428,213452,1,1,1,0,best-path-median,udp,1,528,0,264,0,264,0,3780876599,3780877509,3780874762,3780876599,14690.274840,8918,200616,201213,170611,203386,216411,200616
73,1782212055502379593,1782212051721727104,1782212051721742994,1782212055502819815,-3780652489,3781076821,3780864655,212166,1,1,1,0,best-path-median,udp,1,528,0,264,0,264,0,3780876599,3780877509,3780874762,3780876599,14690.274840,8918,200616,201213,170611,203386,216411,200616
74,1782212055502839765,1782212051722170065,1782212051722176165,1782212055503254467,-3780669700,3781078302,3780874001,204301,1,1,1,0,best-path-median,udp,1,528,0,264,0,264,0,3780876599,3780877509,3780874762,3780876599,14690.274840,8918,200616,201213,170611,203386,216411,200616
75,1782212055503275138,1782212051722603447,1782212051722608567,1782212055503684901,-3780671691,3781076334,3780874012,202321,1,1,1,1,best-path-median,udp,1,528,0,264,0,264,0,3780876599,3780877509,3780874762,3780876599,14690.274840,8918,200616,201213,170611,203386,216411,200616
76,1782212055503705481,1782212051722973689,1782212051722995349,1782212055504072153,-3780731792,3781076804,3780904298,172506,1,1,1,1,best-path-median,udp,1,528,0,264,0,264,0,3780876599,3780877509,3780874762,3780876599,14690.274840,8918,200616,201213,170611,203386,216411,200616
77,1782212055504092663,1782212051723443680,1782212051723460280,1782212055504537085,-3780648983,3781076805,3780862894,213911,1,1,1,0,best-path-median,udp,1,528,0,264,0,264,0,3780876599,3780877509,3780874762,3780876599,14690.274840,8918,200616,201213,170611,203386,216411,200616
78,1782212055504558075,1782212051723905631,1782212051723920941,1782212055504996949,-3780652444,3781076008,3780864226,211782,1,1,1,0,best-path-median,udp,1,528,0,264,0,264,0,3780876599,3780877509,3780874762,3780876599,14690.274840,8918,200616,201213,170611,203386,216411,200616
79,1782212055505017239,1782212051724344683,1782212051724350573,1782212055505427541,-3780672556,3781076968,3780874762,202206,1,1,1,1,best-path-median,udp,1,528,0,264,0,264,0,3780876599,3780877509,3780874762,3780876599,14690.274840,8918,200616,201213,170611,203386,216411,200616
80,1782212055505448021,1782212051724776755,1782212051724782084,1782212055505861374,-3780671266,3781079290,3780875278,204012,1,1,1,0,best-path-median,udp,1,528,0,264,0,264,0,3780876599,3780877509,3780874762,3780876599,14690.274840,8918,200616,201213,170611,203386,216411,200616
81,1782212055505883104,1782212051725151727,1782212051725173947,1782212055506250487,-3780731377,3781076540,3780903958,172581,1,1,1,1,best-path-median,udp,1,528,0,264,0,264,0,3780876599,3780877509,3780874762,3780876599,14690.274840,8918,200616,201213,170611,203386,216411,200616
82,1782212055506270877,1782212051725612398,1782212051725618058,1782212055506697379,-3780658479,3781079321,3780868900,210421,1,1,1,0,best-path-median,udp,1,528,0,264,0,264,0,3780876599,3780877509,3780874762,3780876599,14690.274840,8918,200616,201213,170611,203386,216411,200616
83,1782212055506718259,1782212051726068699,1782212051726084008,1782212055507164003,-3780649560,3781079995,3780864777,215217,1,1,1,0,best-path-median,udp,1,528,0,264,0,264,0,3780876599,3780877509,3780874762,3780876599,14690.274840,8918,200616,201213,170611,203386,216411,200616
84,1782212055507184383,1782212051726515220,1782212051726521150,1782212055507600185,-3780669163,3781079035,3780874099,204936,1,1,1,0,best-path-median,udp,1,528,0,264,0,264,0,3780876599,3780877509,3780874762,3780876599,14690.274840,8918,200616,201213,170611,203386,216411,200616
85,1782212055507620715,1782212051726959081,1782212051726964641,1782212055508040288,-3780661634,3781075647,3780868640,207006,1,1,1,0,best-path-median,udp,1,528,0,264,0,264,0,3780876599,3780877509,3780874762,3780876599,14690.274840,8918,200616,201213,170611,203386,216411,200616
86,1782212055508060698,1782212051727326935,1782212051727349914,1782212055508426021,-3780733763,3781076107,3780904935,171172,1,1,1,1,best-path-median,udp,1,528,0,264,0,264,0,3780876599,3780877509,3780874762,3780876599,14690.274840,8918,200616,201213,170611,203386,216411,200616
87,1782212055508443521,1782212051727791206,1782212051727807235,1782212055508883263,-3780652315,3781076028,3780864171,211856,1,1,1,0,best-path-median,udp,1,528,0,264,0,264,0,3780876599,3780877509,3780874762,3780876599,14690.274840,8918,200616,201213,170611,203386,216411,200616
88,1782212055508901973,1782212051728248767,1782212051728264156,1782212055509339116,-3780653206,3781074960,3780864083,210877,1,1,1,0,best-path-median,udp,1,528,0,264,0,264,0,3780876599,3780877509,3780874762,3780876599,14690.274840,8918,200616,201213,170611,203386,216411,200616
89,1782212055509358186,1782212051728685158,1782212051728691178,1782212055509772859,-3780673028,3781081681,3780877354,204326,1,1,1,0,best-path-median,udp,1,528,0,264,0,264,0,3780876599,3780877509,3780874762,3780876599,14690.274840,8918,200616,201213,170611,203386,216411,200616
90,1782212055509791349,1782212051729116059,1782212051729121329,1782212055510197321,-3780675290,3781075992,3780875641,200351,1,1,1,1,best-path-median,udp,1,528,0,264,0,264,0,3780876599,3780877509,3780874762,3780876599,14690.274840,8918,200616,201213,170611,203386,216411,200616
91,1782212055510214721,1782212051729482692,1782212051729506822,1782212055510582703,-3780732029,3781075881,3780903955,171926,1,1,1,1,best-path-median,udp,1,528,0,264,0,264,0,3780876599,3780877509,3780874762,3780876599,14690.274840,8918,200616,201213,170611,203386,216411,200616
92,1782212055510604454,1782212051729951023,1782212051729966063,1782212055511040987,-3780653431,3781074924,3780864177,210746,1,1,1,0,best-path-median,udp,1,528,0,264,0,264,0,3780876599,3780877509,3780874762,3780876599,14690.274840,8918,200616,201213,170611,203386,216411,200616
93,1782212055511057777,1782212051730408525,1782212051730439974,1782212055511522520,-3780649252,3781082546,3780865899,216647,1,1,1,0,best-path-median,udp,1,528,0,264,0,264,0,3780876599,3780877509,3780874762,3780876599,14690.274840,8918,200616,201213,170611,203386,216411,200616
94,1782212055511542800,1782212051730868406,1782212051730874636,1782212055511955483,-3780674394,3781080847,3780877620,203226,1,1,1,1,best-path-median,udp,1,528,0,264,0,264,0,3780876599,3780877509,3780874762,3780876599,14690.274840,8918,200616,201213,170611,203386,216411,200616
95,1782212055511975373,1782212051731301987,1782212051731307917,1782212055512383925,-3780673386,3781076008,3780874697,201311,1,1,1,1,best-path-median,udp,1,528,0,264,0,264,0,3780876599,3780877509,3780874762,3780876599,14690.274840,8918,200616,201213,170611,203386,216411,200616
96,1782212055512402295,1782212051731669990,1782212051731696629,1782212055512772797,-3780732305,3781076168,3780904236,171931,1,1,1,1,best-path-median,udp,1,528,0,264,0,264,0,3780876599,3780877509,3780874762,3780876599,14690.274840,8918,200616,201213,170611,203386,216411,200616
97,1782212055512789898,1782212051732137141,1782212051732154010,1782212055513235281,-3780652757,3781081271,3780867014,214257,1,1,1,0,best-path-median,udp,1,528,0,264,0,264,0,3780876599,3780877509,3780874762,3780876599,14690.274840,8918,200616,201213,170611,203386,216411,200616
98,1782212055513261061,1782212051732609101,1782212051732625161,1782212055513704084,-3780651960,3781078923,3780865441,213481,1,1,1,0,best-path-median,udp,1,528,0,264,0,264,0,3780876599,3780877509,3780874762,3780876599,14690.274840,8918,200616,201213,170611,203386,216411,200616
99,1782212055513722214,1782212051733046773,1782212051733052603,1782212055514127306,-3780675441,3781074703,3780875072,199631,1,1,1,1,best-path-median,udp,1,528,0,264,0,264,0,3780876599,3780877509,3780874762,3780876599,14690.274840,8918,200616,201213,170611,203386,216411,200616
100,1782212055514143956,1782212051733472395,1782212051733477815,1782212055514553509,-3780671561,3781075694,3780873627,202066,1,1,1,1,best-path-median,udp,1,528,0,264,0,264,0,3780876599,3780877509,3780874762,3780876599,14690.274840,8918,200616,201213,170611,203386,216411,200616
101,1782212055514570389,1782212051733837608,1782212051733860868,1782212055514935091,-3780732781,3781074223,3780903502,170721,1,1,1,1,best-path-median,udp,1,528,0,264,0,264,0,3780876599,3780877509,3780874762,3780876599,14690.274840,8918,200616,201213,170611,203386,216411,200616
102,1782212055514951631,1782212051734299779,1782212051734314719,1782212055515390354,-3780651852,3781075635,3780863743,211891,1,1,1,0,best-path-median,udp,1,528,0,264,0,264,0,3780876599,3780877509,3780874762,3780876599,14690.274840,8918,200616,201213,170611,203386,216411,200616
103,1782212055515407794,1782212051734756920,1782212051734773419,1782212055515849427,-3780650874,3781076008,3780863441,212567,1,1,1,0,best-path-median,udp,1,528,0,264,0,264,0,3780876599,3780877509,3780874762,3780876599,14690.274840,8918,200616,201213,170611,203386,216411,200616
104,1782212055515865877,1782212051735193881,1782212051735199771,1782212055516275020,-3780671996,3781075249,3780873622,201626,1,1,1,1,best-path-median,udp,1,528,0,264,0,264,0,3780876599,3780877509,3780874762,3780876599,14690.274840,8918,200616,201213,170611,203386,216411,200616
105,1782212055516293940,1782212051735618613,1782212051735624053,1782212055516700732,-3780675327,3781076679,3780876003,200676,1,1,1,1,best-path-median,udp,1,528,0,264,0,264,0,3780876599,3780877509,3780874762,3780876599,14690.274840,8918,200616,201213,170611,203386,216411,200616
106,1782212055516718042,1782212051735986045,1782212051736011955,1782212055517086995,-3780731997,3781075040,3780903518,171521,1,1,1,1,best-path-median,udp,1,528,0,264,0,264,0,3780876599,3780877509,3780874762,3780876599,14690.274840,8918,200616,201213,170611,203386,216411,200616
107,1782212055517104395,1782212051736452327,1782212051736468727,1782212055517549558,-3780652068,3781080831,3780866449,214381,1,1,1,0,best-path-median,udp,1,528,0,264,0,264,0,3780876599,3780877509,3780874762,3780876599,14690.274840,8918,200616,201213,170611,203386,216411,200616
108,1782212055517566538,1782212051736915358,1782212051736930227,1782212055518006961,-3780651180,3781076734,3780863957,212777,1,1,1,0,best-path-median,udp,1,528,0,264,0,264,0,3780876599,3780877509,3780874762,3780876599,14690.274840,8918,200616,201213,170611,203386,216411,200616
109,1782212055518023321,1782212051737348489,1782212051737354269,1782212055518429684,-3780674832,3781075415,3780875123,200291,1,1,1,1,best-path-median,udp,1,528,0,264,0,264,0,3780876599,3780877509,3780874762,3780876599,14690.274840,8918,200616,201213,170611,203386,216411,200616
110,1782212055518446824,1782212051737771431,1782212051737777391,1782212055518853886,-3780675393,3781076495,3780875944,200551,1,1,1,1,best-path-median,udp,1,528,0,264,0,264,0,3780876599,3780877509,3780874762,3780876599,14690.274840,8918,200616,201213,170611,203386,216411,200616
111,1782212055518871436,1782212051738138673,1782212051738162063,1782212055519236489,-3780732763,3781074426,3780903594,170831,1,1,1,1,best-path-median,udp,1,528,0,264,0,264,0,3780876599,3780877509,3780874762,3780876599,14690.274840,8918,200616,201213,170611,203386,216411,200616
112,1782212055519258419,1782212051738607694,1782212051738623654,1782212055519704062,-3780650725,3781080408,3780865566,214841,1,1,1,0,best-path-median,udp,1,528,0,264,0,264,0,3780876599,3780877509,3780874762,3780876599,14690.274840,8918,200616,201213,170611,203386,216411,200616
113,1782212055519720942,1782212051739079155,1782212051739094294,1782212055520168904,-3780641787,3781074610,3780858198,216411,1,1,1,0,best-path-median,udp,1,528,0,264,0,264,0,3780876599,3780877509,3780874762,3780876599,14690.274840,8918,200616,201213,170611,203386,216411,200616
114,1782212055520187874,1782212051739512387,1782212051739518697,1782212055520597097,-3780675487,3781078400,3780876943,201456,1,1,1,1,best-path-median,udp,1,528,0,264,0,264,0,3780876599,3780877509,3780874762,3780876599,14690.274840,8918,200616,201213,170611,203386,216411,200616
115,1782212055520614237,1782212051739939079,1782212051739944509,1782212055521029390,-3780675158,3781084881,3780880019,204861,1,1,1,0,best-path-median,udp,1,528,0,264,0,264,0,3780876599,3780877509,3780874762,3780876599,14690.274840,8918,200616,201213,170611,203386,216411,200616
116,1782212055521046280,1782212051740312701,1782212051740339261,1782212055521420912,-3780733579,3781081651,3780907615,174036,1,1,1,1,best-path-median,udp,1,528,0,264,0,264,0,3780876599,3780877509,3780874762,3780876599,14690.274840,8918,200616,201213,170611,203386,216411,200616
117,1782212055521438682,1782212051740787082,1782212051740802582,1782212055521890185,-3780651600,3781087603,3780869601,218001,1,1,1,0,best-path-median,udp,1,528,0,264,0,264,0,3780876599,3780877509,3780874762,3780876599,14690.274840,8918,200616,201213,170611,203386,216411,200616
118,1782212055521908665,1782212051741256823,1782212051741270932,1782212055522357888,-3780651842,3781086956,3780869399,217557,1,1,1,0,best-path-median,udp,1,528,0,264,0,264,0,3780876599,3780877509,3780874762,3780876599,14690.274840,8918,200616,201213,170611,203386,216411,200616
119,1782212055522376798,1782212051741702424,1782212051741708774,1782212055522802091,-3780674374,3781093317,3780883845,209471,1,1,1,0,best-path-median,udp,1,528,0,264,0,264,0,3780876599,3780877509,3780874762,3780876599,14690.274840,8918,200616,201213,170611,203386,216411,200616
120,1782212055522819091,1782212051742143435,1782212051742148585,1782212055523229043,-3780675656,3781080458,3780878057,202401,1,1,1,1,best-path-median,udp,1,528,0,264,0,264,0,3780876599,3780877509,3780874762,3780876599,14690.274840,8918,200616,201213,170611,203386,216411,200616
121,1782212055523254994,1782212051742523109,1782212051742547128,1782212055523623196,-3780731885,3781076068,3780903976,172091,1,1,1,1,best-path-median,udp,1,528,0,264,0,264,0,3780876599,3780877509,3780874762,3780876599,14690.274840,8918,200616,201213,170611,203386,216411,200616
122,1782212055523642066,1782212051742989759,1782212051743005899,1782212055524080899,-3780652307,3781075000,3780863653,211346,1,1,1,0,best-path-median,udp,1,528,0,264,0,264,0,3780876599,3780877509,3780874762,3780876599,14690.274840,8918,200616,201213,170611,203386,216411,200616
123,1782212055524101039,1782212051743448900,1782212051743465880,1782212055524541812,-3780652139,3781075932,3780864035,211896,1,1,1,0,best-path-median,udp,1,528,0,264,0,264,0,3780876599,3780877509,3780874762,3780876599,14690.274840,8918,200616,201213,170611,203386,216411,200616
124,1782212055524558642,1782212051743886472,1782212051743892372,1782212055524967214,-3780672170,3781074842,3780873506,201336,1,1,1,1,best-path-median,udp,1,528,0,264,0,264,0,3780876599,3780877509,3780874762,3780876599,14690.274840,8918,200616,201213,170611,203386,216411,200616
125,1782212055524983594,1782212051744317563,1782212051744322993,1782212055525399177,-3780666031,3781076184,3780871107,205076,1,1,1,0,best-path-median,udp,1,528,0,264,0,264,0,3780876599,3780877509,3780874762,3780876599,14690.274840,8918,200616,201213,170611,203386,216411,200616
126,1782212055525416667,1782212051744683866,1782212051744711825,1782212055525788189,-3780732801,3781076364,3780904582,171781,1,1,1,1,best-path-median,udp,1,528,0,264,0,264,0,3780876599,3780877509,3780874762,3780876599,14690.274840,8918,200616,201213,170611,203386,216411,200616
127,1782212055525804599,1782212051745152097,1782212051745167816,1782212055526245962,-3780652502,3781078146,3780865324,212822,1,1,1,0,best-path-median,udp,1,528,0,264,0,264,0,3780876599,3780877509,3780874762,3780876599,14690.274840,8918,200616,201213,170611,203386,216411,200616
128,1782212055526263402,1782212051745609819,1782212051745624968,1782212055526703505,-3780653583,3781078537,3780866060,212477,1,1,1,0,best-path-median,udp,1,528,0,264,0,264,0,3780876599,3780877509,3780874762,3780876599,14690.274840,8918,200616,201213,170611,203386,216411,200616
129,1782212055526720036,1782212051746045470,1782212051746051200,1782212055527126568,-3780674566,3781075368,3780874967,200401,1,1,1,1,best-path-median,udp,1,528,0,264,0,264,0,3780876599,3780877509,3780874762,3780876599,14690.274840,8918,200616,201213,170611,203386,216411,200616
130,1782212055527143818,1782212051746467352,1782212051746473361,1782212055527550360,-3780676466,3781076999,3780876732,200266,1,1,1,1,best-path-median,udp,1,528,0,264,0,264,0,3780876599,3780877509,3780874762,3780876599,14690.274840,8918,200616,201213,170611,203386,216411,200616
131,1782212055527567831,1782212051746834694,1782212051746859374,1782212055527935303,-3780733137,3781075929,3780904533,171396,1,1,1,1,best-path-median,udp,1,528,0,264,0,264,0,3780876599,3780877509,3780874762,3780876599,14690.274840,8918,200616,201213,170611,203386,216411,200616
132,1782212055527968963,1782212051747316685,1782212051747331984,1782212055528409616,-3780652278,3781077632,3780864955,212677,1,1,1,0,best-path-median,udp,1,528,0,264,0,264,0,3780876599,3780877509,3780874762,3780876599,14690.274840,8918,200616,201213,170611,203386,216411,200616
133,1782212055528432766,1782212051747781835,1782212051747798175,1782212055528879249,-3780650931,3781081074,3780866002,215071,1,1,1,0,best-path-median,udp,1,528,0,264,0,264,0,3780876599,3780877509,3780874762,3780876599,14690.274840,8918,200616,201213,170611,203386,216411,200616
134,1782212055528899789,1782212051748225197,1782212051748231047,1782212055529309092,-3780674592,3781078045,3780876318,201726,1,1,1,1,best-path-median,udp,1,528,0,264,0,264,0,3780876599,3780877509,3780874762,3780876599,14690.274840,8918,200616,201213,170611,203386,216411,200616
135,1782212055529329562,1782212051748656379,1782212051748661879,1782212055529739404,-3780673183,3781077525,3780875354,202171,1,1,1,1,best-path-median,udp,1,528,0,264,0,264,0,3780876599,3780877509,3780874762,3780876599,14690.274840,8918,200616,201213,170611,203386,216411,200616
136,1782212055529758194,1782212051749025212,1782212051749050841,1782212055530126797,-3780732982,3781075956,3780904469,171487,1,1,1,1,best-path-median,udp,1,528,0,264,0,264,0,3780876599,3780877509,3780874762,3780876599,14690.274840,8918,200616,201213,170611,203386,216411,200616
137,1782212055530146237,1782212051749494002,1782212051749509382,1782212055530586360,-3780652235,3781076978,3780864606,212371,1,1,1,0,best-path-median,udp,1,528,0,264,0,264,0,3780876599,3780877509,3780874762,3780876599,14690.274840,8918,200616,201213,170611,203386,216411,200616
138,1782212055530606270,1782212051749954693,1782212051749969793,1782212055531047592,-3780651577,3781077799,3780864688,213111,1,1,1,0,best-path-median,udp,1,528,0,264,0,264,0,3780876599,3780877509,3780874762,3780876599,14690.274840,8918,200616,201213,170611,203386,216411,200616
139,1782212055531066712,1782212051750391984,1782212051750397714,1782212055531480766,-3780674728,3781083052,3780878890,204162,1,1,1,0,best-path-median,udp,1,528,0,264,0,264,0,3780876599,3780877509,3780874762,3780876599,14690.274840,8918,200616,201213,170611,203386,216411,200616
140,1782212055531500126,1782212051750825826,1782212051750831516,1782212055531907318,-3780674300,3781075802,3780875051,200751,1,1,1,1,best-path-median,udp,1,528,0,264,0,264,0,3780876599,3780877509,3780874762,3780876599,14690.274840,8918,200616,201213,170611,203386,216411,200616
141,1782212055531926128,1782212051751203698,1782212051751226278,1782212055532303570,-3780722430,3781077292,3780899861,177431,1,1,1,1,best-path-median,udp,1,528,0,264,0,264,0,3780876599,3780877509,3780874762,3780876599,14690.274840,8918,200616,201213,170611,203386,216411,200616
142,1782212055532323690,1782212051751671100,1782212051751686350,1782212055532762274,-3780652590,3781075924,3780864257,211667,1,1,1,0,best-path-median,udp,1,528,0,264,0,264,0,3780876599,3780877509,3780874762,3780876599,14690.274840,8918,200616,201213,170611,203386,216411,200616
143,1782212055532782614,1782212051752130861,1782212051752146011,1782212055533225946,-3780651753,3781079935,3780865844,214091,1,1,1,0,best-path-median,udp,1,528,0,264,0,264,0,3780876599,3780877509,3780874762,3780876599,14690.274840,8918,200616,201213,170611,203386,216411,200616
144,1782212055533251346,1782212051752576522,1782212051752582562,1782212055533658900,-3780674824,3781076338,3780875581,200757,1,1,1,1,best-path-median,udp,1,528,0,264,0,264,0,3780876599,3780877509,3780874762,3780876599,14690.274840,8918,200616,201213,170611,203386,216411,200616
145,1782212055533678270,1782212051753003434,1782212051753008594,1782212055534084722,-3780674836,3781076128,3780875482,200646,1,1,1,1,best-path-median,udp,1,528,0,264,0,264,0,3780876599,3780877509,3780874762,3780876599,14690.274840,8918,200616,201213,170611,203386,216411,200616
146,1782212055534103672,1782212051753374136,1782212051753399106,1782212055534494224,-3780729536,3781095118,3780912327,182791,1,1,1,1,best-path-median,udp,1,528,0,264,0,264,0,3780876599,3780877509,3780874762,3780876599,14690.274840,8918,200616,201213,170611,203386,216411,200616
147,1782212055534517524,1782212051753865137,1782212051753881606,1782212055534957998,-3780652387,3781076392,3780864389,212002,1,1,1,0,best-path-median,udp,1,528,0,264,0,264,0,3780876599,3780877509,3780874762,3780876599,14690.274840,8918,200616,201213,170611,203386,216411,200616
148,1782212055534978548,1782212051754329189,1782212051754344348,1782212055535422180,-3780649359,3781077832,3780863595,214236,1,1,1,0,best-path-median,udp,1,528,0,264,0,264,0,3780876599,3780877509,3780874762,3780876599,14690.274840,8918,200616,201213,170611,203386,216411,200616
149,1782212055535441430,1782212051754768710,1782212051754774640,1782212055535850603,-3780672720,3781075963,3780874341,201621,1,1,1,1,best-path-median,udp,1,528,0,264,0,264,0,3780876599,3780877509,3780874762,3780876599,14690.274840,8918,200616,201213,170611,203386,216411,200616
150,1782212055535869773,1782212051755195291,1782212051755200831,1782212055536276856,-3780674482,3781076025,3780875253,200771,1,1,1,1,best-path-median,udp,1,528,0,264,0,264,0,3780876599,3780877509,3780874762,3780876599,14690.274840,8918,200616,201213,170611,203386,216411,200616
151,1782212055536296506,1782212051755564824,1782212051755589084,1782212055536665648,-3780731682,3781076564,3780904123,172441,1,1,1,1,best-path-median,udp,1,528,0,264,0,264,0,3780876599,3780877509,3780874762,3780876599,14690.274840,8918,200616,201213,170611,203386,216411,200616
152,1782212055536684648,1782212051756032245,1782212051756048205,1782212055537128480,-3780652403,3781080275,3780866339,213936,1,1,1,0,best-path-median,udp,1,528,0,264,0,264,0,3780876599,3780877509,3780874762,3780876599,14690.274840,8918,200616,201213,170611,203386,216411,200616
153,1782212055537148441,1782212051756496766,1782212051756512535,1782212055537588884,-3780651675,3781076349,3780864012,212337,1,1,1,0,best-path-median,udp,1,528,0,264,0,264,0,3780876599,3780877509,3780874762,3780876599,14690.274840,8918,200616,201213,170611,203386,216411,200616
154,1782212055537608574,1782212051756936277,1782212051756941977,1782212055538017046,-3780672297,3781075069,3780873683,201386,1,1,1,1,best-path-median,udp,1,528,0,264,0,264,0,3780876599,3780877509,3780874762,3780876599,14690.274840,8918,200616,201213,170611,203386,216411,200616
155,1782212055538036836,1782212051757363039,1782212051757368249,1782212055538443850,-3780673797,3781075601,3780874699,200902,1,1,1,1,best-path-median,udp,1,528,0,264,0,264,0,3780876599,3780877509,3780874762,3780876599,14690.274840,8918,200616,201213,170611,203386,216411,200616
156,1782212055538463990,1782212051757731792,1782212051757755282,1782212055538830172,-3780732198,3781074890,3780903544,171346,1,1,1,1,best-path-median,udp,1,528,0,264,0,264,0,3780876599,3780877509,3780874762,3780876599,14690.274840,8918,200616,201213,170611,203386,216411,200616
157,1782212055538851652,1782212051758197913,1782212051758213113,1782212055539302034,-3780653739,3781088921,3780871330,217591,1,1,1,0,best-path-median,udp,1,528,0,264,0,264,0,3780876599,3780877509,3780874762,3780876599,14690.274840,8918,200616,201213,170611,203386,216411,200616
158,1782212055539321524,1782212051758670374,1782212051758685803,1782212055539769708,-3780651150,3781083905,3780867527,216377,1,1,1,0,best-path-median,udp,1,528,0,264,0,264,0,3780876599,3780877509,3780874762,3780876599,14690.274840,8918,200616,201213,170611,203386,216411,200616
159,1782212055539790618,1782212051759117945,1782212051759123785,1782212055540211610,-3780672673,3781087825,3780880249,207576,1,1,1,0,best-path-median,udp,1,528,0,264,0,264,0,3780876599,3780877509,3780874762,3780876599,14690.274840,8918,200616,201213,170611,203386,216411,200616
160,1782212055540230280,1782212051759554856,1782212051759560216,1782212055540641392,-3780675424,3781081176,3780878300,202876,1,1,1,1,best-path-median,udp,1,528,0,264,0,264,0,3780876599,3780877509,3780874762,3780876599,14690.274840,8918,200616,201213,170611,203386,216411,200616
161,1782212055540660802,1782212051759927719,1782212051759951098,1782212055541035456,-3780733083,3781084358,3780908720,175637,1,1,1,1,best-path-median,udp,1,528,0,264,0,264,0,3780876599,3780877509,3780874762,3780876599,14690.274840,8918,200616,201213,170611,203386,216411,200616
162,1782212055541054766,1782212051760410580,1782212051760427250,1782212055541505118,-3780644186,3781077868,3780861027,216841,1,1,1,0,best-path-median,udp,1,528,0,264,0,264,0,3780876599,3780877509,3780874762,3780876599,14690.274840,8918,200616,201213,170611,203386,216411,200616
163,1782212055541524418,1782212051760872671,1782212051760887830,1782212055541964582,-3780651747,3781076752,3780864249,212502,1,1,1,0,best-path-median,udp,1,528,0,264,0,264,0,3780876599,3780877509,3780874762,3780876599,14690.274840,8918,200616,201213,170611,203386,216411,200616
164,1782212055541983482,1782212051761316362,1782212051761322142,1782212055542398054,-3780667120,3781075912,3780871516,204396,1,1,1,0,best-path-median,udp,1,528,0,264,0,264,0,3780876599,3780877509,3780874762,3780876599,14690.274840,8918,200616,201213,170611,203386,216411,200616
165,1782212055542418924,1782212051761747183,1782212051761752803,1782212055542830206,-3780671741,3781077403,3780874572,202831,1,1,1,1,best-path-median,udp,1,528,0,264,0,264,0,3780876599,3780877509,3780874762,3780876599,14690.274840,8918,200616,201213,170611,203386,216411,200616
166,1782212055542849876,1782212051762117916,1782212051762140336,1782212055543216179,-3780731960,3781075843,3780903901,171941,1,1,1,1,best-path-median,udp,1,528,0,264,0,264,0,3780876599,3780877509,3780874762,3780876599,14690.274840,8918,200616,201213,170611,203386,216411,200616
167,1782212055543235960,1782212051762586677,1782212051762602026,1782212055543680752,-3780649283,3781078726,3780864004,214721,1,1,1,0,best-path-median,udp,1,528,0,264,0,264,0,3780876599,3780877509,3780874762,3780876599,14690.274840,8918,200616,201213,170611,203386,216411,200616
168,1782212055543700792,1782212051763048837,1782212051763063727,1782212055544141175,-3780651955,3781077448,3780864701,212746,1,1,1,0,best-path-median,udp,1,528,0,264,0,264,0,3780876599,3780877509,3780874762,3780876599,14690.274840,8918,200616,201213,170611,203386,216411,200616
169,1782212055544164685,1782212051763507229,1782212051763513489,1782212055544589498,-3780657456,3781076009,3780866732,209276,1,1,1,0,best-path-median,udp,1,528,0,264,0,264,0,3780876599,3780877509,3780874762,3780876599,14690.274840,8918,200616,201213,170611,203386,216411,200616
170,1782212055544609148,1782212051763935581,1782212051763940971,1782212055545016670,-3780673567,3781075699,3780874633,201066,1,1,1,1,best-path-median,udp,1,528,0,264,0,264,0,3780876599,3780877509,3780874762,3780876599,14690.274840,8918,200616,201213,170611,203386,216411,200616
171,1782212055545038100,1782212051764304464,1782212051764326873,1782212055545403372,-3780733636,3781076499,3780905067,171431,1,1,1,1,best-path-median,udp,1,528,0,264,0,264,0,3780876599,3780877509,3780874762,3780876599,14690.274840,8918,200616,201213,170611,203386,216411,200616
172,1782212055545425373,1782212051764772484,1782212051764789024,1782212055545865956,-3780652889,3781076932,3780864910,212021,1,1,1,0,best-path-median,udp,1,528,0,264,0,264,0,3780876599,3780877509,3780874762,3780876599,14690.274840,8918,200616,201213,170611,203386,216411,200616
173,1782212055545885606,1782212051765234255,1782212051765249455,1782212055546327079,-3780651351,3781077624,3780864487,213136,1,1,1,0,best-path-median,udp,1,528,0,264,0,264,0,3780876599,3780877509,3780874762,3780876599,14690.274840,8918,200616,201213,170611,203386,216411,200616
174,1782212055546346269,1782212051765671857,1782212051765678086,1782212055546758441,-3780674412,3781080355,3780877383,202971,1,1,1,1,best-path-median,udp,1,528,0,264,0,264,0,3780876599,3780877509,3780874762,3780876599,14690.274840,8918,200616,201213,170611,203386,216411,200616
175,1782212055546778182,1782212051766104668,1782212051766110138,1782212055547188684,-3780673514,3781078546,3780876030,202516,1,1,1,1,best-path-median,udp,1,528,0,264,0,264,0,3780876599,3780877509,3780874762,3780876599,14690.274840,8918,200616,201213,170611,203386,216411,200616
176,1782212055547210174,1782212051766478352,1782212051766502471,1782212055547579286,-3780731822,3781076815,3780904318,172496,1,1,1,1,best-path-median,udp,1,528,0,264,0,264,0,3780876599,3780877509,3780874762,3780876599,14690.274840,8918,200616,201213,170611,203386,216411,200616
177,1782212055547599847,1782212051766948742,1782212051766965022,1782212055548042790,-3780651105,3781077768,3780864436,213331,1,1,1,0,best-path-median,udp,1,528,0,264,0,264,0,3780876599,3780877509,3780874762,3780876599,14690.274840,8918,200616,201213,170611,203386,216411,200616
178,1782212055548063630,1782212051767415623,1782212051767433103,1782212055548515483,-3780648007,3781082380,3780865193,217186,1,1,1,0,best-path-median,udp,1,528,0,264,0,264,0,3780876599,3780877509,3780874762,3780876599,14690.274840,8918,200616,201213,170611,203386,216411,200616
179,1782212055548537243,1782212051767861714,1782212051767867704,1782212055548943545,-3780675529,3781075841,3780875685,200156,1,1,1,1,best-path-median,udp,1,528,0,264,0,264,0,3780876599,3780877509,3780874762,3780876599,14690.274840,8918,200616,201213,170611,203386,216411,200616
180,1782212055548964165,1782212051768288546,1782212051768293726,1782212055549370578,-3780675619,3781076852,3780876235,200616,1,1,1,1,best-path-median,udp,1,528,0,264,0,264,0,3780876599,3780877509,3780874762,3780876599,14690.274840,8918,200616,201213,170611,203386,216411,200616
181,1782212055549390498,1782212051768658788,1782212051768683308,1782212055549763500,-3780731710,3781080192,3780905951,174241,1,1,1,1,best-path-median,udp,1,528,0,264,0,264,0,3780876599,3780877509,3780874762,3780876599,14690.274840,8918,200616,201213,170611,203386,216411,200616
182,1782212055549783071,1782212051769132419,1782212051769148339,1782212055550226643,-3780650652,3781078304,3780864478,213826,1,1,1,0,best-path-median,udp,1,528,0,264,0,264,0,3780876599,3780877509,3780874762,3780876599,14690.274840,8918,200616,201213,170611,203386,216411,200616
183,1782212055550251523,1782212051769599481,1782212051769615611,1782212055550693186,-3780652042,3781077575,3780864808,212766,1,1,1,0,best-path-median,udp,1,528,0,264,0,264,0,3780876599,3780877509,3780874762,3780876599,14690.274840,8918,200616,201213,170611,203386,216411,200616
184,1782212055550712657,1782212051770037582,1782212051770043682,1782212055551126589,-3780675075,3781082907,3780878991,203916,1,1,1,0,best-path-median,udp,1,528,0,264,0,264,0,3780876599,3780877509,3780874762,3780876599,14690.274840,8918,200616,201213,170611,203386,216411,200616
185,1782212055551145949,1782212051770471544,1782212051770477153,1782212055551554901,-3780674405,3781077748,3780876076,201671,1,1,1,1,best-path-median,udp,1,528,0,264,0,264,0,3780876599,3780877509,3780874762,3780876599,14690.274840,8918,200616,201213,170611,203386,216411,200616
186,1782212055551574092,1782212051770842636,1782212051770866446,1782212055551942564,-3780731456,3781076118,3780903787,172331,1,1,1,1,best-path-median,udp,1,528,0,264,0,264,0,3780876599,3780877509,3780874762,3780876599,14690.274840,8918,200616,201213,170611,203386,216411,200616
187,1782212055551961404,1782212051771309177,1782212051771324437,1782212055552401877,-3780652227,3781077440,3780864833,212606,1,1,1,0,best-path-median,udp,1,528,0,264,0,264,0,3780876599,3780877509,3780874762,3780876599,14690.274840,8918,200616,201213,170611,203386,216411,200616
188,1782212055552420767,1782212051771769438,1782212051771784887,1782212055552864540,-3780651329,3781079653,3780865491,214162,1,1,1,0,best-path-median,udp,1,528,0,264,0,264,0,3780876599,3780877509,3780874762,3780876599,14690.274840,8918,200616,201213,170611,203386,216411,200616
189,1782212055552884861,1782212051772210639,1782212051772216539,1782212055553292813,-3780674222,3781076274,3780875248,201026,1,1,1,1,best-path-median,udp,1,528,0,264,0,264,0,3780876599,3780877509,3780874762,3780876599,14690.274840,8918,200616,201213,170611,203386,216411,200616
190,1782212055553312793,1782212051772638411,1782212051772643911,1782212055553722425,-3780674382,3781078514,3780876448,202066,1,1,1,1,best-path-median,udp,1,528,0,264,0,264,0,3780876599,3780877509,3780874762,3780876599,14690.274840,8918,200616,201213,170611,203386,216411,200616
191,1782212055553741585,1782212051773006994,1782212051773029514,1782212055554105358,-3780734591,3781075844,3780905217,170626,1,1,1,1,best-path-median,udp,1,528,0,264,0,264,0,3780876599,3780877509,3780874762,3780876599,14690.274840,8918,200616,201213,170611,203386,216411,200616
192,1782212055554124108,1782212051773473485,1782212051773489285,1782212055554566791,-3780650623,3781077506,3780864064,213441,1,1,1,0,best-path-median,udp,1,528,0,264,0,264,0,3780876599,3780877509,3780874762,3780876599,14690.274840,8918,200616,201213,170611,203386,216411,200616
193,1782212055554585891,1782212051773926306,1782212051773932176,1782212055555007833,-3780659585,3781075657,3780867621,208036,1,1,1,0,best-path-median,udp,1,528,0,264,0,264,0,3780876599,3780877509,3780874762,3780876599,14690.274840,8918,200616,201213,170611,203386,216411,200616
194,1782212055555026803,1782212051774353257,1782212051774358877,1782212055555437017,-3780673546,3781078140,3780875843,202297,1,1,1,1,best-path-median,udp,1,528,0,264,0,264,0,3780876599,3780877509,3780874762,3780876599,14690.274840,8918,200616,201213,170611,203386,216411,200616
195,1782212055555456257,1782212051774780569,1782212051774786239,1782212055555863749,-3780675688,3781077510,3780876599,200911,1,1,1,1,best-path-median,udp,1,528,0,264,0,264,0,3780876599,3780877509,3780874762,3780876599,14690.274840,8918,200616,201213,170611,203386,216411,200616
196,1782212055555883149,1782212051775150332,1782212051775173061,1782212055556251911,-3780732817,3781078850,3780905833,173016,1,1,1,1,best-path-median,udp,1,528,0,264,0,264,0,3780876599,3780877509,3780874762,3780876599,14690.274840,8918,200616,201213,170611,203386,216411,200616
197,1782212055556272151,1782212051775624393,1782212051775630473,1782212055556709164,-3780647758,3781078691,3780863224,215466,1,1,1,0,best-path-median,udp,1,528,0,264,0,264,0,3780876599,3780877509,3780874762,3780876599,14690.274840,8918,200616,201213,170611,203386,216411,200616
198,1782212055556729465,1782212051776077924,1782212051776094214,1782212055557171007,-3780651541,3781076793,3780864167,212626,1,1,1,0,best-path-median,udp,1,528,0,264,0,264,0,3780876599,3780877509,3780874762,3780876599,14690.274840,8918,200616,201213,170611,203386,216411,200616
199,1782212055557189737,1782212051776517275,1782212051776523305,1782212055557599670,-3780672462,3781076365,3780874413,201951,1,1,1,1,best-path-median,udp,1,528,0,264,0,264,0,3780876599,3780877509,3780874762,3780876599,14690.274840,8918,200616,201213,170611,203386,216411,200616
200,1782212055557619940,1782212051776945797,1782212051776953827,1782212055558032113,-3780674143,3781078286,3780876214,202071,1,1,1,1,best-path-median,udp,1,528,0,264,0,264,0,3780876599,3780877509,3780874762,3780876599,14690.274840,8918,200616,201213,170611,203386,216411,200616
201,1782212055558051693,1782212051777317930,1782212051777342149,1782212055558417135,-3780733763,3781074986,3780904374,170611,1,1,1,1,best-path-median,udp,1,528,0,264,0,264,0,3780876599,3780877509,3780874762,3780876599,14690.274840,8918,200616,201213,170611,203386,216411,200616
202,1782212055558437375,1782212051777785870,1782212051777802840,1782212055558880128,-3780651505,3781077288,3780864396,212891,1,1,1,0,best-path-median,udp,1,528,0,264,0,264,0,3780876599,3780877509,3780874762,3780876599,14690.274840,8918,200616,201213,170611,203386,216411,200616
203,1782212055558900538,1782212051778249412,1782212051778264992,1782212055559342121,-3780651126,3781077129,3780864127,213001,1,1,1,0,best-path-median,udp,1,528,0,264,0,264,0,3780876599,3780877509,3780874762,3780876599,14690.274840,8918,200616,201213,170611,203386,216411,200616
204,1782212055559361801,1782212051778689074,1782212051778695593,1782212055559772973,-3780672727,3781077380,3780875053,202326,1,1,1,1,best-path-median,udp,1,528,0,264,0,264,0,3780876599,3780877509,3780874762,3780876599,14690.274840,8918,200616,201213,170611,203386,216411,200616
205,1782212055559792443,1782212051779116025,1782212051779121355,1782212055560200736,-3780676418,3781079381,3780877899,201481,1,1,1,1,best-path-median,udp,1,528,0,264,0,264,0,3780876599,3780877509,3780874762,3780876599,14690.274840,8918,200616,201213,170611,203386,216411,200616
206,1782212055560219966,1782212051779489188,1782212051779512887,1782212055560590938,-3780730778,3781078051,3780904414,173636,1,1,1,1,best-path-median,udp,1,528,0,264,0,264,0,3780876599,3780877509,3780874762,3780876599,14690.274840,8918,200616,201213,170611,203386,216411,200616
207,1782212055560610408,1782212051779958858,1782212051779974178,1782212055561051851,-3780651550,3781077673,3780864611,213061,1,1,1,0,best-path-median,udp,1,528,0,264,0,264,0,3780876599,3780877509,3780874762,3780876599,14690.274840,8918,200616,201213,170611,203386,216411,200616
208,1782212055561070791,1782212051780421459,1782212051780438019,1782212055561514394,-3780649332,3781076375,3780862853,213521,1,1,1,0,best-path-median,udp,1,528,0,264,0,264,0,3780876599,3780877509,3780874762,3780876599,14690.274840,8918,200616,201213,170611,203386,216411,200616
209,1782212055561533464,1782212051780862150,1782212051780868080,1782212055561942867,-3780671314,3781074787,3780873050,201736,1,1,1,1,best-path-median,udp,1,528,0,264,0,264,0,3780876599,3780877509,3780874762,3780876599,14690.274840,8918,200616,201213,170611,203386,216411,200616
210,1782212055561961887,1782212051781289503,1782212051781294943,1782212055562374880,-3780672384,3781079937,3780876160,203776,1,1,1,0,best-path-median,udp,1,528,0,264,0,264,0,3780876599,3780877509,3780874762,3780876599,14690.274840,8918,200616,201213,170611,203386,216411,200616
211,1782212055562394960,1782212051781663855,1782212051781691085,1782212055562776042,-3780731105,3781084957,3780908031,176926,1,1,1,1,best-path-median,udp,1,528,0,264,0,264,0,3780876599,3780877509,3780874762,3780876599,14690.274840,8918,200616,201213,170611,203386,216411,200616
212,1782212055562795652,1782212051782143106,1782212051782159115,1782212055563255465,-3780652546,3781096350,3780874448,221902,1,1,1,0,best-path-median,udp,1,528,0,264,0,264,0,3780876599,3780877509,3780874762,3780876599,14690.274840,8918,200616,201213,170611,203386,216411,200616
213,1782212055563276865,1782212051782625176,1782212051782641106,1782212055563725468,-3780651689,3781084362,3780868025,216336,1,1,1,0,best-path-median,udp,1,528,0,264,0,264,0,3780876599,3780877509,3780874762,3780876599,14690.274840,8918,200616,201213,170611,203386,216411,200616
214,1782212055563747519,1782212051783072997,1782212051783079017,1782212055564170011,-3780674522,3781090994,3780882758,208236,1,1,1,0,best-path-median,udp,1,528,0,264,0,264,0,3780876599,3780877509,3780874762,3780876599,14690.274840,8918,200616,201213,170611,203386,216411,200616
215,1782212055564189541,1782212051783513879,1782212051783519388,1782212055564618023,-3780675662,3781098635,3780887148,211486,1,1,1,0,best-path-median,udp,1,528,0,264,0,264,0,3780876599,3780877509,3780874762,3780876599,14690.274840,8918,200616,201213,170611,203386,216411,200616
216,1782212055564637023,1782212051783906121,1782212051783931560,1782212055565019237,-3780730902,3781087677,3780909289,178387,1,1,1,1,best-path-median,udp,1,528,0,264,0,264,0,3780876599,3780877509,3780874762,3780876599,14690.274840,8918,200616,201213,170611,203386,216411,200616
217,1782212055565038277,1782212051784386502,1782212051784400962,1782212055565484569,-3780651775,3781083607,3780867691,215916,1,1,1,0,best-path-median,udp,1,528,0,264,0,264,0,3780876599,3780877509,3780874762,3780876599,14690.274840,8918,200616,201213,170611,203386,216411,200616
218,1782212055565503419,1782212051784851973,1782212051784867493,1782212055565948562,-3780651446,3781081069,3780866257,214811,1,1,1,0,best-path-median,udp,1,528,0,264,0,264,0,3780876599,3780877509,3780874762,3780876599,14690.274840,8918,200616,201213,170611,203386,216411,200616
219,1782212055565968353,1782212051785293394,1782212051785299514,1782212055566376105,-3780674959,3781076591,3780875775,200816,1,1,1,1,best-path-median,udp,1,528,0,264,0,264,0,3780876599,3780877509,3780874762,3780876599,14690.274840,8918,200616,201213,170611,203386,216411,200616
220,1782212055566395945,1782212051785722296,1782212051785728256,1782212055566808327,-3780673649,3781080071,3780876860,203211,1,1,1,1,best-path-median,udp,1,528,0,264,0,264,0,3780876599,3780877509,3780874762,3780876599,14690.274840,8918,200616,201213,170611,203386,216411,200616
221,1782212055566827267,1782212051786095538,1782212051786120858,1782212055567197261,-3780731729,3781076403,3780904066,172337,1,1,1,1,best-path-median,udp,1,528,0,264,0,264,0,3780876599,3780877509,3780874762,3780876599,14690.274840,8918,200616,201213,170611,203386,216411,200616
222,1782212055567216411,1782212051786557919,1782212051786563969,1782212055567642543,-3780658492,3781078574,3780868533,210041,1,1,1,0,best-path-median,udp,1,528,0,264,0,264,0,3780876599,3780877509,3780874762,3780876599,14690.274840,8918,200616,201213,170611,203386,216411,200616
223,1782212055567661613,1782212051787008480,1782212051787026150,1782212055568104365,-3780653133,3781078215,3780865674,212541,1,1,1,0,best-path-median,udp,1,528,0,264,0,264,0,3780876599,3780877509,3780874762,3780876599,14690.274840,8918,200616,201213,170611,203386,216411,200616
224,1782212055568124806,1782212051787451653,1782212051787457323,1782212055568536049,-3780673153,3781078726,3780875939,202786,1,1,1,1,best-path-median,udp,1,528,0,264,0,264,0,3780876599,3780877509,3780874762,3780876599,14690.274840,8918,200616,201213,170611,203386,216411,200616
225,1782212055568555449,1782212051787890624,1782212051787895934,1782212055568971951,-3780664825,3781076017,3780870421,205596,1,1,1,0,best-path-median,udp,1,528,0,264,0,264,0,3780876599,3780877509,3780874762,3780876599,14690.274840,8918,200616,201213,170611,203386,216411,200616
226,1782212055568991781,1782212051788267866,1782212051788290936,1782212055569369273,-3780723915,3781078337,3780901126,177211,1,1,1,1,best-path-median,udp,1,528,0,264,0,264,0,3780876599,3780877509,3780874762,3780876599,14690.274840,8918,200616,201213,170611,203386,216411,200616
227,1782212055569390094,1782212051788737677,1782212051788756197,1782212055569832187,-3780652417,3781075990,3780864203,211786,1,1,1,0,best-path-median,udp,1,528,0,264,0,264,0,3780876599,3780877509,3780874762,3780876599,14690.274840,8918,200616,201213,170611,203386,216411,200616
228,1782212055569852137,1782212051789199168,1782212051789215228,1782212055570292469,-3780652969,3781077241,3780865105,212136,1,1,1,0,best-path-median,udp,1,528,0,264,0,264,0,3780876599,3780877509,3780874762,3780876599,14690.274840,8918,200616,201213,170611,203386,216411,200616
229,1782212055570312320,1782212051789638699,1782212051789644619,1782212055570719742,-3780673621,3781075123,3780874372,200751,1,1,1,1,best-path-median,udp,1,528,0,264,0,264,0,3780876599,3780877509,3780874762,3780876599,14690.274840,8918,200616,201213,170611,203386,216411,200616
230,1782212055570739262,1782212051790065381,1782212051790070601,1782212055571146815,-3780673881,3781076214,3780875047,201166,1,1,1,1,best-path-median,udp,1,528,0,264,0,264,0,3780876599,3780877509,3780874762,3780876599,14690.274840,8918,200616,201213,170611,203386,216411,200616
231,1782212055571166675,1782212051790435665,1782212051790465704,1782212055571544327,-3780731010,3781078623,3780904816,173806,1,1,1,1,best-path-median,udp,1,528,0,264,0,264,0,3780876599,3780877509,3780874762,3780876599,14690.274840,8918,200616,201213,170611,203386,216411,200616
232,1782212055571564937,1782212051790913605,1782212051790929725,1782212055572007271,-3780651332,3781077546,3780864439,213107,1,1,1,0,best-path-median,udp,1,528,0,264,0,264,0,3780876599,3780877509,3780874762,3780876599,14690.274840,8918,200616,201213,170611,203386,216411,200616
233,1782212055572026911,1782212051791375316,1782212051791389606,1782212055572471533,-3780651595,3781081927,3780866761,215166,1,1,1,0,best-path-median,udp,1,528,0,264,0,264,0,3780876599,3780877509,3780874762,3780876599,14690.274840,8918,200616,201213,170611,203386,216411,200616
234,1782212055572491553,1782212051791816697,1782212051791823307,1782212055572900476,-3780674856,3781077169,3780876012,201156,1,1,1,1,best-path-median,udp,1,528,0,264,0,264,0,3780876599,3780877509,3780874762,3780876599,14690.274840,8918,200616,201213,170611,203386,216411,200616
235,1782212055572919676,1782212051792244999,1782212051792250398,1782212055573326199,-3780674677,3781075801,3780875239,200562,1,1,1,1,best-path-median,udp,1,528,0,264,0,264,0,3780876599,3780877509,3780874762,3780876599,14690.274840,8918,200616,201213,170611,203386,216411,200616
236,1782212055573348089,1782212051792616671,1782212051792640851,1782212055573719891,-3780731418,3781079040,3780905229,173811,1,1,1,1,best-path-median,udp,1,528,0,264,0,264,0,3780876599,3780877509,3780874762,3780876599,14690.274840,8918,200616,201213,170611,203386,216411,200616
237,1782212055573738711,1782212051793086772,1782212051793102192,1782212055574182284,-3780651939,3781080092,3780866015,214076,1,1,1,0,best-path-median,udp,1,528,0,264,0,264,0,3780876599,3780877509,3780874762,3780876599,14690.274840,8918,200616,201213,170611,203386,216411,200616
238,1782212055574202244,1782212051793551674,1782212051793567263,1782212055574645067,-3780650570,3781077804,3780864187,213617,1,1,1,0,best-path-median,udp,1,528,0,264,0,264,0,3780876599,3780877509,3780874762,3780876599,14690.274840,8918,200616,201213,170611,203386,216411,200616
239,1782212055574664177,1782212051793990215,1782212051793996435,1782212055575073979,-3780673962,3781077544,3780875753,201791,1,1,1,1,best-path-median,udp,1,528,0,264,0,264,0,3780876599,3780877509,3780874762,3780876599,14690.274840,8918,200616,201213,170611,203386,216411,200616
240,1782212055575093559,1782212051794419546,1782212051794434046,1782212055575513422,-3780674013,3781079376,3780876694,202681,1,1,1,1,best-path-median,udp,1,528,0,264,0,264,0,3780876599,3780877509,3780874762,3780876599,14690.274840,8918,200616,201213,170611,203386,216411,200616
241,1782212055575533152,1782212051794800659,1782212051794827758,1782212055575903205,-3780732493,3781075447,3780903970,171477,1,1,1,1,best-path-median,udp,1,528,0,264,0,264,0,3780876599,3780877509,3780874762,3780876599,14690.274840,8918,200616,201213,170611,203386,216411,200616
242,1782212055575922135,1782212051795270469,1782212051795285699,1782212055576365427,-3780651666,3781079728,3780865697,214031,1,1,1,0,best-path-median,udp,1,528,0,264,0,264,0,3780876599,3780877509,3780874762,3780876599,14690.274840,8918,200616,201213,170611,203386,216411,200616
243,1782212055576386107,1782212051795734750,1782212051795751100,1782212055576829001,-3780651357,3781077901,3780864629,213272,1,1,1,0,best-path-median,udp,1,528,0,264,0,264,0,3780876599,3780877509,3780874762,3780876599,14690.274840,8918,200616,201213,170611,203386,216411,200616
244,1782212055576848951,1782212051796173732,1782212051796179551,1782212055577256903,-3780675219,3781077352,3780876285,201066,1,1,1,1,best-path-median,udp,1,528,0,264,0,264,0,3780876599,3780877509,3780874762,3780876599,14690.274840,8918,200616,201213,170611,203386,216411,200616
245,1782212055577276353,1782212051796600854,1782212051796606364,1782212055577682526,-3780675499,3781076162,3780875830,200331,1,1,1,1,best-path-median,udp,1,528,0,264,0,264,0,3780876599,3780877509,3780874762,3780876599,14690.274840,8918,200616,201213,170611,203386,216411,200616
246,1782212055577701376,1782212051796968667,1782212051796993966,1782212055578071379,-3780732709,3781077413,3780905061,172352,1,1,1,1,best-path-median,udp,1,528,0,264,0,264,0,3780876599,3780877509,3780874762,3780876599,14690.274840,8918,200616,201213,170611,203386,216411,200616
247,1782212055578090959,1782212051797439308,1782212051797456727,1782212055578535201,-3780651651,3781078474,3780865062,213411,1,1,1,0,best-path-median,udp,1,528,0,264,0,264,0,3780876599,3780877509,3780874762,3780876599,14690.274840,8918,200616,201213,170611,203386,216411,200616
248,1782212055578554741,1782212051797901848,1782212051797917228,1782212055578992944,-3780652893,3781075716,3780864304,211411,1,1,1,0,best-path-median,udp,1,528,0,264,0,264,0,3780876599,3780877509,3780874762,3780876599,14690.274840,8918,200616,201213,170611,203386,216411,200616
249,1782212055579014084,1782212051798338000,1782212051798343940,1782212055579420717,-3780676084,3781076777,3780876430,200346,1,1,1,1,best-path-median,udp,1,528,0,264,0,264,0,3780876599,3780877509,3780874762,3780876599,14690.274840,8918,200616,201213,170611,203386,216411,200616
250,1782212055579439857,1782212051798766221,1782212051798775221,1782212055579853279,-3780673636,3781078058,3780875847,202211,1,1,1,1,best-path-median,udp,1,528,0,264,0,264,0,3780876599,3780877509,3780874762,3780876599,14690.274840,8918,200616,201213,170611,203386,216411,200616
251,1782212055579873080,1782212051799141814,1782212051799168943,1782212055580249612,-3780731266,3781080669,3780905967,174701,1,1,1,1,best-path-median,udp,1,528,0,264,0,264,0,3780876599,3780877509,3780874762,3780876599,14690.274840,8918,200616,201213,170611,203386,216411,200616
252,1782212055580268902,1782212051799618485,1782212051799634605,1782212055580712345,-3780650417,3781077740,3780864078,213661,1,1,1,0,best-path-median,udp,1,528,0,264,0,264,0,3780876599,3780877509,3780874762,3780876599,14690.274840,8918,200616,201213,170611,203386,216411,200616
253,1782212055580732405,1782212051800090626,1782212051800106986,1782212055581185128,-3780641779,3781078142,3780859960,218181,1,1,1,0,best-path-median,udp,1,528,0,264,0,264,0,3780876599,3780877509,3780874762,3780876599,14690.274840,8918,200616,201213,170611,203386,216411,200616
254,1782212055581204938,1782212051800533697,1782212051800540137,1782212055581618151,-3780671241,3781078014,3780874627,203386,1,1,1,1,best-path-median,udp,1,528,0,264,0,264,0,3780876599,3780877509,3780874762,3780876599,14690.274840,8918,200616,201213,170611,203386,216411,200616
255,1782212055581637291,1782212051800962279,1782212051800967909,1782212055582056823,-3780675012,3781088914,3780881963,206951,1,1,1,0,best-path-median,udp,1,528,0,264,0,264,0,3780876599,3780877509,3780874762,3780876599,14690.274840,8918,200616,201213,170611,203386,216411,200616
256,1782212055582076434,1782212051801344361,1782212051801367441,1782212055582449326,-3780732073,3781081885,3780906979,174906,1,1,1,1,best-path-median,udp,1,528,0,264,0,264,0,3780876599,3780877509,3780874762,3780876599,14690.274840,8918,200616,201213,170611,203386,216411,200616
257,1782212055582469776,1782212051801820612,1782212051801836622,1782212055582929189,-3780649164,3781092567,3780870865,221701,1,1,1,0,best-path-median,udp,1,528,0,264,0,264,0,3780876599,3780877509,3780874762,3780876599,14690.274840,8918,200616,201213,170611,203386,216411,200616
258,1782212055582948849,1782212051802290534,1782212051802296903,1782212055583388812,-3780658315,3781091909,3780875112,216797,1,1,1,0,best-path-median,udp,1,528,0,264,0,264,0,3780876599,3780877509,3780874762,3780876599,14690.274840,8918,200616,201213,170611,203386,216411,200616
259,1782212055583411082,1782212051802735915,1782212051802741975,1782212055583828964,-3780675167,3781086989,3780881078,205911,1,1,1,0,best-path-median,udp,1,528,0,264,0,264,0,3780876599,3780877509,3780874762,3780876599,14690.274840,8918,200616,201213,170611,203386,216411,200616
260,1782212055583851594,1782212051803176946,1782212051803182306,1782212055584259928,-3780674648,3781077622,3780876135,201487,1,1,1,1,best-path-median,udp,1,528,0,264,0,264,0,3780876599,3780877509,3780874762,3780876599,14690.274840,8918,200616,201213,170611,203386,216411,200616
261,1782212055584279768,1782212051803546779,1782212051803571048,1782212055584646090,-3780732989,3781075042,3780904015,171026,1,1,1,1,best-path-median,udp,1,528,0,264,0,264,0,3780876599,3780877509,3780874762,3780876599,14690.274840,8918,200616,201213,170611,203386,216411,200616
262,1782212055584664790,1782212051804006909,1782212051804013079,1782212055585089232,-3780657881,3781076153,3780867017,209136,1,1,1,0,best-path-median,udp,1,528,0,264,0,264,0,3780876599,3780877509,3780874762,3780876599,14690.274840,8918,200616,201213,170611,203386,216411,200616
263,1782212055585107942,1782212051804456490,1782212051804473090,1782212055585550656,-3780651452,3781077566,3780864509,213057,1,1,1,0,best-path-median,udp,1,528,0,264,0,264,0,3780876599,3780877509,3780874762,3780876599,14690.274840,8918,200616,201213,170611,203386,216411,200616
264,1782212055585570056,1782212051804897472,1782212051804903522,1782212055585978178,-3780672584,3781074656,3780873620,201036,1,1,1,1,best-path-median,udp,1,528,0,264,0,264,0,3780876599,3780877509,3780874762,3780876599,14690.274840,8918,200616,201213,170611,203386,216411,200616
