count_idx,delay_ns,loop_gap_ns,recv_block_ns
51,39030,3024,1513
52,78179,5011,39759
53,228305,45706,147837
54,95145,170652,5044
55,88947,8996,1893
56,89144,7052,1609
57,90905,5428,2673
58,88991,6423,1550
59,86565,3492,1465
60,84522,3611,1491
61,119574,3357,38214
62,333692,44823,211046
63,103097,232081,7900
64,95795,11843,1919
65,93141,4188,1583
66,91270,4538,1692
67,88493,3454,1522
68,86748,3868,1474
69,84459,3254,1491
70,133974,3192,52468
71,348202,57951,212774
72,90395,224862,4977
73,82632,8449,1861
74,80147,4925,1579
75,77391,3558,1686
76,74546,3494,1537
77,72307,3279,1487
78,70067,3314,1534
79,105806,3331,38782
80,124225,44542,20069
81,145497,23831,145976
82,137598,181872,4905
83,133457,8481,1819
84,131426,3955,1648
85,129111,3501,1625
86,125707,3433,1517
87,123119,3341,1496
88,120552,3239,1446
89,155805,3218,38263
90,332113,44842,173434
91,57190,185506,5154
92,49142,8621,1844
93,46642,4094,1652
94,44147,3525,1741
95,40679,3604,1527
96,37926,3276,1589
97,35341,3425,1483
98,74289,4164,40778
99,245706,46307,168954
100,77920,181064,4970
101,70189,8448,1960
102,67820,4378,1619
103,65477,3510,1637
104,62650,3506,1516
105,60609,3332,1479
106,59558,4167,1510
107,106969,3240,50178
108,317525,55856,210264
109,66929,222248,5020
110,58860,8513,1932
111,53745,4094,1941
112,47465,3823,1778
113,41050,3637,1598
114,36128,4314,1589
115,30521,3416,1527
116,83987,3367,59632
117,171043,67009,86033
118,18387,98992,7876
119,17673,11591,14004
120,9450,17331,4695
121,10695,7726,4407
122,12671,8420,5187
123,11282,8337,4911
124,10845,8125,4297
125,13714,7389,6875
126,11588,9183,3320
127,9551,5172,3529
128,8141,5404,3532
129,15047,5428,12171
130,12790,16029,2121
131,10658,3908,2369
132,9930,4137,3849
133,9006,5716,3614
134,31276,5415,29855
135,50518,35173,48386
136,35449,58131,3802
137,29376,6165,1672
138,24209,4846,1772
139,17891,3600,1687
140,13644,3507,1850
141,13614,3893,4412
142,10182,6184,4007
143,12487,5919,12167
144,8460,15140,3819
145,13373,5699,10622
146,8763,14329,3519
147,37354,5344,34150
148,16500,44549,4191
149,12979,7454,4080
150,10359,6187,3141
151,7707,5062,3483
152,16649,5324,13982
153,12246,17316,2125
154,10531,5023,1949
155,9897,3730,3709
156,8385,5500,3317
157,66979,5062,303114
158,48107,316538,6705
159,44657,11783,3124
160,41778,6813,2709
161,39110,6388,2613
162,36900,7652,2627
163,33230,5609,2458
164,28230,5500,2289
165,34998,5289,14238
166,57647,17323,144220
167,36191,154399,5467
168,36551,10435,3646
169,37852,7858,3235
170,38654,7650,3165
171,39152,6499,2917
172,39272,6101,2912
173,39440,6385,2764
174,50926,6225,13310
175,64819,17337,221873
176,52236,244788,12819
177,46555,17779,2972
178,42855,8073,1948
179,36971,3903,1711
180,31175,3619,1648
181,26349,3413,1571
182,20545,4311,2620
183,47260,5494,36802
184,116711,43336,70147
185,21778,83013,8642
186,14084,12931,2191
187,10888,4289,2159
188,9530,4095,3054
189,8974,4930,4166
190,6118,5991,3424
191,17742,5263,15494
192,14504,19549,2941
193,15698,5902,4878
194,95860,8719,289617
195,34939,304556,6736
196,28857,12021,3523
197,25836,7500,3091
198,23751,6777,2899
199,20481,6468,2814
200,20290,6311,2910
201,23023,6413,5447
202,29560,14626,3616
203,35225,6900,9123
204,54443,12340,210914
205,36903,224103,5839
206,35504,9984,3458
207,37607,6406,5502
208,37401,8770,2557
209,37529,5816,2453
210,37613,6802,2294
211,36462,5258,2112
212,68910,4529,35456
213,90983,43053,20936
214,82610,27854,89865
215,75694,104409,5730
216,73587,10147,2664
217,72403,6342,2404
218,72969,6541,2632
219,71349,5438,1958
220,70596,4827,2276
221,69993,5120,2186
222,115166,5138,47133
223,256184,53895,139323
224,17420,150667,7732
225,15964,12825,7349
226,15441,12565,3027
227,11396,5819,2754
228,11111,5893,2439
229,15478,5459,7662
230,14366,10370,2348
231,13582,5308,2288
232,12448,5000,2631
233,14229,5434,5579
234,65287,9578,149758
235,25446,162264,5537
236,18755,10228,3046
237,21610,6256,9145
238,17436,12398,2681
239,16362,5688,5407
240,14930,8448,5437
241,22741,8600,19757
242,48752,25232,48251
243,32317,59038,4136
244,24749,7313,2019
245,18344,4225,1983
246,17698,3910,6894
247,10752,8835,3499
248,68540,5357,84249
249,34875,94538,4699
250,29366,10048,3290
251,25926,6772,2828
252,23834,6200,2642
253,20991,6090,3024
254,16643,6525,3059
255,16570,6420,6349
256,15866,9802,5395
257,29991,8707,5434
258,30101,33224,3053
259,26913,6721,2764
260,19910,6162,3035
261,21249,6810,8112
262,16867,11517,2842
263,16203,6463,4953
264,15030,8448,5125
265,13322,8843,4972
266,52166,9024,65136
267,20833,72825,5106
268,18207,9821,5966
269,15447,9866,4621
270,14003,8647,5586
271,12776,9269,5144
272,11254,8813,4918
273,43984,8274,41988
274,13523,50461,6176
275,17866,11257,14069
276,14601,19115,5902
277,12362,10179,5670
278,57844,9560,66786
279,30486,78920,5028
280,19828,8208,2154
281,14263,4314,3390
282,11749,6266,4428
283,75602,6552,73146
284,50184,85624,5991
285,46614,11935,6357
286,43887,11595,3580
287,42794,8560,3740
288,41414,8504,3734
289,40213,8428,3675
290,69425,34745,6686
291,72005,16102,3477
292,102984,9066,33978
293,174504,42083,71319
294,95738,84087,98053
295,81550,111714,10597
296,79393,18083,3200
297,72361,7081,2732
298,54344,7750,2566
299,45644,6382,2634
300,31494,6202,3094
301,28632,8909,2639
302,51212,5654,28771
303,207817,34535,163757
304,53548,179049,7407
305,47391,12127,2892
306,43938,7341,3154
307,41799,5328,1553
308,39991,3567,1855
309,37360,3988,1531
310,34865,3408,1513
311,31892,3299,1614
312,36480,3398,9449
313,71742,11302,222644
314,55691,237780,6423
315,56326,12086,3439
316,57472,7672,2866
317,58081,6845,2818
318,58311,6514,2620
319,58298,6395,2495
320,59001,6232,2450
321,86303,6257,29283
322,68814,33544,163612
323,42760,175702,5281
324,36474,8758,2275
325,29006,4590,1734
326,24212,3707,2532
327,18488,4389,1642
328,14491,3496,3879
329,11122,5745,3799
330,17477,6287,17439
331,75311,20388,187151
332,53571,206904,6674
333,48626,11696,2722
334,41128,5463,2304
335,36243,4947,17877
336,28157,21798,2638
337,22745,6136,2923
338,17471,7510,2937
339,16584,6340,6141
340,15529,9256,5678
341,10026,9231,5171
342,14087,9045,11149
343,21443,14638,18257
344,46602,22797,52619
345,14151,61276,6400
346,15033,10850,12745
347,15053,18002,5397
348,12899,9182,5563
349,9926,9183,5332
350,9847,9084,5460
351,21039,9060,17147
352,13848,21992,4465
353,13274,7605,5927
354,10725,9130,5458
355,18377,9151,13347
356,13258,18386,5021
357,12075,8839,4885
358,40265,8387,37213
359,39147,44849,40927
360,18052,48485,6103
361,64529,9967,69431
362,50406,81323,5318
363,45456,9444,3237
364,52542,12549,2328
365,45931,10710,1883
366,39973,3803,1598
367,34679,3511,1549
368,28768,3445,1542
369,54260,3460,33003
370,63521,38698,14957
371,47406,18450,64961
372,35747,81578,5838
373,32192,10834,3142
374,29989,7142,2967
375,28418,6742,2956
376,25162,6654,2866
377,21050,5969,2478
378,17537,5747,2648
379,50528,6422,34348
380,123380,44711,74055
381,38982,83068,37770
382,21588,46021,4096
383,18583,8000,2421
384,17754,5416,2383
385,18945,5202,3728
386,17823,6201,2859
387,21082,10804,2186
388,19800,5299,2205
389,50741,5441,32971
390,60770,41013,8698
391,26750,14731,25519
392,24648,32634,4501
393,24494,10265,3280
394,28085,7446,2970
395,29196,10683,2764
396,28813,6719,2530
397,28683,6133,2643
398,29293,6587,2616
399,35934,6402,9207
400,53624,12371,116871
401,26391,127656,4175
402,19349,11933,2150
403,15365,4157,4173
404,12813,6089,4364
405,37269,6238,35004
406,146487,40682,145877
407,126278,158009,4923
408,119410,8544,1936
409,117564,4174,1643
410,109835,9199,1803
411,101728,3707,1551
412,97436,3393,1561
413,93741,3438,1499
414,129078,3322,38728
415,274441,44195,143163
416,36101,157188,33522
417,29449,47066,3956
418,23923,8256,2714
419,20974,6625,2493
420,17200,6250,2689
421,15846,6300,5338
422,13962,8819,5427
423,18272,9054,13868
424,14738,18372,4589
425,60686,10790,114397
426,45286,126132,4916
427,38116,9621,3127
428,35409,7073,4403
429,32768,7975,2593
430,28944,6382,2682
431,26316,6067,3217
432,26243,10443,2822
433,55053,6532,33491
434,61615,40197,10418
435,44129,14064,78013
436,28715,87909,4539
437,25490,10109,2962
438,23622,7120,2717
439,20581,6535,2655
440,19992,10093,2669
441,16023,6498,2572
442,16704,6204,6575
443,13612,10308,4338
444,61416,7539,257166
445,37970,271841,6228
446,34877,11363,3033
447,53069,25346,4278
448,50171,8876,2497
449,45697,5580,2505
450,40824,5730,2085
451,37609,5383,2269
452,41221,5291,10092
453,65775,13163,300482
454,22011,312153,8580
455,19165,17731,2611
456,12456,4744,4500
457,12309,6389,8878
458,52461,10798,53218
459,20501,62298,5189
460,117050,7921,105717
461,43585,120176,6471
462,44567,11653,3289
463,40350,13896,2558
464,37674,6345,2815
465,33685,6395,2440
466,29997,5799,2621
467,25545,6395,2578
468,25802,5673,12950
469,100894,15883,101332
470,93250,121286,5167
471,86735,8776,1920
472,81957,4196,1594
473,75939,3469,1870
474,69619,3744,1525
475,59664,3357,1531
476,53114,3410,1495
477,85319,3279,39701
478,122028,47060,39801
479,159172,45795,158131
480,136175,170383,4930
481,129299,8516,1862
482,123113,3923,1568
483,116484,3533,1659
484,109476,3530,1578
485,105889,8965,1664
486,99975,3705,1583
487,132214,3418,39762
488,211410,45403,81770
489,38418,96611,19049
490,30004,23751,3047
491,22483,6644,2474
492,24651,5434,2495
493,20994,12537,2717
494,16268,6121,2575
495,19419,5682,9308
496,18511,12496,6113
497,9665,9296,4818
498,17674,7995,15537
499,10270,18636,4762
500,11217,11244,5578
501,24027,8693,19939
502,56627,24877,58876
503,39060,68730,4320
504,23743,8247,8956
505,17738,12153,5558
506,46346,8830,37135
507,53657,44799,7103
508,23764,17998,17807
509,17674,23093,5513
510,14457,9115,6070
511,13835,9407,5793
512,10909,9351,5703
513,10887,9338,5780
514,74057,9290,66574
515,88796,84592,8299
516,17953,11857,6244
517,13752,8604,10299
518,56187,12379,52933
519,21841,62116,4025
520,13321,6687,2779
521,9952,4898,3757
522,55120,5604,50405
523,24155,62683,3891
524,15477,6180,1921
525,12240,3770,3914
526,7703,5795,3393
527,51299,5187,50183
528,19828,59543,4372
529,12411,6875,3517
530,10411,8022,3649
531,12615,5517,9819
532,9397,12999,3801
533,51176,5688,48192
534,37103,57816,6464
535,140972,10893,148408
536,118383,160582,5044
537,116520,8755,1846
538,109682,9740,1696
539,102072,3781,1715
540,94183,3578,1633
541,86750,3406,1568
542,79841,3392,1518
543,111391,3321,38732
544,248669,44418,142845
545,23298,162922,9500
546,18102,17175,5863
547,15059,9415,5388
548,10228,9175,4720
549,10484,8514,6987
550,14296,10752,10406
551,10252,14097,4940
552,11183,8621,8176
553,10999,14637,4530
554,89537,7775,162724
555,60849,178569,6362
556,54283,11484,4883
557,48516,7970,2460
558,43597,5479,2563
559,39043,5656,3426
560,36064,11086,2352
561,30599,5495,2188
562,58450,4960,33337
563,85064,40875,28219
564,143364,34834,151903
565,115527,167272,6559
566,110130,11223,2830
567,106291,6412,2363
568,196780,96371,6456
569,193655,12018,2753
570,174468,6308,2417
571,169031,5534,2040
572,206080,5178,40860
573,402465,49110,191519
574,74195,205945,5597
575,74389,15118,3632
576,72312,5923,2027
577,73673,3904,4985
578,70798,6867,1548
579,68689,3391,1603
580,66171,3507,1559
581,101613,3368,38490
582,316173,44224,211381
583,120419,247155,7003
584,115263,12279,2817
585,114224,5993,2289
586,113167,5362,2370
587,112841,5548,2227
588,112321,5611,2265
589,112628,5542,2259
590,147621,5530,33497
591,215776,42769,64914
592,22023,77633,7188
593,12537,10771,4309
594,13031,6535,10167
595,13775,12130,12994
596,10814,16054,3829
597,18721,5695,15964
598,18057,24497,5112
599,12571,7030,3766
600,52361,5623,47946
601,34207,57163,8292
602,18140,11799,12048
603,10663,15413,3708
604,37187,5656,33428
605,144281,40061,139081
606,167253,187902,8843
607,117251,16088,2208
608,108039,4691,1681
609,102474,3585,1964
610,95177,3832,1553
611,88975,3427,1575
612,82393,3475,1457
613,112620,11845,27935
614,274379,33882,160780
615,119006,176477,6561
616,113475,11519,2819
617,112582,6203,2310
618,112720,5448,2477
619,111525,5688,2120
620,116346,5151,1748
621,113543,9978,1662
622,145899,3652,35133
623,334419,40522,186297
624,62665,198646,5332
625,53123,8995,5012
626,48191,7221,1950
627,42731,3936,1887
628,42693,9258,1844
629,36826,3866,1472
630,31158,3359,1445
631,65825,3244,40774
632,128140,46402,65038
633,12471,74635,5403
634,36667,8337,34912
635,23160,41505,5026
636,14795,12746,3615
637,9576,5733,3575
638,57150,5439,54845
639,31875,68646,7370
640,23202,11823,3019
641,19382,6763,2768
642,20465,6586,2956
643,25501,11815,2810
644,25019,6306,2591
645,25379,6353,3260
646,22037,7074,2521
647,45554,6467,27792
648,103504,34597,59059
649,21515,71418,4884
650,18187,8418,2559
651,16786,10421,2621
652,17022,6290,3553
653,17515,6704,3157
654,17949,6736,3437
655,18531,7066,3310
656,18287,6676,2786
657,57382,6503,41345
658,251022,51023,188452
659,79586,203337,6339
660,72927,11361,2236
661,70986,5041,1929
662,73800,3989,6578
663,70804,8499,1523
664,68607,3472,1567
665,72217,3403,1466
666,109804,9020,40573
667,212269,47492,100156
668,38222,110735,34194
669,21240,41651,4375
670,19900,9349,2999
671,19544,6789,2862
672,19872,6524,2912
673,24531,11279,2646
674,24799,6289,2695
675,25131,6415,2590
676,64411,6352,40881
677,263305,47685,194505
678,68910,210324,6851
679,63125,11611,2593
680,62381,5865,2559
681,69016,12333,2734
682,67397,6084,2307
683,66460,5631,2185
684,66560,5536,2322
685,135477,5481,70696
686,276785,78214,137914
687,16439,149601,8696
688,78822,78237,5537
689,82089,13894,4660
690,81447,7943,2469
691,81803,5880,2103
692,81317,5175,2395
693,80923,5433,2162
694,80868,5351,2368
695,80583,5277,2114
696,89371,10045,6529
697,77030,9769,169662
698,60473,184730,5591
699,59007,10345,2457
700,58639,5880,2276
701,58851,5421,3057
702,58020,6133,2033
703,67246,15603,2382
704,66356,5468,2506
705,78258,5733,14876
706,65296,17177,238108
707,40354,250242,4997
708,34535,8442,2243
709,28556,4427,1764
710,22649,3846,1676
711,22942,9432,1885
712,16755,3768,1831
713,24222,3629,15382
714,20242,17259,3757
715,71612,5682,265235
716,55753,280219,6464
717,56365,12138,3418
718,64458,7792,2926
719,65493,13986,2861
720,65566,6809,2615
721,65484,6377,2728
722,66463,6402,2820
723,82391,6027,18212
724,65175,21482,148651
725,30712,162967,6354
726,30969,18223,2984
727,27829,7126,2552
728,25276,6488,2769
729,22473,6517,2637
730,19033,6474,2871
731,17838,6609,5806
732,15889,9363,5405
733,13134,9166,5016
734,11083,11010,4832
735,56061,8043,70009
736,42429,82331,4902
737,39125,10013,3023
738,35594,7282,2728
739,34475,6602,2812
740,31117,6702,2703
741,34194,12305,2749
742,31274,6706,2776
743,45828,17364,9700
744,98847,13344,256566
745,36710,270606,6393
746,30647,11125,2897
747,23136,6541,2558
748,32307,6227,13362
749,25980,22878,2605
750,24843,5718,5361
751,73011,8483,72067
752,48850,86721,7309
753,44720,11960,3532
754,41722,6816,3622
755,39418,6439,3868
756,41441,13732,3226
757,36862,6455,2539
758,28077,6085,2345
759,58835,5258,36573
760,68463,44080,13069
761,73581,17461,98095
762,41547,111989,5785
763,34830,10150,2920
764,28939,11384,2470
765,24959,5280,2294
766,18177,5305,2610
767,21579,5857,11141
768,19096,14634,6863
769,13056,10011,4860
770,22108,7932,17901
771,21448,24447,6729
772,16368,9835,4533
773,11238,6621,3136
774,15670,5264,15029
775,10429,18041,3147
776,72955,5002,102946
777,62550,118024,5184
778,61930,8757,2074
779,56904,9906,2028
780,51123,4038,1898
781,40706,3772,1889
782,35671,3728,1547
783,30218,3415,1622
784,41119,3465,18123
785,61106,20054,247406
786,53911,270326,7112
787,53257,12154,2724
788,52513,6062,2275
789,51680,5945,2728
790,51473,5679,2322
791,54425,5576,5910
792,53977,8419,2114
793,72384,5155,17173
794,67138,23999,128141
795,28626,140209,5603
796,25193,10116,2959
797,24881,6702,2627
798,25663,6474,2707
799,26199,6413,2866
800,25812,6570,2786
801,31432,11617,2778
802,32015,6715,2622
803,37805,5828,9132
804,139400,12270,289706
805,98505,301988,4887
806,91422,8465,1905
807,85658,4035,1535
808,80590,3526,1710
809,82108,10653,1653
810,76425,3557,1568
811,70353,3380,1553
812,74793,3326,12343
813,115515,14254,235827
814,72663,247804,5103
815,62667,8612,1866
816,62727,9933,1835
817,57461,3771,1931
818,51511,3756,1551
819,48845,3408,1547
820,46646,3425,1589
821,82480,3453,40111
822,98937,45610,21075
823,195150,24855,202054
824,172874,219868,5006
825,157556,8664,2023
826,145540,4340,1589
827,143050,3561,1773
828,139708,3658,1580
829,133078,3424,1559
830,127782,3403,1542
831,227211,5289,103472
832,473190,109108,247536
833,50371,259656,5002
834,36029,8593,2873
835,29923,5151,1905
836,23745,3762,1610
837,17460,3416,1883
838,24224,3694,15636
839,23904,23492,1973
840,20042,3980,3792
841,187012,5672,201568
842,73478,213788,5117
843,66296,8694,1850
844,60345,4143,2101
845,55364,4047,1608
846,55052,3427,1675
847,48784,9405,1564
848,55497,3382,14309
849,16983,16203,11098
850,17089,13022,16872
851,13396,19858,2166
852,11825,3969,3554
853,8544,5418,3663
854,8635,8252,3596
855,6504,5452,3432
856,13113,5267,10722
857,11518,13636,3331
858,9243,5193,3294
859,12664,5115,9681
860,13080,12629,9719
861,15228,12669,3315
862,11554,12403,3933
863,12604,5791,9711
864,60280,12711,56095
865,32296,70245,6139
866,26057,11337,3009
867,21806,7031,2725
868,17889,6430,2637
869,88441,76939,5867
870,85186,12122,2665
871,62370,6078,2311
872,53569,5327,2208
873,135830,5522,89100
874,296494,94613,162319
875,47868,177387,6062
876,48460,11013,3028
877,47212,12518,2363
878,46004,5185,2631
879,45534,5888,2616
880,45364,5787,2489
881,45223,5577,2083
882,75954,5180,32522
883,204470,39191,124884
884,95023,144299,6832
885,88675,12844,3299
886,86785,7620,2956
887,101291,6906,19518
888,29115,23377,2772
889,24691,6671,2656
890,19107,6475,2815
891,22127,6523,3238
892,21935,9451,2516
893,21668,6251,2607
894,22592,6375,2587
895,22120,6368,2548
896,63107,6285,42436
897,71373,50324,7806
898,203076,12405,286165
899,112217,305079,5297
900,107156,9061,1937
901,104006,4115,1615
902,102162,3834,1646
903,99750,3460,1514
904,97078,3324,1518
905,94180,3328,1531
906,132069,3375,39006
907,482704,47013,347801
908,102443,363237,7296
909,47658,11280,2220
910,21861,4471,2107
911,16264,4162,1731
912,12667,3590,2059
913,10254,3952,2094
914,14120,9908,1885
915,116671,3845,106215
916,397343,113252,276602
917,156059,292024,72753
918,150210,77910,2562
919,149615,5964,2443
920,149063,5549,2301
921,157734,5400,2477
922,156618,15212,2316
923,156553,5457,2265
924,194156,5410,39230
925,498766,45051,302487
926,58947,315387,5207
927,47650,8801,2245
928,41522,4431,2104
929,41744,9845,2274
930,35711,4158,1618
931,33256,3379,1623
932,30678,3475,1540
933,66976,3348,39464
934,392948,45024,324762
935,77052,336994,5086
936,66096,8597,2155
937,66989,10630,1813
938,61234,3836,1840
939,55141,3706,1591
940,49398,3396,1561
941,43354,3363,1571
942,77025,3486,39937
943,281755,45477,205833
944,96336,288389,10058
945,89747,19209,3455
946,86730,7441,2311
947,34962,5624,2277
948,36216,5384,11271
949,67420,14608,77440
950,22346,88562,4523
951,19165,8973,3170
952,22926,12358,2511
953,18357,5298,2412
954,21014,5220,8741
955,17402,12025,2758
956,15301,5728,5251
957,12139,8172,4779
958,8917,7876,4603
959,134130,11043,374824
960,114178,447820,5988
961,109945,11307,2926
962,107361,6662,2265
963,99033,5352,2963
964,81444,6255,2362
965,47151,5647,2212
966,43527,5536,2244
967,54128,10747,11857
968,91598,15081,212116
969,140854,226921,72275
970,139685,76874,2567
971,139458,5943,2176
972,139150,5091,3043
973,139022,6259,2423
974,144241,5946,1848
975,142061,9617,1502
976,150831,3362,13205
977,185134,15128,322196
978,79924,334223,4960
979,69777,8370,1958
980,63982,4131,1898
981,58550,3831,2035
982,54882,9863,1860
983,47467,3745,1617
984,40614,3418,1555
985,74550,3372,42100
986,262608,47729,182378
987,53292,202823,64667
988,26027,74110,5242
989,23002,9773,3188
990,18843,12668,2555
991,21079,5574,9191
992,17412,12293,2795
993,15576,5888,4808
994,14637,7949,5600
995,10644,8914,5468
996,48004,7569,137683
997,19407,151984,5744
998,13002,9344,3714
999,14032,5903,10574
1000,10125,13688,4031
1001,11436,5930,9386
1002,7552,12361,3502
1003,191881,5357,189425
1004,191876,201445,13128
1005,183731,78643,1913
1006,179345,4068,1624
1007,176045,3627,1709
1008,172409,3531,1478
1009,169789,3312,1553
1010,167099,3362,1435
1011,201605,3233,37956
1012,410881,45928,203825
1013,57489,218630,68656
1014,39447,81205,6463
1015,31871,9853,2033
1016,25410,4297,1914
1017,19631,3829,1861
1018,27302,3727,14857
1019,22585,16859,1930
1020,17330,9273,2023
1021,13073,3891,3207
1022,9875,5389,3959
1023,14185,5808,14994
1024,60523,17996,57724
1025,18584,67868,5458
1026,14411,11776,3597
1027,8169,5757,3390
1028,48608,5374,46865
1029,29580,56240,3697
1030,21037,6379,6624
1031,14046,8568,2971
1032,53839,4948,49853
1033,22627,59623,5986
1034,20911,15696,3037
1035,15716,6691,3708
1036,12220,5826,3580
1037,12575,5400,9640
1038,9389,12833,3934
1039,53102,5895,49413
1040,18501,59186,5366
1041,14155,12029,3715
1042,13648,5700,9693
1043,117410,11637,113591
1044,100754,125449,5569
1045,15413,9089,4283
1046,13768,6520,11577
1047,9163,14691,3852
1048,53317,5693,49009
1049,44099,65423,6266
1050,37340,10885,2759
1051,29894,5978,2142
1052,24610,5228,2352
1053,29291,5371,9231
1054,47897,11416,122329
1055,34749,133633,4815
1056,38046,9048,3186
1057,36595,11214,2314
1058,32508,5264,2309
1059,35884,5449,11847
1060,17422,14964,5274
1061,17184,8347,14518
1062,22299,18351,16280
1063,196174,20663,151563
1064,309042,337703,7244
1065,303129,13637,1955
1066,297314,4652,1492
1067,291971,3513,1560
1068,286355,3438,1517
1069,279912,3415,1454
1070,274373,3242,1450
1071,308239,3351,33725
1072,387824,42433,77222
1073,16622,89470,6642
1074,13881,10160,12874
1075,10278,16304,4434
1076,11864,6331,9532
1077,7814,12527,3520
1078,50122,5345,47574
1079,38423,62791,4218
1080,30795,7822,1911
1081,29299,4019,6354
1082,73179,8330,299653
1083,54456,314580,6208
1084,52275,11541,2095
1085,50095,4493,1564
1086,56724,4551,2996
1087,66068,12485,12934
1088,72854,18373,7597
1089,87774,10783,14439
1090,141832,23283,53363
1091,279561,59507,134199
1092,92962,149705,6402
1093,85739,11358,2775
1094,89213,12885,2383
1095,86525,5628,2691
1096,82086,5933,2174
1097,77594,5111,2323
1098,73568,5338,2326
1099,170515,5140,103747
1100,232087,110244,64037
1101,23752,74391,5316
1102,16844,12481,4087
1103,13387,7467,5021
1104,10394,7893,4624
1105,13585,7484,10109
1106,9589,13395,4716
1107,17148,7876,13024
1108,15821,17546,5484
1109,20543,16702,4815
1110,128441,8051,212821
1111,54901,223818,5524
1112,30677,10122,2777
1113,28475,6708,2528
1114,25857,6265,2554
1115,22559,6342,2601
1116,23799,6459,2508
1117,20292,11072,2507
1118,16504,6327,2519
1119,17334,5644,7543
1120,75625,10871,467919
1121,53648,479383,4720
1122,51979,8565,2566
1123,51165,5934,2201
1124,63219,11093,9402
1125,69688,11871,10484
1126,81583,16412,8252
1127,88920,16997,4863
1128,111089,14346,20897
1129,187652,24137,374571
1130,94054,386810,5090
1131,85643,8598,1988
1132,84839,10148,1802
1133,78359,3790,1758
1134,69861,3606,1483
1135,62496,3313,1544
1136,55476,3347,1472
1137,78258,3242,39028
1138,278285,44528,203392
1139,199485,217382,196820
1140,113498,209342,4932
1141,105631,8643,1960
1142,100033,4194,1686
1143,95587,3609,1782
1144,89757,3585,1559
1145,83913,3396,1507
1146,78180,3341,1496
1147,182376,75178,39031
1148,393878,44848,212660
1149,36326,224822,6569
1150,22256,9823,2878
1151,18941,6318,2589
1152,15539,5733,2902
1153,15115,6400,5376
1154,40672,22284,18630
1155,71975,22294,42362
1156,48846,45427,2488
1157,16840,4985,4747
1158,115780,7774,173267
1159,48410,184153,5148
1160,22551,10928,3263
1161,20495,7930,2810
1162,22842,11650,2663
1163,19353,6521,2595
1164,16353,6310,2560
1165,15137,6298,4817
1166,13417,8673,4864
1167,14434,8555,11852
1168,71190,15430,408776
1169,120954,439221,54654
1170,116640,65489,3150
1171,112741,6592,2262
1172,109659,5131,2287
1173,104893,5103,2022
1174,111631,5203,13358
1175,48997,16485,57988
1176,29059,66284,4487
1177,28030,14035,3418
1178,23605,7402,2687
1179,19187,6480,2505
1180,17854,6022,5126
1181,37470,8696,26667
1182,36187,34561,4234
1183,33348,8476,2663
1184,157903,6372,4806
1185,156285,135682,2204
1186,150081,4901,1436
1187,139465,3375,1383
1188,130211,3221,1430
1189,136669,3255,25234
1190,137972,31531,45842
1191,50836,55191,45261
1192,107077,128143,5708
1193,103600,10436,2769
1194,101248,6521,2451
1195,98705,6148,2718
1196,39806,6353,2537
1197,36584,6092,2685
1198,29521,5796,2067
1199,52291,5126,27504
1200,115600,35725,65865
1201,19687,78185,6896
1202,9290,10404,3701
1203,13358,5839,12626
1204,10709,15766,4138
1205,12254,5975,9506
1206,9115,12496,3721
1207,10459,11239,3335
1208,17342,5171,13556
1209,9209,16540,3576
1210,75308,5394,400007
1211,55947,412499,4999
1212,52761,8511,2064
1213,50593,4265,1556
1214,53717,3472,1583
1215,51004,9111,1590
1216,48480,3455,1551
1217,45848,3372,1746
1218,92473,3551,48912
1219,112741,56975,283880
1220,84849,296674,4842
1221,78174,8557,1865
1222,79275,10212,1742
1223,73158,3804,1901
1224,66419,3737,1822
1225,60767,3654,1450
1226,55045,3254,1434
1227,62393,3219,14788
1228,58688,18877,301530
1229,42712,314031,5962
1230,42244,15654,3323
1231,41996,6843,2668
1232,48929,5810,9638
1233,60841,13482,10470
1234,68826,16569,12942
1235,70732,16994,7221
1236,115056,11832,48593
1237,133977,59355,17032
1238,101333,22891,179022
1239,29182,189883,4840
1240,22849,9539,3034
1241,17159,6718,3408
1242,19350,7151,8738
1243,14782,12531,4950
1244,14763,8230,5205
1245,12699,12806,5117
1246,11222,8836,5002
1247,8903,8678,5149
1248,14019,8775,12296
1249,78488,15677,76990
1250,120742,81177,131137
1251,173793,146157,72463
1252,174993,84473,2766
1253,170553,6328,2243
1254,167305,5517,2380
1255,162703,5499,2281
1256,159054,5418,2167
1257,155584,5333,2746
1258,161644,4924,12823
1259,77703,14844,270662
1260,63227,295895,6573
1261,59167,11180,2772
1262,55526,6096,2285
1263,51292,4888,2633
1264,47953,5831,2230
1265,42250,5123,2242
1266,38700,5264,2293
1267,52141,8687,17071
1268,68715,20859,171000
1269,49710,185665,6537
1270,45986,12043,2889
1271,44678,6842,3482
1272,49998,8314,9561
1273,60776,18782,3049
1274,69724,20183,9020
1275,87954,35355,2411
1276,72674,5627,11122
1277,76306,13379,245041
1278,61803,260547,6477
1279,59298,11347,2012
1280,56834,4260,1553
1281,54112,3413,1662
1282,122339,74005,1560
1283,119932,3486,1527
1284,117708,3449,1444
1285,125782,3230,12587
1286,73858,14405,279198
1287,47612,292163,5423
1288,41662,9560,2414
1289,38525,5986,2215
1290,42179,12460,2557
1291,26999,6327,15182
1292,21361,18819,2765
1293,17619,6504,2846
1294,15297,5864,5384
1295,135526,8515,386355
1296,115156,448712,5950
1297,116862,17625,2718
1298,113610,6164,2485
1299,109859,5735,2582
1300,84099,5724,2289
1301,60481,5325,2799
1302,51803,4670,1469
1303,57560,3315,13319
1304,101292,16297,274028
1305,85393,296733,6692
1306,80912,11612,2608
1307,90001,16880,3516
1308,87411,7686,2354
1309,63935,5308,2402
1310,54284,5362,2360
1311,55103,5284,8255
1312,124312,10854,17069
1313,70518,80142,210980
1314,44491,225670,6219
1315,20245,12123,3334
1316,15921,7506,5011
1317,15049,8620,5922
1318,10683,9964,4653
1319,69802,8318,65573
1320,64900,87147,7383
1321,60033,12473,3626
1322,57472,6984,2550
1323,55561,6121,3151
1324,51659,6741,2652
1325,48496,6314,2550
1326,46230,6273,2531
1327,87412,6194,41848
1328,237167,52849,147760
1329,83234,163644,6562
1330,78303,11442,2698
1331,77887,6263,2278
1332,78164,5611,2516
1333,77051,5511,2094
1334,76833,5128,2107
1335,84015,12151,2530
1336,186252,5863,103751
1337,319441,111025,129242
1338,37244,143358,24734
1339,35114,31814,4284
1340,34672,8822,3324
1341,34951,7090,2792
1342,44111,6401,2804
1343,44163,14614,2593
1344,44113,6167,2606
1345,47954,6265,2448
1346,130647,9882,83996
1347,378028,91050,243422
1348,72638,259073,6660
1349,67199,11647,2731
1350,138923,78489,2445
1351,138769,5482,2589
1352,137778,5601,2123
1353,137878,5280,2413
1354,136602,5474,2078
1355,177879,5179,43147
1356,202045,50830,22985
1357,121203,28821,124540
1358,41440,145952,5077
1359,36017,9989,2763
1360,31801,6119,2506
1361,26878,5597,2449
1362,20145,5609,2468
1363,79344,33895,34609
1364,148040,99777,16987
1365,182202,26852,36885
1366,418682,42782,239115
1367,54455,253361,8580
1368,44630,13543,2762
1369,39407,6019,2140
1370,34681,4987,1981
1371,44731,4578,16367
1372,83769,19966,36360
1373,56517,49955,51700
1374,44662,63915,5273
1375,42695,9530,2929
1376,42610,6329,2296
1377,41657,5232,2420
1378,39785,5097,2032
1379,39861,5245,2248
1380,44293,10205,2274
1381,76569,5141,34435
1382,284100,40422,204985
1383,63157,217465,4840
1384,56350,8505,1898
1385,54239,4212,1624
1386,52650,3485,2021
1387,55933,3818,7740
1388,116493,72317,1535
1389,114126,3438,1483
1390,150227,3244,39050
1391,364377,44652,211842
1392,91000,224177,4856
1393,93280,8452,15279
1394,26963,17577,3196
1395,17395,10729,4092
1396,14506,6104,9793
1397,9991,11704,9064
1398,11561,10975,10074
1399,254019,13026,316778
1400,96896,329059,4796
1401,86826,8322,1826
1402,80982,4000,1526
1403,81457,9349,1703
1404,76007,3602,1512
1405,73060,3286,1508
1406,70852,3320,1411
1407,107010,3281,38904
1408,315062,44608,205754
1409,90327,218119,4887
1410,145507,75441,1986
1411,139518,4396,1638
1412,132960,3559,1567
1413,129315,3375,1534
1414,126922,3749,1555
1415,124829,3330,1460
1416,160605,3234,38443
1417,343805,66886,158452
1418,17717,175627,9133
1419,10757,14256,5351
1420,91143,78180,15633
1421,147354,22824,140545
1422,48907,150926,4382
1423,43313,7622,2112
1424,41051,4483,1807
1425,45947,10474,2663
1426,41364,6013,2835
1427,37541,5674,2074
1428,34127,4769,2342
1429,29861,5579,2211
1430,33705,6035,8851
1431,110126,11783,442578
1432,100451,457296,6605
1433,166832,82446,3442
1434,167799,8076,2719
1435,168592,6764,2665
1436,168978,6409,2419
1437,169784,6123,2431
1438,170167,6089,2186
1439,177434,5005,9985
1440,74249,13124,249599
1441,59651,267648,6178
1442,58591,11097,2475
1443,57547,5468,1909
1444,67453,11715,5992
1445,78085,12092,8649
1446,98095,28247,7333
1447,105581,18876,2298
1448,127038,12099,17101
1449,207834,20363,312424
1450,89427,324746,4975
1451,81223,8454,1856
1452,74847,4046,1654
1453,70334,3594,2054
1454,63636,3898,1513
1455,63581,3280,1491
1456,58332,9276,1631
1457,149474,3473,102580
1458,212344,108175,64998
1459,15859,74601,5366
1460,234871,8247,230766
1461,114712,245319,118902
1462,57393,133090,56827
1463,17655,76165,11067
1464,13341,16081,4866
1465,14779,8319,5727
1466,51512,9031,63394
1467,32822,75104,4549
1468,21615,7456,1925
1469,20902,3969,7484
1470,225247,9601,219580
1471,76548,239029,5788
1472,72025,11722,3274
1473,102065,38951,4446
1474,108069,9688,11651
1475,116650,17088,12429
1476,129689,23137,11611
1477,134773,15415,7518
1478,167568,15658,33464
1479,413988,40753,246199
1480,69081,261382,7023
1481,63468,12294,2632
1482,63017,6013,2539
1483,62087,5555,2261
1484,60387,5492,2213
1485,69339,5344,2048
1486,69480,15288,2517
1487,104166,5726,36009
1488,239957,41930,132865
1489,92418,148145,6557
1490,88707,12519,3371
1491,89673,7809,2818
1492,90809,6756,2724
1493,97126,12615,2623
1494,97956,6321,2564
1495,98495,6315,2453
1496,154793,6206,56734
1497,240276,64910,83327
1498,50018,89944,72958
1499,23650,82822,4520
1500,23952,9106,2707
1501,20757,12346,2616
1502,17124,6694,2532
1503,16645,6239,5876
1504,15924,9538,5448
1505,11475,9156,4908
1506,9071,8660,4629
1507,77780,7827,292271
1508,61918,329948,7568
1509,58898,13145,2809
1510,43549,6945,2466
1511,36355,6167,2529
1512,32994,6213,2671
1513,29291,6418,2268
1514,24564,5389,2151
1515,29377,5166,12413
1516,54572,18417,281480
1517,34830,292753,5333
1518,33474,10235,2869
1519,33966,6790,2912
1520,34220,6577,2720
1521,34352,6369,2500
1522,34400,6145,2441
1523,37497,9399,2341
1524,132166,5808,96207
1525,341974,103298,206457
1526,156172,221951,6599
1527,146487,11533,2866
1528,142145,6350,2347
1529,139246,5431,2355
1530,134967,5329,2245
1531,137799,12317,2268
1532,113635,5417,2253
1533,125419,5376,36348
1534,250747,44147,130425
1535,25500,145786,8849
1536,16818,13683,5720
1537,13103,9170,4834
1538,16902,13920,5786
1539,14321,9023,4224
1540,13261,7316,6057
1541,8272,8161,3840
1542,14528,7083,12682
1543,70502,15403,68158
1544,33316,71006,4693
1545,71097,8076,85954
1546,59386,105642,5504
1547,55284,11269,2694
1548,51830,6068,2597
1549,47731,6412,2335
1550,44210,5147,2318
1551,40958,5367,2243
1552,37944,5046,2235
1553,194375,147166,18989
1554,80929,26822,148640
1555,63948,163084,6352
1556,65052,12246,3538
1557,66528,8080,2856
1558,67519,6748,2973
1559,67620,6663,2425
1560,67655,6177,2420
1561,74147,12731,2573
1562,83903,5805,12693
1563,71842,15867,291625
1564,59883,315094,6674
1565,54270,11254,2532
1566,53272,5925,2312
1567,53754,5439,3206
1568,59285,6463,1924
1569,57541,10668,1940
1570,55883,3789,1623
1571,149015,3454,96094
1572,380282,101594,228369
1573,75774,244601,6626
1574,69699,11521,2574
1575,68678,5963,2186
1576,140093,76093,2895
1577,138928,6167,2265
1578,137487,5957,1805
1579,135377,3782,1491
1580,169576,3381,37056
1581,228775,43815,55609
1582,16356,70293,8190
1583,28880,13871,18790
1584,23090,30300,3249
1585,18217,7291,2574
1586,16981,6190,4860
1587,15693,8697,5122
1588,13050,8800,5043
1589,10190,8680,4651
1590,39909,8398,37636
1591,17920,52148,5501
1592,11617,9086,4075
1593,12544,6100,10221
1594,9375,13309,3603
1595,49781,5386,47464
1596,33527,57096,4032
1597,24456,7605,2152
1598,22328,4682,1597
1599,23106,8553,6158
1600,62236,8031,125610
1601,34477,138775,6403
1602,30413,10598,2902
1603,29388,6236,2586
1604,30931,5899,3256
1605,30911,6310,3079
1606,42083,17449,2647
1607,40588,5729,2449
1608,39665,5586,2392
1609,45722,5253,10174
1610,89271,12964,134048
1611,110919,146209,43151
1612,128197,54624,13587
1613,129692,17140,1550
1614,126983,8618,1740
1615,124288,3661,1443
1616,122369,3259,1636
1617,119978,3500,1441
1618,124575,3265,8617
1619,64620,10550,321024
1620,41066,335222,6776
1621,76825,48566,5842
1622,76283,13120,3090
1623,74546,6807,2877
1624,70062,6258,2276
1625,66199,5590,2060
1626,61846,5030,2115
1627,73693,5333,18091
1628,35720,21273,14777
1629,25779,37948,11391
1630,23307,17574,4672
1631,23518,9634,2911
1632,20781,6574,2184
1633,14975,4262,4500
1634,60774,6451,68189
1635,34992,82689,9271
1636,14509,21082,5309
1637,21628,9219,17977
1638,49144,23258,51417
1639,31378,62550,4187
1640,23180,7376,1889
1641,17090,4036,1906
1642,13025,3759,4232
1643,13989,6210,12117
1644,9611,18331,3539
1645,51675,5414,49080
1646,20845,58616,4044
1647,14699,6915,1918
1648,11246,3848,1860
1649,9590,3657,2897
1650,8698,4733,3660
1651,7977,8581,3290
1652,59971,5113,53813
1653,79482,63787,50501
1654,84181,61022,9383
1655,41235,12851,79726
1656,13827,87982,6483
1657,9567,10856,5020
1658,20284,8750,17161
1659,19932,26934,2922
1660,15420,6601,2612
1661,14630,6469,4534
1662,13492,8190,5185
1663,10151,8904,4712
1664,18785,8397,14908
1665,93322,19462,356598
1666,147812,377922,71400
1667,146598,76177,2827
1668,146046,6092,2228
1669,143899,4386,1866
1670,141681,3706,1542
1671,139499,3379,1442
1672,136949,3253,1480
1673,144299,3296,11882
1674,73851,63063,88306
1675,31383,101283,5226
1676,20185,8717,2002
1677,15230,4156,1903
1678,14607,3794,6862
1679,9900,8787,3462
1680,53084,5288,54042
1681,26112,69463,4033
1682,16463,7031,1956
1683,12168,4036,3755
1684,7625,5598,3259
1685,12831,5081,12586
1686,8807,15521,3501
1687,48749,5292,46399
1688,29317,55936,3922
1689,27874,11170,2205
1690,22954,5114,1930
1691,17822,3900,1566
1692,13526,3381,1855
1693,17918,3623,9682
1694,14024,11553,1800
1695,11461,3624,2939
1696,10157,4761,3361
1697,7954,7027,3516
1698,51160,5334,50263
1699,19761,59835,4150
1700,11680,7102,2921
1701,9563,4905,3486
1702,47732,5321,46088
1703,31051,55629,3870
1704,27623,9642,3365
1705,22195,5477,1620
1706,18594,3445,1689
1707,15869,3494,1905
1708,13406,3726,1493
1709,10673,3318,1821
1710,34537,3891,26563
1711,238330,32239,194240
1712,120567,214126,5031
1713,111352,8659,1911
1714,100650,4108,1580
1715,94251,3481,1842
1716,87876,3680,1461
1717,63754,3263,1506
1718,52549,3342,1483
1719,85234,5416,40214
1720,131410,46095,50579
1721,193227,57786,192584
1722,123680,204983,4853
1723,115911,8518,1858
1724,107559,4265,1561
1725,100844,3482,1654
1726,99085,3560,1527
1727,92537,9099,1555
1728,86784,3390,1546
1729,118131,3343,39867
1730,195633,45473,81669
1731,41850,92686,40463
1732,25237,48805,4085
1733,23477,7769,2493
1734,28776,11000,2858
1735,29592,6156,2951
1736,28342,5844,2095
1737,28142,5235,2314
1738,27471,5343,2215
1739,30775,4184,7750
1740,51224,9676,178698
1741,41292,190619,5772
1742,40321,16269,2991
1743,39349,7298,2545
1744,39123,5827,2519
1745,39016,5514,2286
1746,38959,5437,2215
1747,38030,5229,2388
1748,44793,5751,11046
1749,137666,17188,384098
1750,115860,399309,6219
1751,111122,11709,2610
1752,111167,6581,4797
1753,96449,8532,2684
1754,48006,5758,2172
1755,44136,5310,2191
1756,47148,5213,2270
1757,78703,12416,37608
1758,136105,45007,57934
1759,25380,71275,5528
1760,16510,9800,3530
1761,16785,7102,6785
1762,15681,9788,5205
1763,12109,8366,4991
1764,14239,12980,4665
1765,9921,7532,4850
1766,16449,8190,14160
1767,51076,17395,61397
1768,31076,71259,4404
1769,23416,8412,2719
1770,19094,5990,2734
1771,23054,6200,9816
1772,51976,16001,49524
1773,33574,58679,5322
1774,27176,10586,2842
1775,23935,6050,5882
1776,37431,9108,34425
1777,23493,42153,4421
1778,22954,10021,3245
1779,28215,12466,3040
1780,28134,7148,2599
1781,26957,5606,2272
1782,30358,6327,9395
1783,12633,12955,5236
1784,18627,8157,17837
1785,15272,22420,5054
1786,24426,8191,17427
1787,23036,25798,3524
1788,18308,5746,1672
1789,14626,3598,3360
1790,88594,5851,124199
1791,55635,141336,4643
1792,46545,7993,1976
1793,33605,4184,1821
1794,30831,6915,1635
1795,26223,3505,1721
1796,20238,3531,1590
1797,21682,3335,9452
1798,15651,11337,1996
1799,10702,3784,3468
1800,57390,5305,129555
1801,37204,141221,5026
1802,35829,13379,2660
1803,31860,6026,2461
1804,28955,5796,2665
1805,25021,5879,3386
1806,18993,5579,2056
1807,19638,3870,8729
1808,17579,11935,5990
1809,72961,75746,2978
1810,17793,5936,4305
1811,12824,7469,5259
1812,9803,8524,5529
1813,14543,8772,14070
1814,10858,17851,3541
1815,12807,5440,8927
1816,9285,11836,3729
1817,10970,11832,3431
1818,43831,5290,39985
1819,46930,48150,42631
1820,32340,55319,5036
1821,26940,9852,2617
1822,28577,6392,3009
1823,35246,18305,6449
1824,75307,18033,2643
1825,32009,43514,2503
1826,23255,6304,9885
1827,20020,13722,2624
1828,17803,6157,4412
1829,14269,7912,4988
1830,10564,9006,4551
1831,20150,8206,16482
1832,19920,24409,6087
1833,16835,9964,4528
1834,34884,8265,23284
1835,47102,31076,16862
1836,53818,24714,9470
1837,59838,24262,2237
1838,67741,16760,2398
1839,58290,5595,6083
1840,15892,12754,4320
1841,12811,8005,4684
1842,10901,8312,6305
1843,87953,9426,100443
1844,57175,113034,5052
1845,48663,8670,2071
1846,43042,4187,2562
1847,34786,10285,1829
1848,28374,3671,1698
1849,22052,3517,1612
1850,17796,3424,5551
1851,59612,7427,66829
1852,29496,75834,3745
1853,19906,6372,1838
1854,22027,3810,2410
1855,17122,11944,1848
1856,14004,3668,4420
1857,8982,6358,3412
1858,50929,5219,48353
1859,30622,57847,3838
1860,19566,7324,2109
1861,17212,4073,6350
1862,77351,11648,61025
1863,45994,72569,4307
1864,39349,7294,1988
1865,31554,4067,1491
1866,25143,3340,1750
1867,18724,3599,1788
1868,18186,3584,7693
1869,16691,9533,5303
1870,8570,11976,3522
1871,51938,5351,50609
1872,22667,61562,4890
1873,17170,9439,2758
1874,15096,6227,3552
1875,11358,5550,3675
1876,56655,5482,54077
1877,34652,70165,6040
1878,31096,11215,2968
1879,31545,6731,2773
1880,30635,6141,2265
1881,27091,5333,2453
1882,24857,5457,4280
1883,22078,7562,2330
1884,21165,5487,2503
1885,24963,8442,10172
1886,44030,13434,157629
1887,23254,167033,4637
1888,18468,10548,3063
1889,18604,7031,5431
1890,15865,9306,4493
1891,13102,8191,4965
1892,14209,12231,4832
1893,12598,8597,4912
1894,9628,8495,4338
1895,184553,7711,305172
1896,75046,318610,5017
1897,65982,8574,1913
1898,59960,4068,1635
1899,69369,3518,16666
1900,31196,24286,1972
1901,21674,3893,1562
1902,15395,3360,3569
1903,11968,5404,3820
1904,15516,5637,13958
1905,10621,17021,3803
1906,38821,5587,36448
1907,194012,44629,198810
1908,118201,211382,4792
1909,111161,8404,1741
1910,104437,3984,1730
1911,98207,3618,1754
1912,90954,3535,1551
1913,80155,3410,1475
1914,73229,3235,1498
1915,112422,9603,39156
1916,166645,44774,55711
1917,47783,67468,44152
1918,26448,53356,4021
1919,22488,8739,2683
1920,19744,6544,2592
1921,18765,6214,6314
1922,141600,133088,5159
1923,140182,11790,2642
1924,135336,5809,1562
1925,132467,3516,4055
1926,44720,6719,86546
1927,16103,95755,7099
1928,14876,13722,5474
1929,14859,10269,4935
1930,18152,13450,6122
1931,17595,9973,5435
1932,17242,9212,5268
1933,15902,9071,4600
1934,15356,8880,4711
1935,11995,8476,4264
1936,41818,7649,116814
1937,22062,132148,7258
1938,17055,13011,3053
1939,14352,7030,4421
1940,13910,8196,5352
1941,10916,9165,4805
1942,9979,9040,4721
1943,15803,8401,11550
1944,13882,15262,9793
1945,110032,16102,132537
1946,165853,198821,19320
1947,164726,24146,2912
1948,164971,6403,3193
1949,162812,5327,1662
1950,159971,3485,1517
1951,155480,3336,1563
1952,157909,3719,2533
1953,190236,12183,37894
1954,197734,45812,10111
1955,208391,14594,210447
1956,138199,223259,6304
1957,131600,10070,1948
1958,125750,4134,1858
1959,120008,3817,2210
1960,83551,9867,1719
1961,46210,3564,1456
1962,36398,3253,1482
1963,79422,3377,49763
1964,116739,55518,40652
1965,52995,46522,46025
1966,22271,59122,5732
1967,21668,10881,2857
1968,20578,13618,3216
1969,21371,7318,2616
1970,20895,6228,2862
1971,21422,6573,2726
1972,21572,6460,2734
1973,21493,6445,2500
1974,27713,6222,9106
1975,81666,15480,149346
1976,52729,161374,4825
1977,46671,7743,1814
1978,43946,3843,1688
1979,38820,3569,1611
1980,36358,3453,1644
1981,33451,3437,1575
1982,35098,3410,1520
1983,32512,8072,1556
1984,33782,3485,5514
1985,53186,7620,119624
1986,35334,131394,4397
1987,31978,7533,2003
1988,29780,4094,1878
1989,27677,3741,1718
1990,29026,7160,1691
1991,25924,3549,1451
1992,22774,3249,1483
1993,47280,3310,28320
1994,128031,34786,79218
1995,18756,89666,11942
1996,8898,15642,3825
1997,52001,5956,45386
1998,38438,58697,7548
1999,17180,11031,4189
2000,14469,6754,10092
