count_idx,delay_ns,delay_center_ns,delay_centered_ns,clock_offset_ns,clock_sync_path_delay_ns
51,234871,0,234871,0,0
52,280096,0,280096,0,0
53,217100,0,217100,0,0
54,230887,0,230887,0,0
55,258416,0,258416,0,0
56,213919,0,213919,0,0
57,302551,0,302551,0,0
58,168537,0,168537,0,0
59,123919,0,123919,0,0
60,183505,0,183505,0,0
61,140384,0,140384,0,0
62,69845,0,69845,0,0
63,213748,0,213748,0,0
64,129916,0,129916,0,0
65,103296,0,103296,0,0
66,118732,0,118732,0,0
67,73729,0,73729,0,0
68,185591,0,185591,0,0
69,150858,0,150858,0,0
70,209896,0,209896,0,0
71,202204,0,202204,0,0
72,244287,0,244287,0,0
73,208215,0,208215,0,0
74,99824,0,99824,0,0
75,181922,0,181922,0,0
76,162422,0,162422,0,0
77,76366,0,76366,0,0
78,220405,0,220405,0,0
79,377551,0,377551,0,0
80,237667,0,237667,0,0
81,183242,0,183242,0,0
82,168424,0,168424,0,0
83,118321,0,118321,0,0
84,152921,0,152921,0,0
85,112041,0,112041,0,0
86,186359,0,186359,0,0
87,121702,0,121702,0,0
88,226694,0,226694,0,0
89,170285,0,170285,0,0
90,103207,0,103207,0,0
91,91525,0,91525,0,0
92,105472,0,105472,0,0
93,64712,0,64712,0,0
94,158100,0,158100,0,0
95,116959,0,116959,0,0
96,175378,0,175378,0,0
97,121783,0,121783,0,0
98,86138,0,86138,0,0
99,64978,0,64978,0,0
100,172333,0,172333,0,0
101,143180,0,143180,0,0
102,123892,0,123892,0,0
103,122432,0,122432,0,0
104,90481,0,90481,0,0
105,110929,0,110929,0,0
106,69376,0,69376,0,0
107,65991,0,65991,0,0
108,117374,0,117374,0,0
109,135739,0,135739,0,0
110,98580,0,98580,0,0
111,209878,0,209878,0,0
112,341384,0,341384,0,0
113,354796,0,354796,0,0
114,350464,0,350464,0,0
115,473764,0,473764,0,0
116,415916,0,415916,0,0
117,362999,0,362999,0,0
118,389784,0,389784,0,0
119,339921,0,339921,0,0
120,435191,0,435191,0,0
121,464880,0,464880,0,0
122,425763,0,425763,0,0
123,454028,0,454028,0,0
124,362933,0,362933,0,0
125,448131,0,448131,0,0
126,422541,0,422541,0,0
127,357978,0,357978,0,0
128,355679,0,355679,0,0
129,510122,0,510122,0,0
130,459179,0,459179,0,0
131,388731,0,388731,0,0
132,365614,0,365614,0,0
133,379988,0,379988,0,0
134,478020,0,478020,0,0
135,469948,0,469948,0,0
136,491054,0,491054,0,0
137,506988,0,506988,0,0
138,415195,0,415195,0,0
139,569111,0,569111,0,0
140,489681,0,489681,0,0
141,467960,0,467960,0,0
142,423001,0,423001,0,0
143,469989,0,469989,0,0
144,461928,0,461928,0,0
145,491933,0,491933,0,0
146,402050,0,402050,0,0
147,463634,0,463634,0,0
148,425879,0,425879,0,0
149,471616,0,471616,0,0
150,392249,0,392249,0,0
151,440796,0,440796,0,0
152,538045,0,538045,0,0
153,425555,0,425555,0,0
154,331550,0,331550,0,0
155,291548,0,291548,0,0
156,207280,0,207280,0,0
157,198399,0,198399,0,0
158,225234,0,225234,0,0
159,148560,0,148560,0,0
160,182475,0,182475,0,0
161,239420,0,239420,0,0
162,224231,0,224231,0,0
163,285231,0,285231,0,0
164,272102,0,272102,0,0
166,130196,0,130196,0,0
165,259834,0,259834,0,0
167,203095,0,203095,0,0
168,122198,0,122198,0,0
169,130859,0,130859,0,0
170,171806,0,171806,0,0
171,115467,0,115467,0,0
172,122951,0,122951,0,0
173,62575,0,62575,0,0
174,105486,0,105486,0,0
175,205903,0,205903,0,0
176,201296,0,201296,0,0
177,221281,0,221281,0,0
178,222690,0,222690,0,0
179,244994,0,244994,0,0
180,232434,0,232434,0,0
181,208069,0,208069,0,0
182,194184,0,194184,0,0
183,165101,0,165101,0,0
184,145298,0,145298,0,0
185,77982,0,77982,0,0
186,106342,0,106342,0,0
187,162626,0,162626,0,0
188,95619,0,95619,0,0
189,133351,0,133351,0,0
190,153085,0,153085,0,0
191,80339,0,80339,0,0
192,170523,0,170523,0,0
193,68425,0,68425,0,0
194,160848,0,160848,0,0
195,143048,0,143048,0,0
196,172286,0,172286,0,0
197,110232,0,110232,0,0
198,206200,0,206200,0,0
199,319829,0,319829,0,0
200,256743,0,256743,0,0
201,192899,0,192899,0,0
202,162509,0,162509,0,0
203,151864,0,151864,0,0
204,115256,0,115256,0,0
205,138363,0,138363,0,0
206,132416,0,132416,0,0
207,204216,0,204216,0,0
208,208890,0,208890,0,0
209,170006,0,170006,0,0
210,158359,0,158359,0,0
211,139942,0,139942,0,0
212,185115,0,185115,0,0
213,139301,0,139301,0,0
214,193946,0,193946,0,0
215,145930,0,145930,0,0
216,188230,0,188230,0,0
217,153222,0,153222,0,0
218,135842,0,135842,0,0
219,272411,0,272411,0,0
220,331468,0,331468,0,0
221,463361,0,463361,0,0
222,389781,0,389781,0,0
223,332503,0,332503,0,0
224,347840,0,347840,0,0
225,382934,0,382934,0,0
226,366794,0,366794,0,0
228,125315,0,125315,0,0
229,109368,0,109368,0,0
227,261065,0,261065,0,0
230,150640,0,150640,0,0
231,90944,0,90944,0,0
232,81121,0,81121,0,0
233,61222,0,61222,0,0
234,191212,0,191212,0,0
235,378085,0,378085,0,0
236,291561,0,291561,0,0
237,72180,0,72180,0,0
238,102068,0,102068,0,0
239,73617,0,73617,0,0
240,62176,0,62176,0,0
241,146745,0,146745,0,0
242,203706,0,203706,0,0
243,299005,0,299005,0,0
244,195050,0,195050,0,0
245,227135,0,227135,0,0
246,171716,0,171716,0,0
247,129944,0,129944,0,0
248,125584,0,125584,0,0
249,88070,0,88070,0,0
250,134174,0,134174,0,0
251,138210,0,138210,0,0
252,280555,0,280555,0,0
253,188319,0,188319,0,0
254,286211,0,286211,0,0
255,269557,0,269557,0,0
256,260906,0,260906,0,0
257,327638,0,327638,0,0
258,420012,0,420012,0,0
259,246983,0,246983,0,0
260,192031,0,192031,0,0
261,202694,0,202694,0,0
262,100537,0,100537,0,0
263,138149,0,138149,0,0
264,88307,0,88307,0,0
265,116435,0,116435,0,0
266,148856,0,148856,0,0
267,112518,0,112518,0,0
268,138746,0,138746,0,0
269,101752,0,101752,0,0
270,182875,0,182875,0,0
271,120097,0,120097,0,0
272,353150,0,353150,0,0
273,258264,0,258264,0,0
274,228745,0,228745,0,0
275,307067,0,307067,0,0
276,288411,0,288411,0,0
277,104515,0,104515,0,0
278,99330,0,99330,0,0
279,78512,0,78512,0,0
280,107449,0,107449,0,0
281,122755,0,122755,0,0
282,129297,0,129297,0,0
283,68047,0,68047,0,0
284,107534,0,107534,0,0
285,80457,0,80457,0,0
286,293556,0,293556,0,0
287,176213,0,176213,0,0
289,76662,0,76662,0,0
288,170424,0,170424,0,0
290,216781,0,216781,0,0
291,127065,0,127065,0,0
292,102492,0,102492,0,0
293,112766,0,112766,0,0
294,138488,0,138488,0,0
295,63492,0,63492,0,0
296,84065,0,84065,0,0
297,220701,0,220701,0,0
298,126089,0,126089,0,0
299,93008,0,93008,0,0
300,66944,0,66944,0,0
301,90647,0,90647,0,0
302,79567,0,79567,0,0
303,62165,0,62165,0,0
304,78227,0,78227,0,0
305,85856,0,85856,0,0
306,67495,0,67495,0,0
307,102861,0,102861,0,0
308,63471,0,63471,0,0
309,85148,0,85148,0,0
310,54049,0,54049,0,0
311,135021,0,135021,0,0
312,111182,0,111182,0,0
313,216770,0,216770,0,0
314,249752,0,249752,0,0
315,206188,0,206188,0,0
316,136323,0,136323,0,0
317,256547,0,256547,0,0
318,299461,0,299461,0,0
319,316767,0,316767,0,0
321,136561,0,136561,0,0
320,287897,0,287897,0,0
322,214957,0,214957,0,0
323,153843,0,153843,0,0
324,201211,0,201211,0,0
325,143356,0,143356,0,0
326,126206,0,126206,0,0
327,91735,0,91735,0,0
328,194172,0,194172,0,0
329,114415,0,114415,0,0
330,84268,0,84268,0,0
331,144365,0,144365,0,0
332,72920,0,72920,0,0
333,113374,0,113374,0,0
334,101986,0,101986,0,0
335,69373,0,69373,0,0
336,170913,0,170913,0,0
337,171833,0,171833,0,0
338,217604,0,217604,0,0
339,164797,0,164797,0,0
340,118425,0,118425,0,0
341,129275,0,129275,0,0
342,66758,0,66758,0,0
343,157042,0,157042,0,0
344,185704,0,185704,0,0
345,136958,0,136958,0,0
346,121846,0,121846,0,0
347,162687,0,162687,0,0
348,102710,0,102710,0,0
349,113917,0,113917,0,0
350,114337,0,114337,0,0
351,64739,0,64739,0,0
352,213254,0,213254,0,0
353,108030,0,108030,0,0
354,92424,0,92424,0,0
355,95328,0,95328,0,0
356,200119,0,200119,0,0
357,112474,0,112474,0,0
358,109139,0,109139,0,0
359,180623,0,180623,0,0
360,106923,0,106923,0,0
361,148544,0,148544,0,0
362,166913,0,166913,0,0
363,103392,0,103392,0,0
364,185834,0,185834,0,0
365,106928,0,106928,0,0
366,111382,0,111382,0,0
367,77414,0,77414,0,0
368,196403,0,196403,0,0
369,181070,0,181070,0,0
370,120397,0,120397,0,0
371,136750,0,136750,0,0
372,62010,0,62010,0,0
373,101795,0,101795,0,0
374,53969,0,53969,0,0
375,113287,0,113287,0,0
376,118188,0,118188,0,0
377,140208,0,140208,0,0
378,77447,0,77447,0,0
379,73477,0,73477,0,0
380,78931,0,78931,0,0
381,190422,0,190422,0,0
382,75325,0,75325,0,0
383,100231,0,100231,0,0
384,80259,0,80259,0,0
385,94406,0,94406,0,0
386,63322,0,63322,0,0
387,132323,0,132323,0,0
388,102281,0,102281,0,0
389,157256,0,157256,0,0
390,74508,0,74508,0,0
391,155959,0,155959,0,0
392,114289,0,114289,0,0
393,80477,0,80477,0,0
394,125921,0,125921,0,0
395,154930,0,154930,0,0
396,142652,0,142652,0,0
397,80931,0,80931,0,0
398,105371,0,105371,0,0
399,111329,0,111329,0,0
400,87796,0,87796,0,0
401,128362,0,128362,0,0
402,155890,0,155890,0,0
403,69329,0,69329,0,0
404,295008,0,295008,0,0
405,258551,0,258551,0,0
406,341148,0,341148,0,0
407,257644,0,257644,0,0
408,287000,0,287000,0,0
409,336463,0,336463,0,0
410,290402,0,290402,0,0
411,332465,0,332465,0,0
412,374840,0,374840,0,0
413,300248,0,300248,0,0
414,215099,0,215099,0,0
415,174339,0,174339,0,0
416,111024,0,111024,0,0
417,80922,0,80922,0,0
418,83996,0,83996,0,0
419,310393,0,310393,0,0
420,255673,0,255673,0,0
421,167987,0,167987,0,0
422,202857,0,202857,0,0
423,142768,0,142768,0,0
424,107091,0,107091,0,0
425,91255,0,91255,0,0
426,128931,0,128931,0,0
427,141976,0,141976,0,0
428,99507,0,99507,0,0
429,143632,0,143632,0,0
430,129304,0,129304,0,0
431,190059,0,190059,0,0
432,112144,0,112144,0,0
433,111564,0,111564,0,0
434,72456,0,72456,0,0
435,123175,0,123175,0,0
436,81647,0,81647,0,0
437,101194,0,101194,0,0
438,72579,0,72579,0,0
439,189028,0,189028,0,0
440,127280,0,127280,0,0
441,149382,0,149382,0,0
442,151951,0,151951,0,0
443,91322,0,91322,0,0
444,87236,0,87236,0,0
445,69788,0,69788,0,0
446,111562,0,111562,0,0
447,75198,0,75198,0,0
448,54879,0,54879,0,0
449,152195,0,152195,0,0
450,98428,0,98428,0,0
451,110255,0,110255,0,0
452,85535,0,85535,0,0
453,158909,0,158909,0,0
454,140578,0,140578,0,0
455,159927,0,159927,0,0
456,191259,0,191259,0,0
458,159226,0,159226,0,0
457,240353,0,240353,0,0
459,186466,0,186466,0,0
460,99384,0,99384,0,0
461,124723,0,124723,0,0
462,59616,0,59616,0,0
463,93585,0,93585,0,0
464,84946,0,84946,0,0
465,58626,0,58626,0,0
466,50708,0,50708,0,0
467,117145,0,117145,0,0
468,75706,0,75706,0,0
469,208610,0,208610,0,0
470,101969,0,101969,0,0
471,209939,0,209939,0,0
472,124406,0,124406,0,0
473,127344,0,127344,0,0
474,158309,0,158309,0,0
475,137362,0,137362,0,0
476,186189,0,186189,0,0
477,104310,0,104310,0,0
478,118555,0,118555,0,0
479,104451,0,104451,0,0
480,85287,0,85287,0,0
481,165266,0,165266,0,0
482,142300,0,142300,0,0
483,118464,0,118464,0,0
484,163359,0,163359,0,0
485,178367,0,178367,0,0
486,185090,0,185090,0,0
487,113072,0,113072,0,0
488,152770,0,152770,0,0
489,88062,0,88062,0,0
490,193183,0,193183,0,0
491,99544,0,99544,0,0
492,153664,0,153664,0,0
493,148497,0,148497,0,0
494,128960,0,128960,0,0
495,119141,0,119141,0,0
496,82779,0,82779,0,0
497,135658,0,135658,0,0
498,89072,0,89072,0,0
499,93114,0,93114,0,0
500,140397,0,140397,0,0
501,95044,0,95044,0,0
502,61476,0,61476,0,0
503,56398,0,56398,0,0
504,61678,0,61678,0,0
505,68020,0,68020,0,0
506,90613,0,90613,0,0
507,155710,0,155710,0,0
508,125892,0,125892,0,0
509,168556,0,168556,0,0
510,202289,0,202289,0,0
511,113913,0,113913,0,0
512,94136,0,94136,0,0
513,154751,0,154751,0,0
514,74607,0,74607,0,0
515,116226,0,116226,0,0
516,78286,0,78286,0,0
517,82328,0,82328,0,0
518,138358,0,138358,0,0
519,105114,0,105114,0,0
520,81371,0,81371,0,0
521,157613,0,157613,0,0
522,130522,0,130522,0,0
523,95626,0,95626,0,0
524,451833,0,451833,0,0
525,196231,0,196231,0,0
526,142411,0,142411,0,0
527,137017,0,137017,0,0
528,152734,0,152734,0,0
529,100819,0,100819,0,0
530,163168,0,163168,0,0
531,146875,0,146875,0,0
532,184650,0,184650,0,0
533,138602,0,138602,0,0
534,114107,0,114107,0,0
535,92791,0,92791,0,0
536,128498,0,128498,0,0
537,92357,0,92357,0,0
538,106538,0,106538,0,0
539,144059,0,144059,0,0
540,53191,0,53191,0,0
541,96540,0,96540,0,0
542,163811,0,163811,0,0
543,146985,0,146985,0,0
544,121644,0,121644,0,0
545,159479,0,159479,0,0
546,190333,0,190333,0,0
547,148613,0,148613,0,0
548,118122,0,118122,0,0
549,115676,0,115676,0,0
550,80072,0,80072,0,0
551,169839,0,169839,0,0
552,118190,0,118190,0,0
553,132540,0,132540,0,0
554,52223,0,52223,0,0
555,169523,0,169523,0,0
556,112868,0,112868,0,0
557,148843,0,148843,0,0
558,90292,0,90292,0,0
559,192897,0,192897,0,0
560,123570,0,123570,0,0
561,204297,0,204297,0,0
562,168397,0,168397,0,0
563,201931,0,201931,0,0
564,163461,0,163461,0,0
565,101064,0,101064,0,0
566,142929,0,142929,0,0
567,164134,0,164134,0,0
568,118324,0,118324,0,0
569,70399,0,70399,0,0
570,78756,0,78756,0,0
571,79764,0,79764,0,0
572,90066,0,90066,0,0
573,135115,0,135115,0,0
574,138594,0,138594,0,0
575,114596,0,114596,0,0
576,157580,0,157580,0,0
577,83525,0,83525,0,0
578,57125,0,57125,0,0
579,71648,0,71648,0,0
580,54964,0,54964,0,0
581,75958,0,75958,0,0
582,180058,0,180058,0,0
583,111303,0,111303,0,0
584,147795,0,147795,0,0
585,162502,0,162502,0,0
586,75348,0,75348,0,0
587,188781,0,188781,0,0
588,146990,0,146990,0,0
589,111779,0,111779,0,0
590,124127,0,124127,0,0
591,64311,0,64311,0,0
592,125594,0,125594,0,0
593,142092,0,142092,0,0
594,92141,0,92141,0,0
595,146992,0,146992,0,0
596,120717,0,120717,0,0
597,60587,0,60587,0,0
598,117582,0,117582,0,0
599,120478,0,120478,0,0
600,154162,0,154162,0,0
601,102952,0,102952,0,0
602,151932,0,151932,0,0
603,87010,0,87010,0,0
604,66475,0,66475,0,0
605,106428,0,106428,0,0
606,136541,0,136541,0,0
607,105746,0,105746,0,0
608,67328,0,67328,0,0
609,150461,0,150461,0,0
610,145586,0,145586,0,0
611,104877,0,104877,0,0
612,84323,0,84323,0,0
613,84018,0,84018,0,0
614,111172,0,111172,0,0
615,123156,0,123156,0,0
616,52295,0,52295,0,0
617,96462,0,96462,0,0
618,135268,0,135268,0,0
619,95753,0,95753,0,0
620,114697,0,114697,0,0
621,102938,0,102938,0,0
622,210292,0,210292,0,0
623,169120,0,169120,0,0
624,246871,0,246871,0,0
625,238169,0,238169,0,0
626,273553,0,273553,0,0
627,277757,0,277757,0,0
628,265539,0,265539,0,0
629,354739,0,354739,0,0
630,349999,0,349999,0,0
631,328061,0,328061,0,0
632,308395,0,308395,0,0
633,440485,0,440485,0,0
634,463262,0,463262,0,0
635,437561,0,437561,0,0
636,435867,0,435867,0,0
637,458302,0,458302,0,0
638,435511,0,435511,0,0
639,571823,0,571823,0,0
640,555782,0,555782,0,0
641,587628,0,587628,0,0
642,574267,0,574267,0,0
643,562729,0,562729,0,0
644,556175,0,556175,0,0
645,501025,0,501025,0,0
646,634972,0,634972,0,0
647,646328,0,646328,0,0
648,669458,0,669458,0,0
649,615657,0,615657,0,0
650,547705,0,547705,0,0
651,508797,0,508797,0,0
652,654764,0,654764,0,0
657,153103,0,153103,0,0
653,589886,0,589886,0,0
658,225190,0,225190,0,0
659,191082,0,191082,0,0
654,587200,0,587200,0,0
655,513706,0,513706,0,0
656,450246,0,450246,0,0
660,159859,0,159859,0,0
661,145666,0,145666,0,0
662,122173,0,122173,0,0
663,90136,0,90136,0,0
664,76545,0,76545,0,0
665,158485,0,158485,0,0
666,169343,0,169343,0,0
667,114330,0,114330,0,0
668,145735,0,145735,0,0
669,88579,0,88579,0,0
670,144284,0,144284,0,0
671,154698,0,154698,0,0
672,150158,0,150158,0,0
673,95538,0,95538,0,0
674,90044,0,90044,0,0
675,129732,0,129732,0,0
676,89023,0,89023,0,0
677,230275,0,230275,0,0
678,178697,0,178697,0,0
679,149439,0,149439,0,0
680,170467,0,170467,0,0
681,175117,0,175117,0,0
682,125516,0,125516,0,0
683,109674,0,109674,0,0
684,110458,0,110458,0,0
685,94493,0,94493,0,0
686,70236,0,70236,0,0
687,106900,0,106900,0,0
688,71017,0,71017,0,0
689,76722,0,76722,0,0
690,103781,0,103781,0,0
691,91274,0,91274,0,0
692,158297,0,158297,0,0
693,84122,0,84122,0,0
694,131758,0,131758,0,0
695,98582,0,98582,0,0
696,109492,0,109492,0,0
697,104736,0,104736,0,0
698,127131,0,127131,0,0
699,134860,0,134860,0,0
700,58004,0,58004,0,0
701,80882,0,80882,0,0
702,74299,0,74299,0,0
703,133043,0,133043,0,0
704,102194,0,102194,0,0
705,101808,0,101808,0,0
706,108306,0,108306,0,0
707,71546,0,71546,0,0
708,63791,0,63791,0,0
709,121281,0,121281,0,0
710,122289,0,122289,0,0
711,91214,0,91214,0,0
712,183215,0,183215,0,0
713,167165,0,167165,0,0
714,173522,0,173522,0,0
715,162213,0,162213,0,0
716,97393,0,97393,0,0
717,116536,0,116536,0,0
718,77214,0,77214,0,0
719,133093,0,133093,0,0
720,79717,0,79717,0,0
721,171807,0,171807,0,0
722,110825,0,110825,0,0
723,122501,0,122501,0,0
724,97432,0,97432,0,0
725,187761,0,187761,0,0
726,136414,0,136414,0,0
727,98817,0,98817,0,0
728,104331,0,104331,0,0
729,94215,0,94215,0,0
730,79992,0,79992,0,0
731,120951,0,120951,0,0
732,93545,0,93545,0,0
733,117136,0,117136,0,0
734,92074,0,92074,0,0
735,79857,0,79857,0,0
736,97030,0,97030,0,0
737,89897,0,89897,0,0
738,132299,0,132299,0,0
739,180715,0,180715,0,0
740,142504,0,142504,0,0
741,83179,0,83179,0,0
742,133734,0,133734,0,0
743,82085,0,82085,0,0
744,90053,0,90053,0,0
745,168540,0,168540,0,0
746,76497,0,76497,0,0
747,96851,0,96851,0,0
748,65700,0,65700,0,0
749,89214,0,89214,0,0
750,167658,0,167658,0,0
751,156992,0,156992,0,0
752,117672,0,117672,0,0
753,94880,0,94880,0,0
754,132550,0,132550,0,0
755,84034,0,84034,0,0
756,63040,0,63040,0,0
757,102639,0,102639,0,0
758,60282,0,60282,0,0
759,201241,0,201241,0,0
760,102217,0,102217,0,0
761,103106,0,103106,0,0
762,105224,0,105224,0,0
763,83698,0,83698,0,0
764,107788,0,107788,0,0
765,67890,0,67890,0,0
766,77009,0,77009,0,0
767,87082,0,87082,0,0
768,135188,0,135188,0,0
769,69793,0,69793,0,0
770,132485,0,132485,0,0
771,74907,0,74907,0,0
772,99554,0,99554,0,0
773,61422,0,61422,0,0
774,71175,0,71175,0,0
775,115544,0,115544,0,0
776,65665,0,65665,0,0
777,99728,0,99728,0,0
778,87694,0,87694,0,0
779,217146,0,217146,0,0
780,190496,0,190496,0,0
781,132750,0,132750,0,0
782,92500,0,92500,0,0
783,114845,0,114845,0,0
784,107440,0,107440,0,0
785,95211,0,95211,0,0
786,235578,0,235578,0,0
787,187069,0,187069,0,0
788,143260,0,143260,0,0
789,164552,0,164552,0,0
790,154556,0,154556,0,0
791,117566,0,117566,0,0
792,92347,0,92347,0,0
793,183753,0,183753,0,0
794,136035,0,136035,0,0
795,107623,0,107623,0,0
796,172474,0,172474,0,0
797,158733,0,158733,0,0
798,119079,0,119079,0,0
799,120411,0,120411,0,0
800,74838,0,74838,0,0
801,60643,0,60643,0,0
802,94612,0,94612,0,0
803,104791,0,104791,0,0
804,132697,0,132697,0,0
805,57285,0,57285,0,0
806,83963,0,83963,0,0
807,84796,0,84796,0,0
808,104818,0,104818,0,0
809,123565,0,123565,0,0
810,117819,0,117819,0,0
811,81198,0,81198,0,0
812,137721,0,137721,0,0
813,81457,0,81457,0,0
814,113770,0,113770,0,0
815,93501,0,93501,0,0
816,89449,0,89449,0,0
817,94098,0,94098,0,0
818,138568,0,138568,0,0
819,145067,0,145067,0,0
820,93542,0,93542,0,0
821,78775,0,78775,0,0
822,125395,0,125395,0,0
823,89901,0,89901,0,0
824,139775,0,139775,0,0
825,129098,0,129098,0,0
826,58180,0,58180,0,0
827,66448,0,66448,0,0
828,98662,0,98662,0,0
829,127614,0,127614,0,0
830,209360,0,209360,0,0
831,115601,0,115601,0,0
832,94143,0,94143,0,0
833,104366,0,104366,0,0
834,68734,0,68734,0,0
835,132925,0,132925,0,0
836,112881,0,112881,0,0
837,122482,0,122482,0,0
838,142991,0,142991,0,0
839,63822,0,63822,0,0
840,96989,0,96989,0,0
841,65127,0,65127,0,0
842,92026,0,92026,0,0
843,68510,0,68510,0,0
844,121497,0,121497,0,0
845,69128,0,69128,0,0
846,89136,0,89136,0,0
847,142220,0,142220,0,0
848,118144,0,118144,0,0
849,90388,0,90388,0,0
850,97283,0,97283,0,0
851,65825,0,65825,0,0
852,56346,0,56346,0,0
853,69279,0,69279,0,0
854,142808,0,142808,0,0
855,83873,0,83873,0,0
856,170541,0,170541,0,0
857,110699,0,110699,0,0
858,95608,0,95608,0,0
859,125645,0,125645,0,0
860,65866,0,65866,0,0
861,157763,0,157763,0,0
862,132759,0,132759,0,0
863,126500,0,126500,0,0
864,68845,0,68845,0,0
865,103735,0,103735,0,0
866,64974,0,64974,0,0
867,78194,0,78194,0,0
868,82149,0,82149,0,0
869,166166,0,166166,0,0
870,67620,0,67620,0,0
871,62235,0,62235,0,0
872,140186,0,140186,0,0
873,82801,0,82801,0,0
874,111663,0,111663,0,0
875,143539,0,143539,0,0
876,107627,0,107627,0,0
877,132821,0,132821,0,0
878,84712,0,84712,0,0
879,132116,0,132116,0,0
880,91023,0,91023,0,0
881,106479,0,106479,0,0
882,53952,0,53952,0,0
883,69584,0,69584,0,0
884,88584,0,88584,0,0
885,94743,0,94743,0,0
886,88068,0,88068,0,0
887,83490,0,83490,0,0
888,136210,0,136210,0,0
889,103134,0,103134,0,0
890,120988,0,120988,0,0
891,133640,0,133640,0,0
892,70072,0,70072,0,0
893,49891,0,49891,0,0
894,59577,0,59577,0,0
895,138422,0,138422,0,0
896,97957,0,97957,0,0
897,132300,0,132300,0,0
898,72150,0,72150,0,0
899,111286,0,111286,0,0
900,77999,0,77999,0,0
901,189387,0,189387,0,0
902,129614,0,129614,0,0
903,192484,0,192484,0,0
904,206489,0,206489,0,0
905,172902,0,172902,0,0
906,137481,0,137481,0,0
907,118813,0,118813,0,0
908,122558,0,122558,0,0
909,118212,0,118212,0,0
910,189819,0,189819,0,0
911,108442,0,108442,0,0
912,169086,0,169086,0,0
913,127187,0,127187,0,0
914,123844,0,123844,0,0
915,115269,0,115269,0,0
916,88081,0,88081,0,0
917,56730,0,56730,0,0
918,113883,0,113883,0,0
919,124115,0,124115,0,0
920,77877,0,77877,0,0
921,62240,0,62240,0,0
922,95794,0,95794,0,0
923,65153,0,65153,0,0
924,117287,0,117287,0,0
925,83332,0,83332,0,0
926,63119,0,63119,0,0
927,120768,0,120768,0,0
928,70651,0,70651,0,0
929,68648,0,68648,0,0
930,92122,0,92122,0,0
931,111140,0,111140,0,0
932,62640,0,62640,0,0
933,84593,0,84593,0,0
934,68314,0,68314,0,0
935,89188,0,89188,0,0
936,101356,0,101356,0,0
937,135224,0,135224,0,0
938,95102,0,95102,0,0
939,96019,0,96019,0,0
940,102072,0,102072,0,0
941,129900,0,129900,0,0
942,197444,0,197444,0,0
943,123810,0,123810,0,0
944,180324,0,180324,0,0
945,112613,0,112613,0,0
946,143117,0,143117,0,0
947,76776,0,76776,0,0
948,70641,0,70641,0,0
949,129742,0,129742,0,0
950,72239,0,72239,0,0
951,153776,0,153776,0,0
952,105482,0,105482,0,0
953,109540,0,109540,0,0
954,119268,0,119268,0,0
955,72420,0,72420,0,0
956,64365,0,64365,0,0
957,132479,0,132479,0,0
958,76951,0,76951,0,0
959,61154,0,61154,0,0
960,145279,0,145279,0,0
961,154281,0,154281,0,0
962,92918,0,92918,0,0
963,105022,0,105022,0,0
964,151144,0,151144,0,0
965,165423,0,165423,0,0
966,113020,0,113020,0,0
967,116422,0,116422,0,0
968,153118,0,153118,0,0
969,98509,0,98509,0,0
970,111436,0,111436,0,0
971,74372,0,74372,0,0
972,130980,0,130980,0,0
973,131395,0,131395,0,0
974,115894,0,115894,0,0
975,72232,0,72232,0,0
976,89436,0,89436,0,0
977,107414,0,107414,0,0
978,70108,0,70108,0,0
979,104808,0,104808,0,0
980,118524,0,118524,0,0
981,104262,0,104262,0,0
982,106941,0,106941,0,0
983,105824,0,105824,0,0
984,110983,0,110983,0,0
985,100375,0,100375,0,0
986,64725,0,64725,0,0
987,97466,0,97466,0,0
988,54510,0,54510,0,0
989,81266,0,81266,0,0
990,53022,0,53022,0,0
991,50860,0,50860,0,0
992,59261,0,59261,0,0
993,101650,0,101650,0,0
994,58904,0,58904,0,0
995,94174,0,94174,0,0
996,77429,0,77429,0,0
997,130516,0,130516,0,0
998,75742,0,75742,0,0
999,80119,0,80119,0,0
1000,97977,0,97977,0,0
1001,112876,0,112876,0,0
1002,74897,0,74897,0,0
1003,185376,0,185376,0,0
1004,108704,0,108704,0,0
1005,93126,0,93126,0,0
1006,150377,0,150377,0,0
1007,99276,0,99276,0,0
1008,70325,0,70325,0,0
1009,140453,0,140453,0,0
1010,79827,0,79827,0,0
1011,79400,0,79400,0,0
1012,62843,0,62843,0,0
1013,45924,0,45924,0,0
1014,91730,0,91730,0,0
1015,68569,0,68569,0,0
1016,63703,0,63703,0,0
1017,102592,0,102592,0,0
1018,140905,0,140905,0,0
1019,93234,0,93234,0,0
1020,78160,0,78160,0,0
1021,112743,0,112743,0,0
1022,173431,0,173431,0,0
1023,102143,0,102143,0,0
1024,163763,0,163763,0,0
1025,225482,0,225482,0,0
1026,254936,0,254936,0,0
1027,141246,0,141246,0,0
1028,141895,0,141895,0,0
1029,134504,0,134504,0,0
1030,122409,0,122409,0,0
1031,97222,0,97222,0,0
1032,66782,0,66782,0,0
1033,103195,0,103195,0,0
1034,190568,0,190568,0,0
1035,122241,0,122241,0,0
1036,201563,0,201563,0,0
1037,172904,0,172904,0,0
1038,200051,0,200051,0,0
1039,161926,0,161926,0,0
1040,135327,0,135327,0,0
1041,142420,0,142420,0,0
1042,151116,0,151116,0,0
1043,175365,0,175365,0,0
1044,172903,0,172903,0,0
1045,203962,0,203962,0,0
1046,187427,0,187427,0,0
1047,188650,0,188650,0,0
1048,122814,0,122814,0,0
1049,108829,0,108829,0,0
1050,85266,0,85266,0,0
1051,150428,0,150428,0,0
1052,107384,0,107384,0,0
1053,108785,0,108785,0,0
1054,115046,0,115046,0,0
1055,137385,0,137385,0,0
1056,89263,0,89263,0,0
1057,80474,0,80474,0,0
1058,131152,0,131152,0,0
1059,60325,0,60325,0,0
1060,149066,0,149066,0,0
1061,161883,0,161883,0,0
1062,90019,0,90019,0,0
1063,128062,0,128062,0,0
1064,84747,0,84747,0,0
1065,79095,0,79095,0,0
1066,122607,0,122607,0,0
1067,73084,0,73084,0,0
1068,109261,0,109261,0,0
1069,58626,0,58626,0,0
1070,101744,0,101744,0,0
1071,66842,0,66842,0,0
1072,92565,0,92565,0,0
1073,86938,0,86938,0,0
1074,54924,0,54924,0,0
1075,88907,0,88907,0,0
1076,146947,0,146947,0,0
1077,63171,0,63171,0,0
1078,139206,0,139206,0,0
1079,148412,0,148412,0,0
1080,119829,0,119829,0,0
1081,133485,0,133485,0,0
1082,98830,0,98830,0,0
1083,73050,0,73050,0,0
1084,81229,0,81229,0,0
1085,61278,0,61278,0,0
1086,55571,0,55571,0,0
1087,75022,0,75022,0,0
1088,176493,0,176493,0,0
1089,115913,0,115913,0,0
1090,116667,0,116667,0,0
1091,111718,0,111718,0,0
1092,166170,0,166170,0,0
1093,80625,0,80625,0,0
1094,119093,0,119093,0,0
1095,77002,0,77002,0,0
1096,94398,0,94398,0,0
1097,134570,0,134570,0,0
1098,132321,0,132321,0,0
1099,97532,0,97532,0,0
1100,97997,0,97997,0,0
1101,112454,0,112454,0,0
1102,80631,0,80631,0,0
1103,149823,0,149823,0,0
1104,103872,0,103872,0,0
1105,118173,0,118173,0,0
1106,121893,0,121893,0,0
1107,149834,0,149834,0,0
1108,65710,0,65710,0,0
1109,69195,0,69195,0,0
1110,106703,0,106703,0,0
1111,80406,0,80406,0,0
1112,111462,0,111462,0,0
1113,87507,0,87507,0,0
1114,66504,0,66504,0,0
1115,71751,0,71751,0,0
1116,93844,0,93844,0,0
1117,115306,0,115306,0,0
1118,60251,0,60251,0,0
1119,89332,0,89332,0,0
1120,82970,0,82970,0,0
1121,70046,0,70046,0,0
1122,78561,0,78561,0,0
1123,109501,0,109501,0,0
1124,76217,0,76217,0,0
1125,75530,0,75530,0,0
1126,60146,0,60146,0,0
1127,99204,0,99204,0,0
1128,96817,0,96817,0,0
1129,143817,0,143817,0,0
1130,79673,0,79673,0,0
1131,245605,0,245605,0,0
1132,133356,0,133356,0,0
1133,226484,0,226484,0,0
1134,282855,0,282855,0,0
1135,145088,0,145088,0,0
1136,149930,0,149930,0,0
1137,91585,0,91585,0,0
1138,121117,0,121117,0,0
1139,55366,0,55366,0,0
1140,135376,0,135376,0,0
1141,84705,0,84705,0,0
1142,146656,0,146656,0,0
1143,133167,0,133167,0,0
1144,136976,0,136976,0,0
1145,141693,0,141693,0,0
1146,102153,0,102153,0,0
1147,80242,0,80242,0,0
1148,69383,0,69383,0,0
1149,110240,0,110240,0,0
1150,83409,0,83409,0,0
1151,95902,0,95902,0,0
1152,96946,0,96946,0,0
1153,106391,0,106391,0,0
1154,65980,0,65980,0,0
1155,124628,0,124628,0,0
1156,75598,0,75598,0,0
1157,63136,0,63136,0,0
1158,58673,0,58673,0,0
1159,97785,0,97785,0,0
1160,70709,0,70709,0,0
1161,56926,0,56926,0,0
1162,128978,0,128978,0,0
1163,70569,0,70569,0,0
1164,95705,0,95705,0,0
1165,69759,0,69759,0,0
1166,61233,0,61233,0,0
1167,68173,0,68173,0,0
1168,142332,0,142332,0,0
1169,77488,0,77488,0,0
1170,111604,0,111604,0,0
1171,86936,0,86936,0,0
1172,87493,0,87493,0,0
1173,62472,0,62472,0,0
1174,76952,0,76952,0,0
1175,92866,0,92866,0,0
1176,99641,0,99641,0,0
1177,87732,0,87732,0,0
1178,102276,0,102276,0,0
1179,64006,0,64006,0,0
1180,127627,0,127627,0,0
1181,96634,0,96634,0,0
1182,87317,0,87317,0,0
1183,62461,0,62461,0,0
1184,56732,0,56732,0,0
1185,83180,0,83180,0,0
1186,57663,0,57663,0,0
1187,72099,0,72099,0,0
1188,63971,0,63971,0,0
1189,82753,0,82753,0,0
1190,53502,0,53502,0,0
1191,79664,0,79664,0,0
1192,68440,0,68440,0,0
1193,113826,0,113826,0,0
1194,78471,0,78471,0,0
1195,118320,0,118320,0,0
1196,75225,0,75225,0,0
1197,66456,0,66456,0,0
1198,79868,0,79868,0,0
1199,117732,0,117732,0,0
1200,117723,0,117723,0,0
1201,59853,0,59853,0,0
1202,89106,0,89106,0,0
1203,100898,0,100898,0,0
1204,57033,0,57033,0,0
1205,59371,0,59371,0,0
1206,72697,0,72697,0,0
1207,84120,0,84120,0,0
1208,96119,0,96119,0,0
1209,94948,0,94948,0,0
1210,126132,0,126132,0,0
1211,92096,0,92096,0,0
1212,92100,0,92100,0,0
1213,50598,0,50598,0,0
1214,96388,0,96388,0,0
1215,57462,0,57462,0,0
1216,49108,0,49108,0,0
1217,53756,0,53756,0,0
1218,79452,0,79452,0,0
1219,163721,0,163721,0,0
1220,106952,0,106952,0,0
1221,84321,0,84321,0,0
1222,125667,0,125667,0,0
1223,74743,0,74743,0,0
1224,92540,0,92540,0,0
1225,61377,0,61377,0,0
1226,90269,0,90269,0,0
1227,50490,0,50490,0,0
1228,74347,0,74347,0,0
1229,131569,0,131569,0,0
1230,98226,0,98226,0,0
1231,88249,0,88249,0,0
1232,58775,0,58775,0,0
1233,106958,0,106958,0,0
1234,136290,0,136290,0,0
1235,51381,0,51381,0,0
1236,87253,0,87253,0,0
1237,101450,0,101450,0,0
1238,72345,0,72345,0,0
1239,86030,0,86030,0,0
1240,87232,0,87232,0,0
1241,48506,0,48506,0,0
1242,50958,0,50958,0,0
1243,77097,0,77097,0,0
1244,103396,0,103396,0,0
1245,114797,0,114797,0,0
1246,82922,0,82922,0,0
1247,73646,0,73646,0,0
1248,103926,0,103926,0,0
1249,100428,0,100428,0,0
1250,55277,0,55277,0,0
1251,54257,0,54257,0,0
1252,75488,0,75488,0,0
1253,195466,0,195466,0,0
1254,143821,0,143821,0,0
1255,86731,0,86731,0,0
1256,56355,0,56355,0,0
1257,46422,0,46422,0,0
1258,54262,0,54262,0,0
1259,84260,0,84260,0,0
1260,58321,0,58321,0,0
1261,77347,0,77347,0,0
1262,54220,0,54220,0,0
1263,52343,0,52343,0,0
1264,53726,0,53726,0,0
1265,149412,0,149412,0,0
1266,107902,0,107902,0,0
1267,71821,0,71821,0,0
1268,76129,0,76129,0,0
1269,52055,0,52055,0,0
1270,116084,0,116084,0,0
1271,194308,0,194308,0,0
1272,151643,0,151643,0,0
1273,97970,0,97970,0,0
1274,88940,0,88940,0,0
1275,60670,0,60670,0,0
1276,74955,0,74955,0,0
1277,52974,0,52974,0,0
1278,109125,0,109125,0,0
1279,72137,0,72137,0,0
1280,49611,0,49611,0,0
1281,52490,0,52490,0,0
1282,50697,0,50697,0,0
1283,96174,0,96174,0,0
1284,51513,0,51513,0,0
1285,96657,0,96657,0,0
1286,57769,0,57769,0,0
1287,72335,0,72335,0,0
1288,36712,0,36712,0,0
1289,89511,0,89511,0,0
1290,77810,0,77810,0,0
1291,52590,0,52590,0,0
1292,48596,0,48596,0,0
1293,83310,0,83310,0,0
1294,79041,0,79041,0,0
1295,54162,0,54162,0,0
1296,86341,0,86341,0,0
1297,58725,0,58725,0,0
1298,84137,0,84137,0,0
1299,60910,0,60910,0,0
1300,46130,0,46130,0,0
1301,92958,0,92958,0,0
1302,64636,0,64636,0,0
1303,82503,0,82503,0,0
1304,55320,0,55320,0,0
1305,62945,0,62945,0,0
1306,160113,0,160113,0,0
1307,70573,0,70573,0,0
1308,55163,0,55163,0,0
1309,73492,0,73492,0,0
1310,78314,0,78314,0,0
1311,64057,0,64057,0,0
1312,151630,0,151630,0,0
1313,103779,0,103779,0,0
1314,94496,0,94496,0,0
1315,57913,0,57913,0,0
1316,82893,0,82893,0,0
1317,105474,0,105474,0,0
1318,95896,0,95896,0,0
1319,84147,0,84147,0,0
1320,77180,0,77180,0,0
1321,78397,0,78397,0,0
1322,89838,0,89838,0,0
1323,67122,0,67122,0,0
1324,92231,0,92231,0,0
1325,77253,0,77253,0,0
1326,63469,0,63469,0,0
1327,84769,0,84769,0,0
1328,60542,0,60542,0,0
1329,63162,0,63162,0,0
1330,84581,0,84581,0,0
1331,66985,0,66985,0,0
1332,130629,0,130629,0,0
1333,104176,0,104176,0,0
1334,87039,0,87039,0,0
1335,83661,0,83661,0,0
1336,59063,0,59063,0,0
1337,112021,0,112021,0,0
1338,82388,0,82388,0,0
1339,74223,0,74223,0,0
1340,98385,0,98385,0,0
1341,90967,0,90967,0,0
1342,187004,0,187004,0,0
1343,122418,0,122418,0,0
1344,104245,0,104245,0,0
1345,72528,0,72528,0,0
1346,279422,0,279422,0,0
1347,211682,0,211682,0,0
1348,148214,0,148214,0,0
1349,117648,0,117648,0,0
1350,101350,0,101350,0,0
1351,58688,0,58688,0,0
1352,79356,0,79356,0,0
1353,137107,0,137107,0,0
1354,94198,0,94198,0,0
1355,341967,0,341967,0,0
1356,234858,0,234858,0,0
1357,153067,0,153067,0,0
1358,163196,0,163196,0,0
1359,114163,0,114163,0,0
1360,139662,0,139662,0,0
1361,105904,0,105904,0,0
1362,77536,0,77536,0,0
1363,111507,0,111507,0,0
1364,65992,0,65992,0,0
1365,44834,0,44834,0,0
1366,162509,0,162509,0,0
1367,109754,0,109754,0,0
1368,123441,0,123441,0,0
1369,156020,0,156020,0,0
1370,97585,0,97585,0,0
1371,122337,0,122337,0,0
1372,50603,0,50603,0,0
1373,129006,0,129006,0,0
1374,80899,0,80899,0,0
1375,83900,0,83900,0,0
1376,69088,0,69088,0,0
1377,142860,0,142860,0,0
1378,102862,0,102862,0,0
1379,84978,0,84978,0,0
1380,80456,0,80456,0,0
1381,119293,0,119293,0,0
1382,82810,0,82810,0,0
1383,87286,0,87286,0,0
1384,72481,0,72481,0,0
1385,73225,0,73225,0,0
1386,76222,0,76222,0,0
1387,82726,0,82726,0,0
1388,68581,0,68581,0,0
1389,104387,0,104387,0,0
1390,119994,0,119994,0,0
1391,65272,0,65272,0,0
1392,171163,0,171163,0,0
1393,119678,0,119678,0,0
1394,124645,0,124645,0,0
1395,80728,0,80728,0,0
1396,58235,0,58235,0,0
1397,88994,0,88994,0,0
1398,115490,0,115490,0,0
1399,75709,0,75709,0,0
1400,73717,0,73717,0,0
1401,50769,0,50769,0,0
1402,84830,0,84830,0,0
1403,61356,0,61356,0,0
1404,62787,0,62787,0,0
1405,120200,0,120200,0,0
1406,103967,0,103967,0,0
1407,70605,0,70605,0,0
1408,81164,0,81164,0,0
1409,77845,0,77845,0,0
1410,88518,0,88518,0,0
1411,54698,0,54698,0,0
1412,42206,0,42206,0,0
1413,97429,0,97429,0,0
1414,110744,0,110744,0,0
1415,51428,0,51428,0,0
1416,71642,0,71642,0,0
1417,99208,0,99208,0,0
1418,47452,0,47452,0,0
1419,64993,0,64993,0,0
1420,65892,0,65892,0,0
1421,68501,0,68501,0,0
1422,114552,0,114552,0,0
1423,87926,0,87926,0,0
1424,87489,0,87489,0,0
1425,111362,0,111362,0,0
1426,82558,0,82558,0,0
1427,86382,0,86382,0,0
1428,113508,0,113508,0,0
1429,82203,0,82203,0,0
1430,102505,0,102505,0,0
1431,61222,0,61222,0,0
1432,66642,0,66642,0,0
1433,121112,0,121112,0,0
1434,84541,0,84541,0,0
1435,74922,0,74922,0,0
1436,38738,0,38738,0,0
1437,79658,0,79658,0,0
1438,112628,0,112628,0,0
1439,92451,0,92451,0,0
1440,153490,0,153490,0,0
1441,84326,0,84326,0,0
1442,97886,0,97886,0,0
1443,78253,0,78253,0,0
1444,87734,0,87734,0,0
1445,135566,0,135566,0,0
1446,94157,0,94157,0,0
1447,84886,0,84886,0,0
1448,67921,0,67921,0,0
1449,145778,0,145778,0,0
1450,80219,0,80219,0,0
1451,117441,0,117441,0,0
1452,71312,0,71312,0,0
1453,73901,0,73901,0,0
1454,195841,0,195841,0,0
1455,145996,0,145996,0,0
1456,235627,0,235627,0,0
1457,113764,0,113764,0,0
1458,99172,0,99172,0,0
1459,102817,0,102817,0,0
1460,64367,0,64367,0,0
1461,128804,0,128804,0,0
1462,72034,0,72034,0,0
1463,119548,0,119548,0,0
1464,141676,0,141676,0,0
1465,105638,0,105638,0,0
1466,76979,0,76979,0,0
1467,67530,0,67530,0,0
1468,105168,0,105168,0,0
1469,129363,0,129363,0,0
1470,123444,0,123444,0,0
1471,63609,0,63609,0,0
1472,112259,0,112259,0,0
1473,51955,0,51955,0,0
1474,64495,0,64495,0,0
1475,118832,0,118832,0,0
1476,81922,0,81922,0,0
1477,88349,0,88349,0,0
1478,106242,0,106242,0,0
1479,96823,0,96823,0,0
1480,106526,0,106526,0,0
1481,63201,0,63201,0,0
1482,60061,0,60061,0,0
1483,103350,0,103350,0,0
1484,56417,0,56417,0,0
1485,90392,0,90392,0,0
1486,61299,0,61299,0,0
1487,80309,0,80309,0,0
1488,73713,0,73713,0,0
1489,90481,0,90481,0,0
1490,101831,0,101831,0,0
1491,96019,0,96019,0,0
1492,63952,0,63952,0,0
1493,85352,0,85352,0,0
1494,67049,0,67049,0,0
1495,65705,0,65705,0,0
1496,80662,0,80662,0,0
1497,58542,0,58542,0,0
1498,102832,0,102832,0,0
1499,68687,0,68687,0,0
1500,76717,0,76717,0,0
1501,96895,0,96895,0,0
1502,171983,0,171983,0,0
1503,122548,0,122548,0,0
1504,100555,0,100555,0,0
1505,128318,0,128318,0,0
1506,82027,0,82027,0,0
1507,128155,0,128155,0,0
1508,77180,0,77180,0,0
1509,91125,0,91125,0,0
1510,163267,0,163267,0,0
1511,61345,0,61345,0,0
1512,107090,0,107090,0,0
1513,54652,0,54652,0,0
1514,125070,0,125070,0,0
1515,188004,0,188004,0,0
1516,184868,0,184868,0,0
1517,261937,0,261937,0,0
1518,222847,0,222847,0,0
1519,152274,0,152274,0,0
1520,129319,0,129319,0,0
1521,145971,0,145971,0,0
1522,60072,0,60072,0,0
1523,63345,0,63345,0,0
1524,61460,0,61460,0,0
1525,80900,0,80900,0,0
1526,57649,0,57649,0,0
1527,124532,0,124532,0,0
1528,97580,0,97580,0,0
1529,123306,0,123306,0,0
1530,55952,0,55952,0,0
1531,57265,0,57265,0,0
1532,141127,0,141127,0,0
1533,104556,0,104556,0,0
1534,117541,0,117541,0,0
1535,88839,0,88839,0,0
1536,57368,0,57368,0,0
1537,56555,0,56555,0,0
1538,142060,0,142060,0,0
1539,152936,0,152936,0,0
1540,49326,0,49326,0,0
1541,72711,0,72711,0,0
1542,59169,0,59169,0,0
1543,61459,0,61459,0,0
1544,87013,0,87013,0,0
1545,113097,0,113097,0,0
1546,72656,0,72656,0,0
1547,64723,0,64723,0,0
1548,104772,0,104772,0,0
1549,99885,0,99885,0,0
1550,74666,0,74666,0,0
1551,90481,0,90481,0,0
1552,54871,0,54871,0,0
1553,149559,0,149559,0,0
1554,139232,0,139232,0,0
1555,114430,0,114430,0,0
1556,129760,0,129760,0,0
1557,72284,0,72284,0,0
1558,82851,0,82851,0,0
1559,47241,0,47241,0,0
1560,105602,0,105602,0,0
1561,114680,0,114680,0,0
1562,137725,0,137725,0,0
1563,74638,0,74638,0,0
1564,142375,0,142375,0,0
1565,62297,0,62297,0,0
1566,139011,0,139011,0,0
1567,149055,0,149055,0,0
1568,81694,0,81694,0,0
1569,175027,0,175027,0,0
1570,109273,0,109273,0,0
1571,122644,0,122644,0,0
1572,145292,0,145292,0,0
1573,92743,0,92743,0,0
1574,139261,0,139261,0,0
1575,99103,0,99103,0,0
1576,97719,0,97719,0,0
1577,64381,0,64381,0,0
1578,95558,0,95558,0,0
1579,75843,0,75843,0,0
1580,69407,0,69407,0,0
1581,59053,0,59053,0,0
1582,88842,0,88842,0,0
1583,63164,0,63164,0,0
1584,89641,0,89641,0,0
1585,136642,0,136642,0,0
1586,77372,0,77372,0,0
1587,68450,0,68450,0,0
1588,109453,0,109453,0,0
1589,143389,0,143389,0,0
1590,161434,0,161434,0,0
1591,111855,0,111855,0,0
1592,65776,0,65776,0,0
1593,78501,0,78501,0,0
1594,90350,0,90350,0,0
1595,61801,0,61801,0,0
1596,66550,0,66550,0,0
1597,157952,0,157952,0,0
1598,109096,0,109096,0,0
1599,88868,0,88868,0,0
1600,148006,0,148006,0,0
1601,160670,0,160670,0,0
1602,129726,0,129726,0,0
1603,111484,0,111484,0,0
1604,90586,0,90586,0,0
1605,118302,0,118302,0,0
1606,75859,0,75859,0,0
1607,68688,0,68688,0,0
1608,91112,0,91112,0,0
1609,87188,0,87188,0,0
1610,91211,0,91211,0,0
1611,96641,0,96641,0,0
1612,99848,0,99848,0,0
1613,67360,0,67360,0,0
1614,50154,0,50154,0,0
1615,70059,0,70059,0,0
1616,76922,0,76922,0,0
1617,123801,0,123801,0,0
1618,60085,0,60085,0,0
1619,72496,0,72496,0,0
1620,157402,0,157402,0,0
1621,97621,0,97621,0,0
1622,82979,0,82979,0,0
1623,122698,0,122698,0,0
1624,65484,0,65484,0,0
1625,86634,0,86634,0,0
1626,93931,0,93931,0,0
1627,97346,0,97346,0,0
1628,105105,0,105105,0,0
1629,82010,0,82010,0,0
1630,72737,0,72737,0,0
1631,115845,0,115845,0,0
1632,117442,0,117442,0,0
1633,105677,0,105677,0,0
1634,77885,0,77885,0,0
1635,101870,0,101870,0,0
1636,58254,0,58254,0,0
1637,98317,0,98317,0,0
1638,59947,0,59947,0,0
1639,70587,0,70587,0,0
1640,122202,0,122202,0,0
1641,70219,0,70219,0,0
1642,63063,0,63063,0,0
1643,84817,0,84817,0,0
1644,148046,0,148046,0,0
1645,110598,0,110598,0,0
1646,116012,0,116012,0,0
1647,77065,0,77065,0,0
1648,99044,0,99044,0,0
1649,62920,0,62920,0,0
1650,115842,0,115842,0,0
1651,74602,0,74602,0,0
1652,84167,0,84167,0,0
1653,138100,0,138100,0,0
1654,64166,0,64166,0,0
1655,66702,0,66702,0,0
1656,114273,0,114273,0,0
1657,114799,0,114799,0,0
1658,68518,0,68518,0,0
1659,62715,0,62715,0,0
1660,116457,0,116457,0,0
1661,58433,0,58433,0,0
1662,129571,0,129571,0,0
1663,118323,0,118323,0,0
1664,95997,0,95997,0,0
1665,78681,0,78681,0,0
1666,186603,0,186603,0,0
1667,123549,0,123549,0,0
1668,104022,0,104022,0,0
1669,110263,0,110263,0,0
1670,87655,0,87655,0,0
1671,173824,0,173824,0,0
1672,116447,0,116447,0,0
1673,107053,0,107053,0,0
1674,76585,0,76585,0,0
1675,93501,0,93501,0,0
1676,134469,0,134469,0,0
1677,68550,0,68550,0,0
1678,132486,0,132486,0,0
1679,139829,0,139829,0,0
1680,53154,0,53154,0,0
1681,70442,0,70442,0,0
1682,143259,0,143259,0,0
1683,95712,0,95712,0,0
1684,131719,0,131719,0,0
1685,84469,0,84469,0,0
1686,82756,0,82756,0,0
1687,114385,0,114385,0,0
1688,73137,0,73137,0,0
1689,82166,0,82166,0,0
1690,129904,0,129904,0,0
1691,92717,0,92717,0,0
1692,121048,0,121048,0,0
1693,77366,0,77366,0,0
1694,73610,0,73610,0,0
1695,107769,0,107769,0,0
1696,92800,0,92800,0,0
1697,118285,0,118285,0,0
1698,129044,0,129044,0,0
1699,84720,0,84720,0,0
1700,58113,0,58113,0,0
1701,120769,0,120769,0,0
1702,99460,0,99460,0,0
1703,91850,0,91850,0,0
1704,48317,0,48317,0,0
1705,55033,0,55033,0,0
1706,65655,0,65655,0,0
1707,125466,0,125466,0,0
1708,57695,0,57695,0,0
1709,85188,0,85188,0,0
1710,48458,0,48458,0,0
1711,51721,0,51721,0,0
1712,108046,0,108046,0,0
1713,111277,0,111277,0,0
1714,88699,0,88699,0,0
1715,114595,0,114595,0,0
1716,100047,0,100047,0,0
1717,71626,0,71626,0,0
1718,81474,0,81474,0,0
1719,66843,0,66843,0,0
1720,101903,0,101903,0,0
1721,52908,0,52908,0,0
1722,64828,0,64828,0,0
1723,123770,0,123770,0,0
1724,82929,0,82929,0,0
1725,119658,0,119658,0,0
1726,59889,0,59889,0,0
1727,64523,0,64523,0,0
1728,80641,0,80641,0,0
1729,81538,0,81538,0,0
1730,94486,0,94486,0,0
1731,78169,0,78169,0,0
1732,62122,0,62122,0,0
1733,69144,0,69144,0,0
1734,39017,0,39017,0,0
1735,80753,0,80753,0,0
1736,75827,0,75827,0,0
1737,99352,0,99352,0,0
1738,88649,0,88649,0,0
1739,90398,0,90398,0,0
1740,143941,0,143941,0,0
1741,87956,0,87956,0,0
1742,148090,0,148090,0,0
1743,81600,0,81600,0,0
1744,78467,0,78467,0,0
1745,184592,0,184592,0,0
1746,147908,0,147908,0,0
1747,132802,0,132802,0,0
1748,61914,0,61914,0,0
1749,58176,0,58176,0,0
1750,62808,0,62808,0,0
1751,65629,0,65629,0,0
1752,74713,0,74713,0,0
1753,127348,0,127348,0,0
1754,83221,0,83221,0,0
1755,62485,0,62485,0,0
1756,53040,0,53040,0,0
1757,112383,0,112383,0,0
1758,66950,0,66950,0,0
1759,74628,0,74628,0,0
1760,137884,0,137884,0,0
1761,64816,0,64816,0,0
1762,74725,0,74725,0,0
1763,117734,0,117734,0,0
1764,65521,0,65521,0,0
1765,185046,0,185046,0,0
1766,135723,0,135723,0,0
1767,105716,0,105716,0,0
1768,116252,0,116252,0,0
1769,190413,0,190413,0,0
1770,131920,0,131920,0,0
1771,168676,0,168676,0,0
1772,177156,0,177156,0,0
1773,206994,0,206994,0,0
1774,170418,0,170418,0,0
1775,133831,0,133831,0,0
1776,99786,0,99786,0,0
1777,154462,0,154462,0,0
1778,97187,0,97187,0,0
1779,175455,0,175455,0,0
1780,122733,0,122733,0,0
1781,70912,0,70912,0,0
1782,87101,0,87101,0,0
1783,70777,0,70777,0,0
1784,145113,0,145113,0,0
1785,113174,0,113174,0,0
1786,70283,0,70283,0,0
1787,75933,0,75933,0,0
1788,156378,0,156378,0,0
1789,142922,0,142922,0,0
1790,87910,0,87910,0,0
1791,111493,0,111493,0,0
1792,72204,0,72204,0,0
1793,99314,0,99314,0,0
1794,53530,0,53530,0,0
1795,70872,0,70872,0,0
1796,107477,0,107477,0,0
1797,226090,0,226090,0,0
1798,158551,0,158551,0,0
1799,130347,0,130347,0,0
1800,112150,0,112150,0,0
1801,108930,0,108930,0,0
1802,113851,0,113851,0,0
1803,112819,0,112819,0,0
1804,109179,0,109179,0,0
1805,99536,0,99536,0,0
1806,85225,0,85225,0,0
1807,154065,0,154065,0,0
1808,103929,0,103929,0,0
1809,103885,0,103885,0,0
1810,74883,0,74883,0,0
1811,83659,0,83659,0,0
1812,131876,0,131876,0,0
1813,66470,0,66470,0,0
1814,97489,0,97489,0,0
1815,132224,0,132224,0,0
1816,93635,0,93635,0,0
1817,66848,0,66848,0,0
1818,89453,0,89453,0,0
1819,52439,0,52439,0,0
1820,48259,0,48259,0,0
1821,81103,0,81103,0,0
1822,80334,0,80334,0,0
1823,55287,0,55287,0,0
1824,100718,0,100718,0,0
1825,71511,0,71511,0,0
1826,62024,0,62024,0,0
1827,60312,0,60312,0,0
1828,86355,0,86355,0,0
1829,84984,0,84984,0,0
1830,131604,0,131604,0,0
1831,80749,0,80749,0,0
1832,69081,0,69081,0,0
1833,112783,0,112783,0,0
1834,75340,0,75340,0,0
1835,87137,0,87137,0,0
1836,171807,0,171807,0,0
1837,117116,0,117116,0,0
1838,62781,0,62781,0,0
1839,100282,0,100282,0,0
1840,72914,0,72914,0,0
1841,76553,0,76553,0,0
1842,40406,0,40406,0,0
1843,56215,0,56215,0,0
1844,80680,0,80680,0,0
1845,87990,0,87990,0,0
1846,87038,0,87038,0,0
1847,83833,0,83833,0,0
1848,63984,0,63984,0,0
1849,78544,0,78544,0,0
1850,64750,0,64750,0,0
1851,151336,0,151336,0,0
1852,93029,0,93029,0,0
1853,87375,0,87375,0,0
1854,82662,0,82662,0,0
1855,72256,0,72256,0,0
1856,97494,0,97494,0,0
1857,112877,0,112877,0,0
1858,86789,0,86789,0,0
1859,53482,0,53482,0,0
1860,70722,0,70722,0,0
1861,74924,0,74924,0,0
1862,59603,0,59603,0,0
1863,68874,0,68874,0,0
1864,141144,0,141144,0,0
1865,69182,0,69182,0,0
1866,50024,0,50024,0,0
1867,70206,0,70206,0,0
1868,76587,0,76587,0,0
1869,81626,0,81626,0,0
1870,75957,0,75957,0,0
1871,59014,0,59014,0,0
1872,88171,0,88171,0,0
1873,69283,0,69283,0,0
1874,95781,0,95781,0,0
1875,55969,0,55969,0,0
1876,89024,0,89024,0,0
1877,77394,0,77394,0,0
1878,88123,0,88123,0,0
1879,49271,0,49271,0,0
1880,55587,0,55587,0,0
1881,81499,0,81499,0,0
1882,162418,0,162418,0,0
1883,117661,0,117661,0,0
1884,132926,0,132926,0,0
1885,68981,0,68981,0,0
1886,79372,0,79372,0,0
1887,68392,0,68392,0,0
1888,158669,0,158669,0,0
1889,135829,0,135829,0,0
1890,143199,0,143199,0,0
1891,129100,0,129100,0,0
1892,86613,0,86613,0,0
1893,185657,0,185657,0,0
1894,116696,0,116696,0,0
1895,79166,0,79166,0,0
1896,85055,0,85055,0,0
1897,140637,0,140637,0,0
1898,96761,0,96761,0,0
1899,153178,0,153178,0,0
1900,100157,0,100157,0,0
1901,126227,0,126227,0,0
1902,93694,0,93694,0,0
1903,67649,0,67649,0,0
1904,128915,0,128915,0,0
1905,112411,0,112411,0,0
1906,112411,0,112411,0,0
1907,110350,0,110350,0,0
1908,99033,0,99033,0,0
1909,141722,0,141722,0,0
1910,91957,0,91957,0,0
1911,102189,0,102189,0,0
1912,65428,0,65428,0,0
1913,154007,0,154007,0,0
1914,97623,0,97623,0,0
1915,99738,0,99738,0,0
1916,131955,0,131955,0,0
1917,94715,0,94715,0,0
1918,104482,0,104482,0,0
1919,105923,0,105923,0,0
1920,58389,0,58389,0,0
1922,140143,0,140143,0,0
1921,206669,0,206669,0,0
1923,77964,0,77964,0,0
1924,164070,0,164070,0,0
1925,104503,0,104503,0,0
1926,100213,0,100213,0,0
1927,74443,0,74443,0,0
1928,124093,0,124093,0,0
1929,83157,0,83157,0,0
1930,110118,0,110118,0,0
1931,94147,0,94147,0,0
1932,256035,0,256035,0,0
1933,191210,0,191210,0,0
1934,116654,0,116654,0,0
1935,105371,0,105371,0,0
1936,78256,0,78256,0,0
1937,93144,0,93144,0,0
1938,81024,0,81024,0,0
1939,130228,0,130228,0,0
1940,64972,0,64972,0,0
1941,62980,0,62980,0,0
1942,101422,0,101422,0,0
1943,148196,0,148196,0,0
1944,80241,0,80241,0,0
1945,174673,0,174673,0,0
1946,108925,0,108925,0,0
1947,113071,0,113071,0,0
1948,145795,0,145795,0,0
1949,116951,0,116951,0,0
1950,154169,0,154169,0,0
1951,117106,0,117106,0,0
1952,91637,0,91637,0,0
1953,85464,0,85464,0,0
1954,196330,0,196330,0,0
1955,222385,0,222385,0,0
1956,193696,0,193696,0,0
1957,181666,0,181666,0,0
1958,184531,0,184531,0,0
1959,94968,0,94968,0,0
1960,78513,0,78513,0,0
1961,167064,0,167064,0,0
1962,125277,0,125277,0,0
1963,102303,0,102303,0,0
1964,99634,0,99634,0,0
1965,127692,0,127692,0,0
1966,108323,0,108323,0,0
1967,69398,0,69398,0,0
1968,62676,0,62676,0,0
1969,72295,0,72295,0,0
1970,116390,0,116390,0,0
1971,113462,0,113462,0,0
1972,67877,0,67877,0,0
1973,64190,0,64190,0,0
1974,108404,0,108404,0,0
1975,66745,0,66745,0,0
1976,98865,0,98865,0,0
1977,103483,0,103483,0,0
1978,111750,0,111750,0,0
1979,67228,0,67228,0,0
1980,80480,0,80480,0,0
1981,52921,0,52921,0,0
1982,57445,0,57445,0,0
1983,53224,0,53224,0,0
1984,56423,0,56423,0,0
1985,125577,0,125577,0,0
1986,58830,0,58830,0,0
1987,59155,0,59155,0,0
1988,108174,0,108174,0,0
1989,134381,0,134381,0,0
1990,61100,0,61100,0,0
1991,66474,0,66474,0,0
1992,111132,0,111132,0,0
1993,53691,0,53691,0,0
1994,138233,0,138233,0,0
1995,60387,0,60387,0,0
1996,63033,0,63033,0,0
1997,62373,0,62373,0,0
1998,103673,0,103673,0,0
1999,148869,0,148869,0,0
2000,62071,0,62071,0,0
