count_idx,delay_ns,delay_center_ns,delay_centered_ns,delay_physical_ns,clock_offset_ns,clock_sync_path_delay_ns
51,176123,0,176123,176123,-1022174895,176751
52,175266,0,175266,175266,-1022174895,176751
53,175198,0,175198,175198,-1022174895,176751
54,174299,0,174299,174299,-1022174895,176751
55,175182,0,175182,175182,-1022174895,176751
56,177873,0,177873,177873,-1022174895,176751
57,174825,0,174825,174825,-1022174895,176751
58,174966,0,174966,174966,-1022174895,176751
59,175007,0,175007,175007,-1022174895,176751
60,174479,0,174479,174479,-1022174895,176751
61,179381,0,179381,179381,-1022174895,176751
62,176152,0,176152,176152,-1022174895,176751
63,174505,0,174505,174505,-1022174895,176751
64,175486,0,175486,175486,-1022174895,176751
65,174718,0,174718,174718,-1022174895,176751
66,178750,0,178750,178750,-1022174895,176751
67,181451,0,181451,181451,-1022174895,176751
68,176503,0,176503,176503,-1022174895,176751
69,174615,0,174615,174615,-1022174895,176751
70,175756,0,175756,175756,-1022174895,176751
71,175629,0,175629,175629,-1022174895,176751
72,179170,0,179170,179170,-1022174895,176751
73,175192,0,175192,175192,-1022174895,176751
74,174344,0,174344,174344,-1022174895,176751
75,174185,0,174185,174185,-1022174895,176751
76,175197,0,175197,175197,-1022174895,176751
77,180409,0,180409,180409,-1022174895,176751
78,173871,0,173871,173871,-1022174895,176751
79,175353,0,175353,175353,-1022174895,176751
80,175184,0,175184,175184,-1022174895,176751
81,176096,0,176096,176096,-1022174895,176751
82,177778,0,177778,177778,-1022174895,176751
83,175079,0,175079,175079,-1022174895,176751
84,175531,0,175531,175531,-1022174895,176751
85,176263,0,176263,176263,-1022174895,176751
86,177345,0,177345,177345,-1022174895,176751
87,284647,0,284647,284647,-1022174895,176751
88,215098,0,215098,215098,-1022174895,176751
89,184650,0,184650,184650,-1022174895,176751
90,172382,0,172382,172382,-1022174895,176751
91,173454,0,173454,173454,-1022174895,176751
92,172575,0,172575,172575,-1022174895,176751
93,177307,0,177307,177307,-1022174895,176751
94,175409,0,175409,175409,-1022174895,176751
95,173411,0,173411,173411,-1022174895,176751
96,173442,0,173442,173442,-1022174895,176751
97,173364,0,173364,173364,-1022174895,176751
98,173986,0,173986,173986,-1022174895,176751
99,173378,0,173378,173378,-1022174895,176751
100,176929,0,176929,176929,-1022174895,176751
101,173420,0,173420,173420,-1022174895,176751
102,174872,0,174872,174872,-1022174895,176751
103,173424,0,173424,173424,-1022174895,176751
104,174597,0,174597,174597,-1022174895,176751
105,172698,0,172698,172698,-1022174895,176751
106,173690,0,173690,173690,-1022174895,176751
107,173062,0,173062,173062,-1022174895,176751
108,175863,0,175863,175863,-1022174895,176751
109,177665,0,177665,177665,-1022174895,176751
110,174267,0,174267,174267,-1022174895,176751
111,173259,0,173259,173259,-1022174895,176751
112,173811,0,173811,173811,-1022174895,176751
113,172742,0,172742,172742,-1022174895,176751
114,174354,0,174354,174354,-1022174895,176751
115,173856,0,173856,173856,-1022174895,176751
116,173678,0,173678,173678,-1022174895,176751
117,173370,0,173370,173370,-1022174895,176751
118,173951,0,173951,173951,-1022174895,176751
119,172923,0,172923,172923,-1022174895,176751
120,174695,0,174695,174695,-1022174895,176751
121,173166,0,173166,173166,-1022174895,176751
122,177859,0,177859,177859,-1022174895,176751
123,172230,0,172230,172230,-1022174895,176751
124,172622,0,172622,172622,-1022174895,176751
125,187354,0,187354,187354,-1022174895,176751
126,177545,0,177545,177545,-1022174895,176751
127,171538,0,171538,171538,-1022174895,176751
128,171629,0,171629,171629,-1022174895,176751
129,175481,0,175481,175481,-1022174895,176751
130,173443,0,173443,173443,-1022174895,176751
131,171314,0,171314,171314,-1022174895,176751
132,171397,0,171397,171397,-1022174895,176751
133,176398,0,176398,176398,-1022174895,176751
134,171910,0,171910,171910,-1022174895,176751
135,172262,0,172262,172262,-1022174895,176751
136,170903,0,170903,170903,-1022174895,176751
137,172546,0,172546,172546,-1022174895,176751
138,175507,0,175507,175507,-1022174895,176751
139,173749,0,173749,173749,-1022174895,176751
140,173581,0,173581,173581,-1022174895,176751
141,177372,0,177372,177372,-1022174895,176751
142,173995,0,173995,173995,-1022174895,176751
143,173235,0,173235,173235,-1022174895,176751
144,173896,0,173896,173896,-1022174895,176751
145,173889,0,173889,173889,-1022174895,176751
146,172840,0,172840,172840,-1022174895,176751
147,173362,0,173362,173362,-1022174895,176751
148,172874,0,172874,172874,-1022174895,176751
149,173905,0,173905,173905,-1022174895,176751
150,177818,0,177818,177818,-1022174895,176751
151,173899,0,173899,173899,-1022174895,176751
152,173481,0,173481,173481,-1022174895,176751
153,174583,0,174583,174583,-1022174895,176751
154,172744,0,172744,172744,-1022174895,176751
155,173598,0,173598,173598,-1022174895,176751
156,174119,0,174119,174119,-1022174895,176751
157,176350,0,176350,176350,-1022174895,176751
158,173193,0,173193,173193,-1022174895,176751
159,173374,0,173374,173374,-1022174895,176751
160,174056,0,174056,174056,-1022174895,176751
161,172198,0,172198,172198,-1022174895,176751
162,173489,0,173489,173489,-1022174895,176751
163,171322,0,171322,171322,-1022174895,176751
164,173643,0,173643,173643,-1022174895,176751
165,175284,0,175284,175284,-1022174895,176751
166,179557,0,179557,179557,-1022174895,176751
167,175518,0,175518,175518,-1022174895,176751
168,174500,0,174500,174500,-1022174895,176751
169,173962,0,173962,173962,-1022174895,176751
170,173073,0,173073,173073,-1022174895,176751
171,173516,0,173516,173516,-1022174895,176751
172,173677,0,173677,173677,-1022174895,176751
173,176139,0,176139,176139,-1022174895,176751
174,173041,0,173041,173041,-1022174895,176751
175,173592,0,173592,173592,-1022174895,176751
176,172814,0,172814,172814,-1022174895,176751
177,173006,0,173006,173006,-1022174895,176751
178,177727,0,177727,177727,-1022174895,176751
179,173170,0,173170,173170,-1022174895,176751
180,172931,0,172931,172931,-1022174895,176751
181,173693,0,173693,173693,-1022174895,176751
182,173745,0,173745,173745,-1022174895,176751
183,173716,0,173716,173716,-1022174895,176751
184,173538,0,173538,173538,-1022174895,176751
185,173590,0,173590,173590,-1022174895,176751
186,173690,0,173690,173690,-1022174895,176751
187,174173,0,174173,174173,-1022174895,176751
188,173984,0,173984,173984,-1022174895,176751
189,176286,0,176286,176286,-1022174895,176751
190,172688,0,172688,172688,-1022174895,176751
191,173709,0,173709,173709,-1022174895,176751
192,173781,0,173781,173781,-1022174895,176751
193,173943,0,173943,173943,-1022174895,176751
194,173124,0,173124,173124,-1022174895,176751
195,173197,0,173197,173197,-1022174895,176751
196,173488,0,173488,173488,-1022174895,176751
197,172400,0,172400,172400,-1022174895,176751
198,174542,0,174542,174542,-1022174895,176751
199,176753,0,176753,176753,-1022174895,176751
200,173155,0,173155,173155,-1022174895,176751
201,174587,0,174587,174587,-1022174895,176751
202,174719,0,174719,174719,-1022174895,176751
203,174201,0,174201,174201,-1022174895,176751
204,174232,0,174232,174232,-1022174895,176751
205,176724,0,176724,176724,-1022174895,176751
206,176996,0,176996,176996,-1022174895,176751
207,175808,0,175808,175808,-1022174895,176751
208,173750,0,173750,173750,-1022174895,176751
209,173392,0,173392,173392,-1022174895,176751
210,173254,0,173254,173254,-1022174895,176751
211,173316,0,173316,173316,-1022174895,176751
212,172587,0,172587,172587,-1022174895,176751
213,173029,0,173029,173029,-1022174895,176751
214,173991,0,173991,173991,-1022174895,176751
215,177792,0,177792,177792,-1022174895,176751
216,173724,0,173724,173724,-1022174895,176751
217,174066,0,174066,174066,-1022174895,176751
218,173808,0,173808,173808,-1022174895,176751
219,172770,0,172770,172770,-1022174895,176751
220,174101,0,174101,174101,-1022174895,176751
221,176003,0,176003,176003,-1022174895,176751
222,174235,0,174235,174235,-1022174895,176751
223,173566,0,173566,173566,-1022174895,176751
224,172788,0,172788,172788,-1022174895,176751
225,173730,0,173730,173730,-1022174895,176751
226,173022,0,173022,173022,-1022174895,176751
227,172914,0,172914,172914,-1022174895,176751
228,173035,0,173035,173035,-1022174895,176751
229,174106,0,174106,174106,-1022174895,176751
230,175118,0,175118,175118,-1022174895,176751
231,174939,0,174939,174939,-1022174895,176751
232,178732,0,178732,178732,-1022174895,176751
233,174493,0,174493,174493,-1022174895,176751
234,177205,0,177205,177205,-1022174895,176751
235,174037,0,174037,174037,-1022174895,176751
236,174988,0,174988,174988,-1022174895,176751
237,176220,0,176220,176220,-1022174895,176751
238,174062,0,174062,174062,-1022174895,176751
239,173353,0,173353,173353,-1022174895,176751
240,173406,0,173406,173406,-1022174895,176751
241,173287,0,173287,173287,-1022174895,176751
242,173189,0,173189,173189,-1022174895,176751
243,173411,0,173411,173411,-1022174895,176751
244,173832,0,173832,173832,-1022174895,176751
245,173564,0,173564,173564,-1022174895,176751
246,174356,0,174356,174356,-1022174895,176751
247,173808,0,173808,173808,-1022174895,176751
248,173470,0,173470,173470,-1022174895,176751
249,174051,0,174051,174051,-1022174895,176751
250,175933,0,175933,175933,-1022174895,176751
251,173355,0,173355,173355,-1022174895,176751
252,174106,0,174106,174106,-1022174895,176751
253,175439,0,175439,175439,-1022174895,176751
254,173780,0,173780,173780,-1022174895,176751
255,172772,0,172772,172772,-1022174895,176751
256,173094,0,173094,173094,-1022174895,176751
257,173165,0,173165,173165,-1022174895,176751
258,177277,0,177277,177277,-1022174895,176751
259,173070,0,173070,173070,-1022174895,176751
260,172952,0,172952,172952,-1022174895,176751
261,174514,0,174514,174514,-1022174895,176751
262,177745,0,177745,177745,-1022174895,176751
263,173077,0,173077,173077,-1022174895,176751
264,173809,0,173809,173809,-1022174895,176751
265,177191,0,177191,177191,-1022174895,176751
266,173363,0,173363,173363,-1022174895,176751
267,174464,0,174464,174464,-1022174895,176751
268,171056,0,171056,171056,-1022174895,176751
269,176728,0,176728,176728,-1022174895,176751
270,173640,0,173640,173640,-1022174895,176751
271,173561,0,173561,173561,-1022174895,176751
272,173622,0,173622,173622,-1022174895,176751
273,174014,0,174014,174014,-1022174895,176751
274,174266,0,174266,174266,-1022174895,176751
275,173788,0,173788,173788,-1022174895,176751
276,174449,0,174449,174449,-1022174895,176751
277,173631,0,173631,173631,-1022174895,176751
278,174083,0,174083,174083,-1022174895,176751
279,174265,0,174265,174265,-1022174895,176751
280,173246,0,173246,173246,-1022174895,176751
281,181388,0,181388,181388,-1022174895,176751
282,177950,0,177950,177950,-1022174895,176751
283,183182,0,183182,183182,-1022174895,176751
284,188204,0,188204,188204,-1022174895,176751
285,184315,0,184315,184315,-1022174895,176751
286,182417,0,182417,182417,-1022174895,176751
287,186989,0,186989,186989,-1022174895,176751
288,191201,0,191201,191201,-1022174895,176751
289,182932,0,182932,182932,-1022174895,176751
290,187814,0,187814,187814,-1022174895,176751
291,193376,0,193376,193376,-1022174895,176751
292,185668,0,185668,185668,-1022174895,176751
293,191019,0,191019,191019,-1022174895,176751
294,195301,0,195301,195301,-1022174895,176751
295,187103,0,187103,187103,-1022174895,176751
296,192555,0,192555,192555,-1022174895,176751
297,198117,0,198117,198117,-1022174895,176751
298,195848,0,195848,195848,-1022174895,176751
299,194850,0,194850,194850,-1022174895,176751
300,200202,0,200202,200202,-1022174895,176751
301,205794,0,205794,205794,-1022174895,176751
302,194545,0,194545,194545,-1022174895,176751
303,199467,0,199467,199467,-1022174895,176751
304,203539,0,203539,203539,-1022174895,176751
305,196731,0,196731,196731,-1022174895,176751
306,201503,0,201503,201503,-1022174895,176751
307,206514,0,206514,206514,-1022174895,176751
308,199086,0,199086,199086,-1022174895,176751
309,203718,0,203718,203718,-1022174895,176751
310,207871,0,207871,207871,-1022174895,176751
311,200033,0,200033,200033,-1022174895,176751
312,174944,0,174944,174944,-1022174895,176751
313,173286,0,173286,173286,-1022174895,176751
314,172828,0,172828,172828,-1022174895,176751
315,172968,0,172968,172968,-1022174895,176751
316,172040,0,172040,172040,-1022174895,176751
317,175652,0,175652,175652,-1022174895,176751
318,176963,0,176963,176963,-1022174895,176751
319,173696,0,173696,173696,-1022174895,176751
320,173547,0,173547,173547,-1022174895,176751
321,174729,0,174729,174729,-1022174895,176751
322,173641,0,173641,173641,-1022174895,176751
323,174192,0,174192,174192,-1022174895,176751
324,173105,0,173105,173105,-1022174895,176751
325,172756,0,172756,172756,-1022174895,176751
326,173708,0,173708,173708,-1022174895,176751
327,173030,0,173030,173030,-1022174895,176751
328,173201,0,173201,173201,-1022174895,176751
329,173523,0,173523,173523,-1022174895,176751
330,173935,0,173935,173935,-1022174895,176751
331,176946,0,176946,176946,-1022174895,176751
332,173839,0,173839,173839,-1022174895,176751
333,176910,0,176910,176910,-1022174895,176751
334,173452,0,173452,173452,-1022174895,176751
335,172924,0,172924,172924,-1022174895,176751
336,174135,0,174135,174135,-1022174895,176751
337,174168,0,174168,174168,-1022174895,176751
338,174079,0,174079,174079,-1022174895,176751
339,174590,0,174590,174590,-1022174895,176751
340,172953,0,172953,172953,-1022174895,176751
341,172974,0,172974,172974,-1022174895,176751
342,172926,0,172926,172926,-1022174895,176751
343,173778,0,173778,173778,-1022174895,176751
344,173069,0,173069,173069,-1022174895,176751
345,174292,0,174292,174292,-1022174895,176751
346,177293,0,177293,177293,-1022174895,176751
347,171815,0,171815,171815,-1022174895,176751
348,173237,0,173237,173237,-1022174895,176751
349,176108,0,176108,176108,-1022174895,176751
350,174710,0,174710,174710,-1022174895,176751
351,173572,0,173572,173572,-1022174895,176751
352,173993,0,173993,173993,-1022174895,176751
353,172956,0,172956,172956,-1022174895,176751
354,173187,0,173187,173187,-1022174895,176751
355,173079,0,173079,173079,-1022174895,176751
356,172611,0,172611,172611,-1022174895,176751
357,172872,0,172872,172872,-1022174895,176751
358,173204,0,173204,173204,-1022174895,176751
359,173615,0,173615,173615,-1022174895,176751
360,173247,0,173247,173247,-1022174895,176751
361,174579,0,174579,174579,-1022174895,176751
362,172591,0,172591,172591,-1022174895,176751
363,173103,0,173103,173103,-1022174895,176751
364,177685,0,177685,177685,-1022174895,176751
365,176796,0,176796,176796,-1022174895,176751
366,173729,0,173729,173729,-1022174895,176751
367,173370,0,173370,173370,-1022174895,176751
368,173232,0,173232,173232,-1022174895,176751
369,172914,0,172914,172914,-1022174895,176751
370,173295,0,173295,173295,-1022174895,176751
371,172178,0,172178,172178,-1022174895,176751
372,172069,0,172069,172069,-1022174895,176751
373,177142,0,177142,177142,-1022174895,176751
374,178303,0,178303,178303,-1022174895,176751
375,174285,0,174285,174285,-1022174895,176751
376,172787,0,172787,172787,-1022174895,176751
377,175299,0,175299,175299,-1022174895,176751
378,173271,0,173271,173271,-1022174895,176751
379,174702,0,174702,174702,-1022174895,176751
380,174644,0,174644,174644,-1022174895,176751
381,176926,0,176926,176926,-1022174895,176751
382,174178,0,174178,174178,-1022174895,176751
383,173490,0,173490,173490,-1022174895,176751
384,174031,0,174031,174031,-1022174895,176751
385,172143,0,172143,172143,-1022174895,176751
386,173685,0,173685,173685,-1022174895,176751
387,174047,0,174047,174047,-1022174895,176751
388,173819,0,173819,173819,-1022174895,176751
389,173550,0,173550,173550,-1022174895,176751
390,173362,0,173362,173362,-1022174895,176751
391,174474,0,174474,174474,-1022174895,176751
392,172916,0,172916,172916,-1022174895,176751
393,173647,0,173647,173647,-1022174895,176751
394,173599,0,173599,173599,-1022174895,176751
395,173161,0,173161,173161,-1022174895,176751
396,173673,0,173673,173673,-1022174895,176751
397,181074,0,181074,181074,-1022174895,176751
398,173286,0,173286,173286,-1022174895,176751
399,173648,0,173648,173648,-1022174895,176751
400,174940,0,174940,174940,-1022174895,176751
401,173961,0,173961,173961,-1022174895,176751
402,177672,0,177672,177672,-1022174895,176751
403,173434,0,173434,173434,-1022174895,176751
404,173276,0,173276,173276,-1022174895,176751
405,172668,0,172668,172668,-1022174895,176751
406,173469,0,173469,173469,-1022174895,176751
407,173391,0,173391,173391,-1022174895,176751
408,173413,0,173413,173413,-1022174895,176751
409,174435,0,174435,174435,-1022174895,176751
410,173157,0,173157,173157,-1022174895,176751
411,175058,0,175058,175058,-1022174895,176751
412,174411,0,174411,174411,-1022174895,176751
413,176013,0,176013,176013,-1022174895,176751
414,174045,0,174045,174045,-1022174895,176751
415,174167,0,174167,174167,-1022174895,176751
416,173498,0,173498,173498,-1022174895,176751
417,172680,0,172680,172680,-1022174895,176751
418,173592,0,173592,173592,-1022174895,176751
419,173314,0,173314,173314,-1022174895,176751
420,174086,0,174086,174086,-1022174895,176751
421,173307,0,173307,173307,-1022174895,176751
422,173389,0,173389,173389,-1022174895,176751
423,174511,0,174511,174511,-1022174895,176751
424,174122,0,174122,174122,-1022174895,176751
425,174125,0,174125,174125,-1022174895,176751
426,174226,0,174226,174226,-1022174895,176751
427,173818,0,173818,173818,-1022174895,176751
428,172830,0,172830,172830,-1022174895,176751
429,177981,0,177981,177981,-1022174895,176751
430,181094,0,181094,181094,-1022174895,176751
431,173405,0,173405,173405,-1022174895,176751
432,173207,0,173207,173207,-1022174895,176751
433,173579,0,173579,173579,-1022174895,176751
434,174120,0,174120,174120,-1022174895,176751
435,174283,0,174283,174283,-1022174895,176751
436,174434,0,174434,174434,-1022174895,176751
437,173435,0,173435,173435,-1022174895,176751
438,173958,0,173958,173958,-1022174895,176751
439,174309,0,174309,174309,-1022174895,176751
440,173252,0,173252,173252,-1022174895,176751
441,173773,0,173773,173773,-1022174895,176751
442,174014,0,174014,174014,-1022174895,176751
443,173716,0,173716,173716,-1022174895,176751
444,173187,0,173187,173187,-1022174895,176751
445,177410,0,177410,177410,-1022174895,176751
446,174601,0,174601,174601,-1022174895,176751
447,173993,0,173993,173993,-1022174895,176751
448,174055,0,174055,174055,-1022174895,176751
449,176326,0,176326,176326,-1022174895,176751
450,174168,0,174168,174168,-1022174895,176751
451,172960,0,172960,172960,-1022174895,176751
452,173362,0,173362,173362,-1022174895,176751
453,173094,0,173094,173094,-1022174895,176751
454,174115,0,174115,174115,-1022174895,176751
455,173177,0,173177,173177,-1022174895,176751
456,175129,0,175129,175129,-1022174895,176751
457,181421,0,181421,181421,-1022174895,176751
458,176713,0,176713,176713,-1022174895,176751
459,172784,0,172784,172784,-1022174895,176751
460,172686,0,172686,172686,-1022174895,176751
461,176988,0,176988,176988,-1022174895,176751
462,173380,0,173380,173380,-1022174895,176751
463,182222,0,182222,182222,-1022174895,176751
464,173984,0,173984,173984,-1022174895,176751
465,172876,0,172876,172876,-1022174895,176751
466,174298,0,174298,174298,-1022174895,176751
467,172930,0,172930,172930,-1022174895,176751
468,173991,0,173991,173991,-1022174895,176751
469,173184,0,173184,173184,-1022174895,176751
470,174145,0,174145,174145,-1022174895,176751
471,176896,0,176896,176896,-1022174895,176751
472,173449,0,173449,173449,-1022174895,176751
473,174030,0,174030,174030,-1022174895,176751
474,173983,0,173983,173983,-1022174895,176751
475,173574,0,173574,173574,-1022174895,176751
476,175335,0,175335,175335,-1022174895,176751
477,177778,0,177778,177778,-1022174895,176751
478,173439,0,173439,173439,-1022174895,176751
479,173511,0,173511,173511,-1022174895,176751
480,172353,0,172353,172353,-1022174895,176751
481,173584,0,173584,173584,-1022174895,176751
482,174087,0,174087,174087,-1022174895,176751
483,173968,0,173968,173968,-1022174895,176751
484,174310,0,174310,174310,-1022174895,176751
485,174561,0,174561,174561,-1022174895,176751
486,178922,0,178922,178922,-1022174895,176751
487,173745,0,173745,173745,-1022174895,176751
488,174416,0,174416,174416,-1022174895,176751
489,173138,0,173138,173138,-1022174895,176751
490,173900,0,173900,173900,-1022174895,176751
491,172871,0,172871,172871,-1022174895,176751
492,173733,0,173733,173733,-1022174895,176751
493,176685,0,176685,176685,-1022174895,176751
494,172697,0,172697,172697,-1022174895,176751
495,173129,0,173129,173129,-1022174895,176751
496,176500,0,176500,176500,-1022174895,176751
497,175052,0,175052,175052,-1022174895,176751
498,172884,0,172884,172884,-1022174895,176751
499,172646,0,172646,172646,-1022174895,176751
500,173737,0,173737,173737,-1022174895,176751
501,172519,0,172519,172519,-1022174895,176751
502,175201,0,175201,175201,-1022174895,176751
503,173453,0,173453,173453,-1022174895,176751
504,173404,0,173404,173404,-1022174895,176751
505,173516,0,173516,173516,-1022174895,176751
506,173718,0,173718,173718,-1022174895,176751
507,173700,0,173700,173700,-1022174895,176751
508,173061,0,173061,173061,-1022174895,176751
509,176063,0,176063,176063,-1022174895,176751
510,172815,0,172815,172815,-1022174895,176751
511,174127,0,174127,174127,-1022174895,176751
512,173909,0,173909,173909,-1022174895,176751
513,173020,0,173020,173020,-1022174895,176751
514,178293,0,178293,178293,-1022174895,176751
515,173845,0,173845,173845,-1022174895,176751
516,173507,0,173507,173507,-1022174895,176751
517,173669,0,173669,173669,-1022174895,176751
518,173680,0,173680,173680,-1022174895,176751
519,173272,0,173272,173272,-1022174895,176751
520,177214,0,177214,177214,-1022174895,176751
521,173486,0,173486,173486,-1022174895,176751
522,174628,0,174628,174628,-1022174895,176751
523,172839,0,172839,172839,-1022174895,176751
524,173491,0,173491,173491,-1022174895,176751
525,176673,0,176673,176673,-1022174895,176751
526,174064,0,174064,174064,-1022174895,176751
527,173886,0,173886,173886,-1022174895,176751
528,174047,0,174047,174047,-1022174895,176751
529,178339,0,178339,178339,-1022174895,176751
530,172791,0,172791,172791,-1022174895,176751
531,174302,0,174302,174302,-1022174895,176751
532,172625,0,172625,172625,-1022174895,176751
533,173636,0,173636,173636,-1022174895,176751
534,178658,0,178658,178658,-1022174895,176751
535,174030,0,174030,174030,-1022174895,176751
536,173701,0,173701,173701,-1022174895,176751
537,173374,0,173374,173374,-1022174895,176751
538,173225,0,173225,173225,-1022174895,176751
539,173066,0,173066,173066,-1022174895,176751
540,173519,0,173519,173519,-1022174895,176751
541,176020,0,176020,176020,-1022174895,176751
542,183063,0,183063,183063,-1022174895,176751
543,173414,0,173414,173414,-1022174895,176751
544,172885,0,172885,172885,-1022174895,176751
545,174058,0,174058,174058,-1022174895,176751
546,173519,0,173519,173519,-1022174895,176751
547,173642,0,173642,173642,-1022174895,176751
548,172723,0,172723,172723,-1022174895,176751
549,173904,0,173904,173904,-1022174895,176751
550,173427,0,173427,173427,-1022174895,176751
551,174248,0,174248,174248,-1022174895,176751
552,173591,0,173591,173591,-1022174895,176751
553,177222,0,177222,177222,-1022174895,176751
554,180543,0,180543,180543,-1022174895,176751
555,177136,0,177136,177136,-1022174895,176751
556,181777,0,181777,181777,-1022174895,176751
557,184730,0,184730,184730,-1022174895,176751
558,185251,0,185251,185251,-1022174895,176751
559,185373,0,185373,185373,-1022174895,176751
560,189175,0,189175,189175,-1022174895,176751
561,192426,0,192426,192426,-1022174895,176751
562,192659,0,192659,192659,-1022174895,176751
563,189460,0,189460,189460,-1022174895,176751
564,193332,0,193332,193332,-1022174895,176751
565,186065,0,186065,186065,-1022174895,176751
566,190806,0,190806,190806,-1022174895,176751
567,193648,0,193648,193648,-1022174895,176751
568,198400,0,198400,198400,-1022174895,176751
569,190602,0,190602,190602,-1022174895,176751
570,194053,0,194053,194053,-1022174895,176751
571,197964,0,197964,197964,-1022174895,176751
572,201096,0,201096,201096,-1022174895,176751
573,195158,0,195158,195158,-1022174895,176751
574,196430,0,196430,196430,-1022174895,176751
575,200752,0,200752,200752,-1022174895,176751
576,209463,0,209463,209463,-1022174895,176751
577,195925,0,195925,195925,-1022174895,176751
578,200007,0,200007,200007,-1022174895,176751
579,204289,0,204289,204289,-1022174895,176751
580,196561,0,196561,196561,-1022174895,176751
581,201302,0,201302,201302,-1022174895,176751
582,205034,0,205034,205034,-1022174895,176751
583,209756,0,209756,209756,-1022174895,176751
584,184558,0,184558,184558,-1022174895,176751
585,175179,0,175179,175179,-1022174895,176751
586,173882,0,173882,173882,-1022174895,176751
587,172973,0,172973,172973,-1022174895,176751
588,173955,0,173955,173955,-1022174895,176751
589,176407,0,176407,176407,-1022174895,176751
590,173668,0,173668,173668,-1022174895,176751
591,173271,0,173271,173271,-1022174895,176751
592,174202,0,174202,174202,-1022174895,176751
593,173943,0,173943,173943,-1022174895,176751
594,172466,0,172466,172466,-1022174895,176751
595,177687,0,177687,177687,-1022174895,176751
596,172660,0,172660,172660,-1022174895,176751
597,173811,0,173811,173811,-1022174895,176751
598,175542,0,175542,175542,-1022174895,176751
599,174375,0,174375,174375,-1022174895,176751
600,174116,0,174116,174116,-1022174895,176751
601,174439,0,174439,174439,-1022174895,176751
602,173900,0,173900,173900,-1022174895,176751
603,173512,0,173512,173512,-1022174895,176751
604,174424,0,174424,174424,-1022174895,176751
605,176015,0,176015,176015,-1022174895,176751
606,174698,0,174698,174698,-1022174895,176751
607,172809,0,172809,172809,-1022174895,176751
608,174331,0,174331,174331,-1022174895,176751
609,174663,0,174663,174663,-1022174895,176751
610,173504,0,173504,173504,-1022174895,176751
611,173666,0,173666,173666,-1022174895,176751
612,173348,0,173348,173348,-1022174895,176751
613,174169,0,174169,174169,-1022174895,176751
614,173091,0,173091,173091,-1022174895,176751
615,173802,0,173802,173802,-1022174895,176751
616,173735,0,173735,173735,-1022174895,176751
617,174987,0,174987,174987,-1022174895,176751
618,174749,0,174749,174749,-1022174895,176751
619,173631,0,173631,173631,-1022174895,176751
620,173492,0,173492,173492,-1022174895,176751
621,176164,0,176164,176164,-1022174895,176751
622,174206,0,174206,174206,-1022174895,176751
623,173357,0,173357,173357,-1022174895,176751
624,173529,0,173529,173529,-1022174895,176751
625,173011,0,173011,173011,-1022174895,176751
626,176463,0,176463,176463,-1022174895,176751
627,174065,0,174065,174065,-1022174895,176751
628,177476,0,177476,177476,-1022174895,176751
629,173448,0,173448,173448,-1022174895,176751
630,173780,0,173780,173780,-1022174895,176751
631,174242,0,174242,174242,-1022174895,176751
632,173634,0,173634,173634,-1022174895,176751
633,177445,0,177445,177445,-1022174895,176751
634,174837,0,174837,174837,-1022174895,176751
635,173549,0,173549,173549,-1022174895,176751
636,174261,0,174261,174261,-1022174895,176751
637,176693,0,176693,176693,-1022174895,176751
638,173754,0,173754,173754,-1022174895,176751
639,173206,0,173206,173206,-1022174895,176751
640,173678,0,173678,173678,-1022174895,176751
641,174630,0,174630,174630,-1022174895,176751
642,173151,0,173151,173151,-1022174895,176751
643,173643,0,173643,173643,-1022174895,176751
644,173405,0,173405,173405,-1022174895,176751
645,173597,0,173597,173597,-1022174895,176751
646,173739,0,173739,173739,-1022174895,176751
647,172820,0,172820,172820,-1022174895,176751
648,204222,0,204222,204222,-1022174895,176751
649,175294,0,175294,175294,-1022174895,176751
650,173176,0,173176,173176,-1022174895,176751
651,173648,0,173648,173648,-1022174895,176751
652,173729,0,173729,173729,-1022174895,176751
653,175551,0,175551,175551,-1022174895,176751
654,176993,0,176993,176993,-1022174895,176751
655,177704,0,177704,177704,-1022174895,176751
656,174836,0,174836,174836,-1022174895,176751
657,174597,0,174597,174597,-1022174895,176751
658,174770,0,174770,174770,-1022174895,176751
659,174311,0,174311,174311,-1022174895,176751
660,173472,0,173472,173472,-1022174895,176751
661,179035,0,179035,179035,-1022174895,176751
662,173966,0,173966,173966,-1022174895,176751
663,174789,0,174789,174789,-1022174895,176751
664,173800,0,173800,173800,-1022174895,176751
665,174581,0,174581,174581,-1022174895,176751
666,172564,0,172564,172564,-1022174895,176751
667,173696,0,173696,173696,-1022174895,176751
668,172758,0,172758,172758,-1022174895,176751
669,172970,0,172970,172970,-1022174895,176751
670,174071,0,174071,174071,-1022174895,176751
671,173974,0,173974,173974,-1022174895,176751
672,173805,0,173805,173805,-1022174895,176751
673,173106,0,173106,173106,-1022174895,176751
674,173149,0,173149,173149,-1022174895,176751
675,172140,0,172140,172140,-1022174895,176751
676,174773,0,174773,174773,-1022174895,176751
677,173014,0,173014,173014,-1022174895,176751
678,173375,0,173375,173375,-1022174895,176751
679,174198,0,174198,174198,-1022174895,176751
680,173199,0,173199,173199,-1022174895,176751
681,174262,0,174262,174262,-1022174895,176751
682,177613,0,177613,177613,-1022174895,176751
683,173614,0,173614,173614,-1022174895,176751
684,173217,0,173217,173217,-1022174895,176751
685,173928,0,173928,173928,-1022174895,176751
686,174060,0,174060,174060,-1022174895,176751
687,173202,0,173202,173202,-1022174895,176751
688,173454,0,173454,173454,-1022174895,176751
689,173866,0,173866,173866,-1022174895,176751
690,172847,0,172847,172847,-1022174895,176751
691,173589,0,173589,173589,-1022174895,176751
692,172991,0,172991,172991,-1022174895,176751
693,175042,0,175042,175042,-1022174895,176751
694,182565,0,182565,182565,-1022174895,176751
695,174156,0,174156,174156,-1022174895,176751
696,174628,0,174628,174628,-1022174895,176751
697,175410,0,175410,175410,-1022174895,176751
698,174330,0,174330,174330,-1022174895,176751
699,173162,0,173162,173162,-1022174895,176751
700,173644,0,173644,173644,-1022174895,176751
701,175086,0,175086,175086,-1022174895,176751
702,173957,0,173957,173957,-1022174895,176751
703,173099,0,173099,173099,-1022174895,176751
704,172881,0,172881,172881,-1022174895,176751
705,173533,0,173533,173533,-1022174895,176751
706,173735,0,173735,173735,-1022174895,176751
707,174606,0,174606,174606,-1022174895,176751
708,174208,0,174208,174208,-1022174895,176751
709,172490,0,172490,172490,-1022174895,176751
710,179412,0,179412,179412,-1022174895,176751
711,174464,0,174464,174464,-1022174895,176751
712,175545,0,175545,175545,-1022174895,176751
713,175477,0,175477,175477,-1022174895,176751
714,173889,0,173889,173889,-1022174895,176751
715,173690,0,173690,173690,-1022174895,176751
716,173333,0,173333,173333,-1022174895,176751
717,174034,0,174034,174034,-1022174895,176751
718,173877,0,173877,173877,-1022174895,176751
719,175679,0,175679,175679,-1022174895,176751
720,174540,0,174540,174540,-1022174895,176751
721,173913,0,173913,173913,-1022174895,176751
722,174904,0,174904,174904,-1022174895,176751
723,173955,0,173955,173955,-1022174895,176751
724,173998,0,173998,173998,-1022174895,176751
725,172659,0,172659,172659,-1022174895,176751
726,174362,0,174362,174362,-1022174895,176751
727,181563,0,181563,181563,-1022174895,176751
728,175524,0,175524,175524,-1022174895,176751
729,173747,0,173747,173747,-1022174895,176751
730,172708,0,172708,172708,-1022174895,176751
731,173280,0,173280,173280,-1022174895,176751
732,181972,0,181972,181972,-1022174895,176751
733,174083,0,174083,174083,-1022174895,176751
734,172956,0,172956,172956,-1022174895,176751
735,173617,0,173617,173617,-1022174895,176751
736,174969,0,174969,174969,-1022174895,176751
737,173251,0,173251,173251,-1022174895,176751
738,177532,0,177532,177532,-1022174895,176751
739,172645,0,172645,172645,-1022174895,176751
740,191675,0,191675,191675,-1022174895,176751
741,174527,0,174527,174527,-1022174895,176751
742,174360,0,174360,174360,-1022174895,176751
743,173601,0,173601,173601,-1022174895,176751
744,173733,0,173733,173733,-1022174895,176751
745,173575,0,173575,173575,-1022174895,176751
746,175586,0,175586,175586,-1022174895,176751
747,172979,0,172979,172979,-1022174895,176751
748,173640,0,173640,173640,-1022174895,176751
749,175102,0,175102,175102,-1022174895,176751
750,173024,0,173024,173024,-1022174895,176751
751,172835,0,172835,172835,-1022174895,176751
752,174408,0,174408,174408,-1022174895,176751
753,173109,0,173109,173109,-1022174895,176751
754,175261,0,175261,175261,-1022174895,176751
755,173713,0,173713,173713,-1022174895,176751
756,173654,0,173654,173654,-1022174895,176751
757,172717,0,172717,172717,-1022174895,176751
758,174358,0,174358,174358,-1022174895,176751
759,173060,0,173060,173060,-1022174895,176751
760,184892,0,184892,184892,-1022174895,176751
761,173693,0,173693,173693,-1022174895,176751
762,173736,0,173736,173736,-1022174895,176751
763,173887,0,173887,173887,-1022174895,176751
764,173339,0,173339,173339,-1022174895,176751
765,175721,0,175721,175721,-1022174895,176751
766,177332,0,177332,177332,-1022174895,176751
767,173355,0,173355,173355,-1022174895,176751
768,173127,0,173127,173127,-1022174895,176751
769,174259,0,174259,174259,-1022174895,176751
770,174771,0,174771,174771,-1022174895,176751
771,173282,0,173282,173282,-1022174895,176751
772,173515,0,173515,173515,-1022174895,176751
773,173946,0,173946,173946,-1022174895,176751
774,173728,0,173728,173728,-1022174895,176751
775,174570,0,174570,174570,-1022174895,176751
776,172861,0,172861,172861,-1022174895,176751
777,174143,0,174143,174143,-1022174895,176751
778,173205,0,173205,173205,-1022174895,176751
779,172567,0,172567,172567,-1022174895,176751
780,173229,0,173229,173229,-1022174895,176751
781,173910,0,173910,173910,-1022174895,176751
782,175571,0,175571,175571,-1022174895,176751
783,173863,0,173863,173863,-1022174895,176751
784,173305,0,173305,173305,-1022174895,176751
785,173497,0,173497,173497,-1022174895,176751
786,173829,0,173829,173829,-1022174895,176751
787,173450,0,173450,173450,-1022174895,176751
788,173502,0,173502,173502,-1022174895,176751
789,172394,0,172394,172394,-1022174895,176751
790,174156,0,174156,174156,-1022174895,176751
791,173988,0,173988,173988,-1022174895,176751
792,173909,0,173909,173909,-1022174895,176751
793,182541,0,182541,182541,-1022174895,176751
794,176763,0,176763,176763,-1022174895,176751
795,172854,0,172854,172854,-1022174895,176751
796,175687,0,175687,175687,-1022174895,176751
797,172278,0,172278,172278,-1022174895,176751
798,173421,0,173421,173421,-1022174895,176751
799,173942,0,173942,173942,-1022174895,176751
800,173553,0,173553,173553,-1022174895,176751
801,183626,0,183626,183626,-1022174895,176751
802,198437,0,198437,198437,-1022174895,176751
803,184770,0,184770,184770,-1022174895,176751
804,189041,0,189041,189041,-1022174895,176751
805,180842,0,180842,180842,-1022174895,176751
806,185535,0,185535,185535,-1022174895,176751
807,185826,0,185826,185826,-1022174895,176751
808,190269,0,190269,190269,-1022174895,176751
809,194640,0,194640,194640,-1022174895,176751
810,197731,0,197731,197731,-1022174895,176751
811,184864,0,184864,184864,-1022174895,176751
812,188135,0,188135,188135,-1022174895,176751
813,193428,0,193428,193428,-1022174895,176751
814,196009,0,196009,196009,-1022174895,176751
815,187170,0,187170,187170,-1022174895,176751
816,194123,0,194123,194123,-1022174895,176751
817,196494,0,196494,196494,-1022174895,176751
818,200507,0,200507,200507,-1022174895,176751
819,191859,0,191859,191859,-1022174895,176751
820,195220,0,195220,195220,-1022174895,176751
821,199353,0,199353,199353,-1022174895,176751
822,204204,0,204204,204204,-1022174895,176751
823,195067,0,195067,195067,-1022174895,176751
824,198267,0,198267,198267,-1022174895,176751
825,201898,0,201898,201898,-1022174895,176751
826,213591,0,213591,213591,-1022174895,176751
827,197392,0,197392,197392,-1022174895,176751
828,202044,0,202044,202044,-1022174895,176751
829,206326,0,206326,206326,-1022174895,176751
830,201297,0,201297,201297,-1022174895,176751
831,200970,0,200970,200970,-1022174895,176751
832,202751,0,202751,202751,-1022174895,176751
833,177633,0,177633,177633,-1022174895,176751
834,173995,0,173995,173995,-1022174895,176751
835,173126,0,173126,173126,-1022174895,176751
836,173038,0,173038,173038,-1022174895,176751
837,172410,0,172410,172410,-1022174895,176751
838,173841,0,173841,173841,-1022174895,176751
839,173954,0,173954,173954,-1022174895,176751
840,174095,0,174095,174095,-1022174895,176751
841,174857,0,174857,174857,-1022174895,176751
842,173389,0,173389,173389,-1022174895,176751
843,173600,0,173600,173600,-1022174895,176751
844,172632,0,172632,172632,-1022174895,176751
845,174154,0,174154,174154,-1022174895,176751
846,173926,0,173926,173926,-1022174895,176751
847,175448,0,175448,175448,-1022174895,176751
848,176390,0,176390,176390,-1022174895,176751
849,174252,0,174252,174252,-1022174895,176751
850,176393,0,176393,176393,-1022174895,176751
851,173105,0,173105,173105,-1022174895,176751
852,173577,0,173577,173577,-1022174895,176751
853,173659,0,173659,173659,-1022174895,176751
854,175170,0,175170,175170,-1022174895,176751
855,174932,0,174932,174932,-1022174895,176751
856,175264,0,175264,175264,-1022174895,176751
857,173346,0,173346,173346,-1022174895,176751
858,182147,0,182147,182147,-1022174895,176751
859,176049,0,176049,176049,-1022174895,176751
860,172781,0,172781,172781,-1022174895,176751
861,174632,0,174632,174632,-1022174895,176751
862,172994,0,172994,172994,-1022174895,176751
863,173576,0,173576,173576,-1022174895,176751
864,172717,0,172717,172717,-1022174895,176751
865,172630,0,172630,172630,-1022174895,176751
866,172941,0,172941,172941,-1022174895,176751
867,175622,0,175622,175622,-1022174895,176751
868,175054,0,175054,175054,-1022174895,176751
869,173245,0,173245,173245,-1022174895,176751
870,174338,0,174338,174338,-1022174895,176751
871,173860,0,173860,173860,-1022174895,176751
872,174242,0,174242,174242,-1022174895,176751
873,173034,0,173034,173034,-1022174895,176751
874,173775,0,173775,173775,-1022174895,176751
875,173327,0,173327,173327,-1022174895,176751
876,173239,0,173239,173239,-1022174895,176751
877,173860,0,173860,173860,-1022174895,176751
878,177092,0,177092,177092,-1022174895,176751
879,172854,0,172854,172854,-1022174895,176751
880,172935,0,172935,172935,-1022174895,176751
881,191188,0,191188,191188,-1022174895,176751
882,174580,0,174580,174580,-1022174895,176751
883,173661,0,173661,173661,-1022174895,176751
884,173703,0,173703,173703,-1022174895,176751
885,173115,0,173115,173115,-1022174895,176751
886,174627,0,174627,174627,-1022174895,176751
887,173498,0,173498,173498,-1022174895,176751
888,174690,0,174690,174690,-1022174895,176751
889,172662,0,172662,172662,-1022174895,176751
890,173683,0,173683,173683,-1022174895,176751
891,180406,0,180406,180406,-1022174895,176751
892,173487,0,173487,173487,-1022174895,176751
893,173229,0,173229,173229,-1022174895,176751
894,174511,0,174511,174511,-1022174895,176751
895,172282,0,172282,172282,-1022174895,176751
896,175144,0,175144,175144,-1022174895,176751
897,173076,0,173076,173076,-1022174895,176751
898,173377,0,173377,173377,-1022174895,176751
899,173640,0,173640,173640,-1022174895,176751
900,172531,0,172531,172531,-1022174895,176751
901,173293,0,173293,173293,-1022174895,176751
902,174255,0,174255,174255,-1022174895,176751
903,175036,0,175036,175036,-1022174895,176751
904,174198,0,174198,174198,-1022174895,176751
905,173770,0,173770,173770,-1022174895,176751
906,177171,0,177171,177171,-1022174895,176751
907,173054,0,173054,173054,-1022174895,176751
908,172395,0,172395,172395,-1022174895,176751
909,174196,0,174196,174196,-1022174895,176751
910,173708,0,173708,173708,-1022174895,176751
911,173919,0,173919,173919,-1022174895,176751
912,173091,0,173091,173091,-1022174895,176751
913,172573,0,172573,172573,-1022174895,176751
914,172974,0,172974,172974,-1022174895,176751
915,172427,0,172427,172427,-1022174895,176751
916,174098,0,174098,174098,-1022174895,176751
917,172949,0,172949,172949,-1022174895,176751
918,173922,0,173922,173922,-1022174895,176751
919,172803,0,172803,172803,-1022174895,176751
920,173574,0,173574,173574,-1022174895,176751
921,172397,0,172397,172397,-1022174895,176751
922,173858,0,173858,173858,-1022174895,176751
923,173362,0,173362,173362,-1022174895,176751
924,181403,0,181403,181403,-1022174895,176751
925,174644,0,174644,174644,-1022174895,176751
926,173297,0,173297,173297,-1022174895,176751
927,173888,0,173888,173888,-1022174895,176751
928,173869,0,173869,173869,-1022174895,176751
929,173062,0,173062,173062,-1022174895,176751
930,173213,0,173213,173213,-1022174895,176751
931,173396,0,173396,173396,-1022174895,176751
932,173007,0,173007,173007,-1022174895,176751
933,172918,0,172918,172918,-1022174895,176751
934,177961,0,177961,177961,-1022174895,176751
935,173532,0,173532,173532,-1022174895,176751
936,175394,0,175394,175394,-1022174895,176751
937,172726,0,172726,172726,-1022174895,176751
938,173477,0,173477,173477,-1022174895,176751
939,173470,0,173470,173470,-1022174895,176751
940,174071,0,174071,174071,-1022174895,176751
941,173162,0,173162,173162,-1022174895,176751
942,173175,0,173175,173175,-1022174895,176751
943,171616,0,171616,171616,-1022174895,176751
944,172537,0,172537,172537,-1022174895,176751
945,172930,0,172930,172930,-1022174895,176751
946,172731,0,172731,172731,-1022174895,176751
947,173874,0,173874,173874,-1022174895,176751
948,173225,0,173225,173225,-1022174895,176751
949,173966,0,173966,173966,-1022174895,176751
950,174529,0,174529,174529,-1022174895,176751
951,173290,0,173290,173290,-1022174895,176751
952,172881,0,172881,172881,-1022174895,176751
953,173864,0,173864,173864,-1022174895,176751
954,173364,0,173364,173364,-1022174895,176751
955,173086,0,173086,173086,-1022174895,176751
956,173238,0,173238,173238,-1022174895,176751
957,181019,0,181019,181019,-1022174895,176751
958,173711,0,173711,173711,-1022174895,176751
959,172613,0,172613,172613,-1022174895,176751
960,174324,0,174324,174324,-1022174895,176751
961,173067,0,173067,173067,-1022174895,176751
962,176478,0,176478,176478,-1022174895,176751
963,172860,0,172860,172860,-1022174895,176751
964,173162,0,173162,173162,-1022174895,176751
965,172273,0,172273,172273,-1022174895,176751
966,174165,0,174165,174165,-1022174895,176751
967,173077,0,173077,173077,-1022174895,176751
968,173788,0,173788,173788,-1022174895,176751
969,173680,0,173680,173680,-1022174895,176751
970,172782,0,172782,172782,-1022174895,176751
971,173124,0,173124,173124,-1022174895,176751
972,174275,0,174275,174275,-1022174895,176751
973,174047,0,174047,174047,-1022174895,176751
974,173409,0,173409,173409,-1022174895,176751
975,177761,0,177761,177761,-1022174895,176751
976,173133,0,173133,173133,-1022174895,176751
977,174225,0,174225,174225,-1022174895,176751
978,172696,0,172696,172696,-1022174895,176751
979,173748,0,173748,173748,-1022174895,176751
980,172640,0,172640,172640,-1022174895,176751
981,173002,0,173002,173002,-1022174895,176751
982,173934,0,173934,173934,-1022174895,176751
983,176575,0,176575,176575,-1022174895,176751
984,173847,0,173847,173847,-1022174895,176751
985,173619,0,173619,173619,-1022174895,176751
986,173480,0,173480,173480,-1022174895,176751
987,173222,0,173222,173222,-1022174895,176751
988,173434,0,173434,173434,-1022174895,176751
989,173825,0,173825,173825,-1022174895,176751
990,185328,0,185328,185328,-1022174895,176751
991,173039,0,173039,173039,-1022174895,176751
992,172650,0,172650,172650,-1022174895,176751
993,172793,0,172793,172793,-1022174895,176751
994,172854,0,172854,172854,-1022174895,176751
995,174206,0,174206,174206,-1022174895,176751
996,173358,0,173358,173358,-1022174895,176751
997,173689,0,173689,173689,-1022174895,176751
998,176730,0,176730,176730,-1022174895,176751
999,174112,0,174112,174112,-1022174895,176751
1000,173133,0,173133,173133,-1022174895,176751
1001,173776,0,173776,173776,-1022174895,176751
1002,172907,0,172907,172907,-1022174895,176751
1003,173498,0,173498,173498,-1022174895,176751
1004,179501,0,179501,179501,-1022174895,176751
1005,173002,0,173002,173002,-1022174895,176751
1006,173014,0,173014,173014,-1022174895,176751
1007,172536,0,172536,172536,-1022174895,176751
1008,174157,0,174157,174157,-1022174895,176751
1009,172679,0,172679,172679,-1022174895,176751
1010,173421,0,173421,173421,-1022174895,176751
1011,173212,0,173212,173212,-1022174895,176751
1012,172945,0,172945,172945,-1022174895,176751
1013,171106,0,171106,171106,-1022174895,176751
1014,186337,0,186337,186337,-1022174895,176751
1015,174930,0,174930,174930,-1022174895,176751
1016,173961,0,173961,173961,-1022174895,176751
1017,173192,0,173192,173192,-1022174895,176751
1018,176475,0,176475,176475,-1022174895,176751
1019,172946,0,172946,172946,-1022174895,176751
1020,173319,0,173319,173319,-1022174895,176751
1021,174120,0,174120,174120,-1022174895,176751
1022,172711,0,172711,172711,-1022174895,176751
1023,181084,0,181084,181084,-1022174895,176751
1024,173165,0,173165,173165,-1022174895,176751
1025,175176,0,175176,175176,-1022174895,176751
1026,172829,0,172829,172829,-1022174895,176751
1027,173781,0,173781,173781,-1022174895,176751
1028,174103,0,174103,174103,-1022174895,176751
1029,173775,0,173775,173775,-1022174895,176751
1030,174406,0,174406,174406,-1022174895,176751
1031,172948,0,172948,172948,-1022174895,176751
1032,173580,0,173580,173580,-1022174895,176751
1033,173671,0,173671,173671,-1022174895,176751
1034,173094,0,173094,173094,-1022174895,176751
1035,172975,0,172975,172975,-1022174895,176751
1036,172417,0,172417,172417,-1022174895,176751
1037,174389,0,174389,174389,-1022174895,176751
1038,173920,0,173920,173920,-1022174895,176751
1039,172482,0,172482,172482,-1022174895,176751
1040,173254,0,173254,173254,-1022174895,176751
1041,174345,0,174345,174345,-1022174895,176751
1042,173306,0,173306,173306,-1022174895,176751
1043,173568,0,173568,173568,-1022174895,176751
1044,173320,0,173320,173320,-1022174895,176751
1045,173491,0,173491,173491,-1022174895,176751
1046,177163,0,177163,177163,-1022174895,176751
1047,172845,0,172845,172845,-1022174895,176751
1048,174056,0,174056,174056,-1022174895,176751
1049,173488,0,173488,173488,-1022174895,176751
1050,173760,0,173760,173760,-1022174895,176751
1051,173682,0,173682,173682,-1022174895,176751
1052,173314,0,173314,173314,-1022174895,176751
1053,174495,0,174495,174495,-1022174895,176751
1054,174027,0,174027,174027,-1022174895,176751
1055,172999,0,172999,172999,-1022174895,176751
1056,190940,0,190940,190940,-1022174895,176751
1057,174833,0,174833,174833,-1022174895,176751
1058,173764,0,173764,173764,-1022174895,176751
1059,173716,0,173716,173716,-1022174895,176751
1060,174068,0,174068,174068,-1022174895,176751
1061,173460,0,173460,173460,-1022174895,176751
1062,174391,0,174391,174391,-1022174895,176751
1063,173623,0,173623,173623,-1022174895,176751
1064,173365,0,173365,173365,-1022174895,176751
1065,173467,0,173467,173467,-1022174895,176751
1066,174299,0,174299,174299,-1022174895,176751
1067,179650,0,179650,179650,-1022174895,176751
1068,184562,0,184562,184562,-1022174895,176751
1069,180584,0,180584,180584,-1022174895,176751
1070,184686,0,184686,184686,-1022174895,176751
1071,180578,0,180578,180578,-1022174895,176751
1072,185009,0,185009,185009,-1022174895,176751
1073,185222,0,185222,185222,-1022174895,176751
1074,189603,0,189603,189603,-1022174895,176751
1075,181545,0,181545,181545,-1022174895,176751
1076,188797,0,188797,188797,-1022174895,176751
1077,189788,0,189788,189788,-1022174895,176751
1078,194761,0,194761,194761,-1022174895,176751
1079,186643,0,186643,186643,-1022174895,176751
1080,191755,0,191755,191755,-1022174895,176751
1081,195447,0,195447,195447,-1022174895,176751
1082,186318,0,186318,186318,-1022174895,176751
1083,191471,0,191471,191471,-1022174895,176751
1084,195231,0,195231,195231,-1022174895,176751
1085,200223,0,200223,200223,-1022174895,176751
1086,202245,0,202245,202245,-1022174895,176751
1087,193356,0,193356,193356,-1022174895,176751
1088,197839,0,197839,197839,-1022174895,176751
1089,212590,0,212590,212590,-1022174895,176751
1090,195261,0,195261,195261,-1022174895,176751
1091,199334,0,199334,199334,-1022174895,176751
1092,202985,0,202985,202985,-1022174895,176751
1093,203698,0,203698,203698,-1022174895,176751
1094,198679,0,198679,198679,-1022174895,176751
1095,206852,0,206852,206852,-1022174895,176751
1096,199713,0,199713,199713,-1022174895,176751
1097,204675,0,204675,204675,-1022174895,176751
1098,198667,0,198667,198667,-1022174895,176751
1099,174129,0,174129,174129,-1022174895,176751
1100,174130,0,174130,174130,-1022174895,176751
1101,174012,0,174012,174012,-1022174895,176751
1102,177244,0,177244,177244,-1022174895,176751
1103,173766,0,173766,173766,-1022174895,176751
1104,173428,0,173428,173428,-1022174895,176751
1105,173489,0,173489,173489,-1022174895,176751
1106,173991,0,173991,173991,-1022174895,176751
1107,172323,0,172323,172323,-1022174895,176751
1108,173614,0,173614,173614,-1022174895,176751
1109,173227,0,173227,173227,-1022174895,176751
1110,173358,0,173358,173358,-1022174895,176751
1111,172890,0,172890,172890,-1022174895,176751
1112,178692,0,178692,178692,-1022174895,176751
1113,175223,0,175223,175223,-1022174895,176751
1114,174056,0,174056,174056,-1022174895,176751
1115,174357,0,174357,174357,-1022174895,176751
1116,173759,0,173759,173759,-1022174895,176751
1117,173491,0,173491,173491,-1022174895,176751
1118,174302,0,174302,174302,-1022174895,176751
1119,173305,0,173305,173305,-1022174895,176751
1120,173776,0,173776,173776,-1022174895,176751
1121,172507,0,172507,172507,-1022174895,176751
1122,180870,0,180870,180870,-1022174895,176751
1123,173211,0,173211,173211,-1022174895,176751
1124,173634,0,173634,173634,-1022174895,176751
1125,173525,0,173525,173525,-1022174895,176751
1126,175116,0,175116,175116,-1022174895,176751
1127,174898,0,174898,174898,-1022174895,176751
1128,174259,0,174259,174259,-1022174895,176751
1129,174032,0,174032,174032,-1022174895,176751
1130,179424,0,179424,179424,-1022174895,176751
1131,173435,0,173435,173435,-1022174895,176751
1132,173488,0,173488,173488,-1022174895,176751
1133,173489,0,173489,173489,-1022174895,176751
1134,173122,0,173122,173122,-1022174895,176751
1135,173003,0,173003,173003,-1022174895,176751
1136,173194,0,173194,173194,-1022174895,176751
1137,173307,0,173307,173307,-1022174895,176751
1138,173808,0,173808,173808,-1022174895,176751
1139,173300,0,173300,173300,-1022174895,176751
1140,174732,0,174732,174732,-1022174895,176751
1141,173873,0,173873,173873,-1022174895,176751
1142,174146,0,174146,174146,-1022174895,176751
1143,173887,0,173887,173887,-1022174895,176751
1144,173269,0,173269,173269,-1022174895,176751
1145,174651,0,174651,174651,-1022174895,176751
1146,173922,0,173922,173922,-1022174895,176751
1147,174555,0,174555,174555,-1022174895,176751
1148,173336,0,173336,173336,-1022174895,176751
1149,174408,0,174408,174408,-1022174895,176751
1150,173600,0,173600,173600,-1022174895,176751
1151,172641,0,172641,172641,-1022174895,176751
1152,174253,0,174253,174253,-1022174895,176751
1153,172805,0,172805,172805,-1022174895,176751
1154,173506,0,173506,173506,-1022174895,176751
1155,182949,0,182949,182949,-1022174895,176751
1156,173230,0,173230,173230,-1022174895,176751
1157,173612,0,173612,173612,-1022174895,176751
1158,178014,0,178014,178014,-1022174895,176751
1159,173325,0,173325,173325,-1022174895,176751
1160,173498,0,173498,173498,-1022174895,176751
1161,176349,0,176349,176349,-1022174895,176751
1162,173191,0,173191,173191,-1022174895,176751
1163,174083,0,174083,174083,-1022174895,176751
1164,172694,0,172694,172694,-1022174895,176751
1165,174037,0,174037,174037,-1022174895,176751
1166,172928,0,172928,172928,-1022174895,176751
1167,173580,0,173580,173580,-1022174895,176751
1168,174452,0,174452,174452,-1022174895,176751
1169,173682,0,173682,173682,-1022174895,176751
1170,174184,0,174184,174184,-1022174895,176751
1171,173476,0,173476,173476,-1022174895,176751
1172,174518,0,174518,174518,-1022174895,176751
1173,173440,0,173440,173440,-1022174895,176751
1174,174001,0,174001,174001,-1022174895,176751
1175,176683,0,176683,176683,-1022174895,176751
1176,174245,0,174245,174245,-1022174895,176751
1177,174457,0,174457,174457,-1022174895,176751
1178,173389,0,173389,173389,-1022174895,176751
1179,175040,0,175040,175040,-1022174895,176751
1180,174262,0,174262,174262,-1022174895,176751
1181,175235,0,175235,175235,-1022174895,176751
1182,173827,0,173827,173827,-1022174895,176751
1183,176788,0,176788,176788,-1022174895,176751
1184,172900,0,172900,172900,-1022174895,176751
1185,175112,0,175112,175112,-1022174895,176751
1186,177844,0,177844,177844,-1022174895,176751
1187,173486,0,173486,173486,-1022174895,176751
1188,180507,0,180507,180507,-1022174895,176751
1189,174539,0,174539,174539,-1022174895,176751
1190,174591,0,174591,174591,-1022174895,176751
1191,173603,0,173603,173603,-1022174895,176751
1192,173875,0,173875,173875,-1022174895,176751
1193,172646,0,172646,172646,-1022174895,176751
1194,173628,0,173628,173628,-1022174895,176751
1195,174860,0,174860,174860,-1022174895,176751
1196,172911,0,172911,172911,-1022174895,176751
1197,173733,0,173733,173733,-1022174895,176751
1198,173195,0,173195,173195,-1022174895,176751
1199,173247,0,173247,173247,-1022174895,176751
1200,173149,0,173149,173149,-1022174895,176751
1201,174170,0,174170,174170,-1022174895,176751
1202,174352,0,174352,174352,-1022174895,176751
1203,172954,0,172954,172954,-1022174895,176751
1204,174445,0,174445,174445,-1022174895,176751
1205,173698,0,173698,173698,-1022174895,176751
1206,174549,0,174549,174549,-1022174895,176751
1207,173791,0,173791,173791,-1022174895,176751
1208,175643,0,175643,175643,-1022174895,176751
1209,173624,0,173624,173624,-1022174895,176751
1210,174097,0,174097,174097,-1022174895,176751
1211,173518,0,173518,173518,-1022174895,176751
1212,174548,0,174548,174548,-1022174895,176751
1213,175111,0,175111,175111,-1022174895,176751
1214,177442,0,177442,177442,-1022174895,176751
1215,174445,0,174445,174445,-1022174895,176751
1216,174216,0,174216,174216,-1022174895,176751
1217,173677,0,173677,173677,-1022174895,176751
1218,173160,0,173160,173160,-1022174895,176751
1219,173651,0,173651,173651,-1022174895,176751
1220,173303,0,173303,173303,-1022174895,176751
1221,182235,0,182235,182235,-1022174895,176751
1222,174086,0,174086,174086,-1022174895,176751
1223,173359,0,173359,173359,-1022174895,176751
1224,174080,0,174080,174080,-1022174895,176751
1225,173312,0,173312,173312,-1022174895,176751
1226,174004,0,174004,174004,-1022174895,176751
1227,173575,0,173575,173575,-1022174895,176751
1228,173627,0,173627,173627,-1022174895,176751
1229,174609,0,174609,174609,-1022174895,176751
1230,173431,0,173431,173431,-1022174895,176751
1231,173913,0,173913,173913,-1022174895,176751
1232,174145,0,174145,174145,-1022174895,176751
1233,174067,0,174067,174067,-1022174895,176751
1234,173619,0,173619,173619,-1022174895,176751
1235,173801,0,173801,173801,-1022174895,176751
1236,172713,0,172713,172713,-1022174895,176751
1237,173134,0,173134,173134,-1022174895,176751
1238,174066,0,174066,174066,-1022174895,176751
1239,172988,0,172988,172988,-1022174895,176751
1240,173530,0,173530,173530,-1022174895,176751
1241,173381,0,173381,173381,-1022174895,176751
1242,177343,0,177343,177343,-1022174895,176751
1243,174505,0,174505,174505,-1022174895,176751
1244,173247,0,173247,173247,-1022174895,176751
1245,173539,0,173539,173539,-1022174895,176751
1246,176090,0,176090,176090,-1022174895,176751
1247,173862,0,173862,173862,-1022174895,176751
1248,174324,0,174324,174324,-1022174895,176751
1249,174675,0,174675,174675,-1022174895,176751
1250,173268,0,173268,173268,-1022174895,176751
1251,174449,0,174449,174449,-1022174895,176751
1252,174061,0,174061,174061,-1022174895,176751
1253,174183,0,174183,174183,-1022174895,176751
1254,184183,0,184183,184183,-1022174895,176751
1255,173316,0,173316,173316,-1022174895,176751
1256,174337,0,174337,174337,-1022174895,176751
1257,173959,0,173959,173959,-1022174895,176751
1258,173741,0,173741,173741,-1022174895,176751
1259,173082,0,173082,173082,-1022174895,176751
1260,173705,0,173705,173705,-1022174895,176751
1261,174076,0,174076,174076,-1022174895,176751
1262,174268,0,174268,174268,-1022174895,176751
1263,173580,0,173580,173580,-1022174895,176751
1264,174551,0,174551,174551,-1022174895,176751
1265,174274,0,174274,174274,-1022174895,176751
1266,174435,0,174435,174435,-1022174895,176751
1267,172816,0,172816,172816,-1022174895,176751
1268,174439,0,174439,174439,-1022174895,176751
1269,173721,0,173721,173721,-1022174895,176751
1270,177853,0,177853,177853,-1022174895,176751
1271,174224,0,174224,174224,-1022174895,176751
1272,174116,0,174116,174116,-1022174895,176751
1273,173568,0,173568,173568,-1022174895,176751
1274,174580,0,174580,174580,-1022174895,176751
1275,173772,0,173772,173772,-1022174895,176751
1276,174373,0,174373,174373,-1022174895,176751
1277,173995,0,173995,173995,-1022174895,176751
1278,174557,0,174557,174557,-1022174895,176751
1279,175259,0,175259,175259,-1022174895,176751
1280,175921,0,175921,175921,-1022174895,176751
1281,179033,0,179033,179033,-1022174895,176751
1282,174275,0,174275,174275,-1022174895,176751
1283,173988,0,173988,173988,-1022174895,176751
1284,173159,0,173159,173159,-1022174895,176751
1285,173271,0,173271,173271,-1022174895,176751
1286,173603,0,173603,173603,-1022174895,176751
1287,182654,0,182654,182654,-1022174895,176751
1288,181017,0,181017,181017,-1022174895,176751
1289,172828,0,172828,172828,-1022174895,176751
1290,174640,0,174640,174640,-1022174895,176751
1291,174812,0,174812,174812,-1022174895,176751
1292,173733,0,173733,173733,-1022174895,176751
1293,174215,0,174215,174215,-1022174895,176751
1294,173957,0,173957,173957,-1022174895,176751
1295,173628,0,173628,173628,-1022174895,176751
1296,176450,0,176450,176450,-1022174895,176751
1297,173281,0,173281,173281,-1022174895,176751
1298,178884,0,178884,178884,-1022174895,176751
1299,174405,0,174405,174405,-1022174895,176751
1300,174716,0,174716,174716,-1022174895,176751
1301,174329,0,174329,174329,-1022174895,176751
1302,174000,0,174000,174000,-1022174895,176751
1303,173693,0,173693,173693,-1022174895,176751
1304,174394,0,174394,174394,-1022174895,176751
1305,173555,0,173555,173555,-1022174895,176751
1306,175198,0,175198,175198,-1022174895,176751
1307,174239,0,174239,174239,-1022174895,176751
1308,174492,0,174492,174492,-1022174895,176751
1309,174033,0,174033,174033,-1022174895,176751
1310,177414,0,177414,177414,-1022174895,176751
1311,174177,0,174177,174177,-1022174895,176751
1312,173648,0,173648,173648,-1022174895,176751
1313,173750,0,173750,173750,-1022174895,176751
1314,174312,0,174312,174312,-1022174895,176751
1315,173543,0,173543,173543,-1022174895,176751
1316,172736,0,172736,172736,-1022174895,176751
1317,173167,0,173167,173167,-1022174895,176751
1318,172438,0,172438,172438,-1022174895,176751
1319,173811,0,173811,173811,-1022174895,176751
1320,183172,0,183172,183172,-1022174895,176751
1321,173895,0,173895,173895,-1022174895,176751
1322,174386,0,174386,174386,-1022174895,176751
1323,173388,0,173388,173388,-1022174895,176751
1324,174190,0,174190,174190,-1022174895,176751
1325,173831,0,173831,173831,-1022174895,176751
1326,177544,0,177544,177544,-1022174895,176751
1327,173635,0,173635,173635,-1022174895,176751
1328,173847,0,173847,173847,-1022174895,176751
1329,173339,0,173339,173339,-1022174895,176751
1330,172810,0,172810,172810,-1022174895,176751
1331,173952,0,173952,173952,-1022174895,176751
1332,174594,0,174594,174594,-1022174895,176751
1333,174276,0,174276,174276,-1022174895,176751
1334,173889,0,173889,173889,-1022174895,176751
1335,175550,0,175550,175550,-1022174895,176751
1336,174282,0,174282,174282,-1022174895,176751
1337,174404,0,174404,174404,-1022174895,176751
1338,181155,0,181155,181155,-1022174895,176751
1339,174567,0,174567,174567,-1022174895,176751
1340,174898,0,174898,174898,-1022174895,176751
1341,174030,0,174030,174030,-1022174895,176751
1342,175062,0,175062,175062,-1022174895,176751
1343,173564,0,173564,173564,-1022174895,176751
1344,173995,0,173995,173995,-1022174895,176751
1345,174087,0,174087,174087,-1022174895,176751
1346,173249,0,173249,173249,-1022174895,176751
1347,173591,0,173591,173591,-1022174895,176751
1348,172873,0,172873,172873,-1022174895,176751
1349,174754,0,174754,174754,-1022174895,176751
1350,174806,0,174806,174806,-1022174895,176751
1351,174558,0,174558,174558,-1022174895,176751
1352,174820,0,174820,174820,-1022174895,176751
1353,181441,0,181441,181441,-1022174895,176751
1354,184123,0,184123,184123,-1022174895,176751
1355,173836,0,173836,173836,-1022174895,176751
1356,173917,0,173917,173917,-1022174895,176751
1357,174390,0,174390,174390,-1022174895,176751
1358,173901,0,173901,173901,-1022174895,176751
1359,173413,0,173413,173413,-1022174895,176751
1360,173365,0,173365,173365,-1022174895,176751
1361,173006,0,173006,173006,-1022174895,176751
1362,173949,0,173949,173949,-1022174895,176751
1363,173630,0,173630,173630,-1022174895,176751
1364,174302,0,174302,174302,-1022174895,176751
1365,174044,0,174044,174044,-1022174895,176751
1366,175065,0,175065,175065,-1022174895,176751
1367,175348,0,175348,175348,-1022174895,176751
1368,176559,0,176559,176559,-1022174895,176751
1369,173370,0,173370,173370,-1022174895,176751
1370,174073,0,174073,174073,-1022174895,176751
1371,173044,0,173044,173044,-1022174895,176751
1372,174216,0,174216,174216,-1022174895,176751
1373,174588,0,174588,174588,-1022174895,176751
1374,174379,0,174379,174379,-1022174895,176751
1375,173412,0,173412,173412,-1022174895,176751
1376,173273,0,173273,173273,-1022174895,176751
1377,173425,0,173425,173425,-1022174895,176751
1378,173467,0,173467,173467,-1022174895,176751
1379,173468,0,173468,173468,-1022174895,176751
1380,173291,0,173291,173291,-1022174895,176751
1381,173961,0,173961,173961,-1022174895,176751
1382,177472,0,177472,177472,-1022174895,176751
1383,174135,0,174135,174135,-1022174895,176751
1384,173537,0,173537,173537,-1022174895,176751
1385,173609,0,173609,173609,-1022174895,176751
1386,181711,0,181711,181711,-1022174895,176751
1387,173322,0,173322,173322,-1022174895,176751
1388,173895,0,173895,173895,-1022174895,176751
1389,172716,0,172716,172716,-1022174895,176751
1390,173168,0,173168,173168,-1022174895,176751
1391,173400,0,173400,173400,-1022174895,176751
1392,174291,0,174291,174291,-1022174895,176751
1393,172474,0,172474,172474,-1022174895,176751
1394,173925,0,173925,173925,-1022174895,176751
1395,174337,0,174337,174337,-1022174895,176751
1396,173539,0,173539,173539,-1022174895,176751
1397,174190,0,174190,174190,-1022174895,176751
1398,174502,0,174502,174502,-1022174895,176751
1399,173944,0,173944,173944,-1022174895,176751
1400,173625,0,173625,173625,-1022174895,176751
1401,173098,0,173098,173098,-1022174895,176751
1402,172519,0,172519,172519,-1022174895,176751
1403,172361,0,172361,172361,-1022174895,176751
1404,172723,0,172723,172723,-1022174895,176751
1405,173424,0,173424,173424,-1022174895,176751
1406,173117,0,173117,173117,-1022174895,176751
1407,172988,0,172988,172988,-1022174895,176751
1408,173370,0,173370,173370,-1022174895,176751
1409,174342,0,174342,174342,-1022174895,176751
1410,178543,0,178543,178543,-1022174895,176751
1411,174775,0,174775,174775,-1022174895,176751
1412,172997,0,172997,172997,-1022174895,176751
1413,173268,0,173268,173268,-1022174895,176751
1414,174001,0,174001,174001,-1022174895,176751
1415,173472,0,173472,173472,-1022174895,176751
1416,172874,0,172874,172874,-1022174895,176751
1417,173346,0,173346,173346,-1022174895,176751
1418,173837,0,173837,173837,-1022174895,176751
1419,180430,0,180430,180430,-1022174895,176751
1420,172991,0,172991,172991,-1022174895,176751
1421,173093,0,173093,173093,-1022174895,176751
1422,172455,0,172455,172455,-1022174895,176751
1423,174016,0,174016,174016,-1022174895,176751
1424,173957,0,173957,173957,-1022174895,176751
1425,172619,0,172619,172619,-1022174895,176751
1426,173670,0,173670,173670,-1022174895,176751
1427,173153,0,173153,173153,-1022174895,176751
1428,173744,0,173744,173744,-1022174895,176751
1429,173196,0,173196,173196,-1022174895,176751
1430,175288,0,175288,175288,-1022174895,176751
1431,173629,0,173629,173629,-1022174895,176751
1432,174301,0,174301,174301,-1022174895,176751
1433,172873,0,172873,172873,-1022174895,176751
1434,173215,0,173215,173215,-1022174895,176751
1435,173247,0,173247,173247,-1022174895,176751
1436,172459,0,172459,172459,-1022174895,176751
1437,173251,0,173251,173251,-1022174895,176751
1438,176333,0,176333,176333,-1022174895,176751
1439,174365,0,174365,174365,-1022174895,176751
1440,172996,0,172996,172996,-1022174895,176751
1441,173528,0,173528,173528,-1022174895,176751
1442,173480,0,173480,173480,-1022174895,176751
1443,172512,0,172512,172512,-1022174895,176751
1444,172374,0,172374,172374,-1022174895,176751
1445,172385,0,172385,172385,-1022174895,176751
1446,173867,0,173867,173867,-1022174895,176751
1447,174279,0,174279,174279,-1022174895,176751
1448,174391,0,174391,174391,-1022174895,176751
1449,172362,0,172362,172362,-1022174895,176751
1450,173804,0,173804,173804,-1022174895,176751
1451,174586,0,174586,174586,-1022174895,176751
1452,180828,0,180828,180828,-1022174895,176751
1453,174289,0,174289,174289,-1022174895,176751
1454,173641,0,173641,173641,-1022174895,176751
1455,173053,0,173053,173053,-1022174895,176751
1456,172025,0,172025,172025,-1022174895,176751
1457,173137,0,173137,173137,-1022174895,176751
1458,172048,0,172048,172048,-1022174895,176751
1459,173230,0,173230,173230,-1022174895,176751
1460,174102,0,174102,174102,-1022174895,176751
1461,173694,0,173694,173694,-1022174895,176751
1462,173415,0,173415,173415,-1022174895,176751
1463,173177,0,173177,173177,-1022174895,176751
1464,173519,0,173519,173519,-1022174895,176751
1465,172121,0,172121,172121,-1022174895,176751
1466,177352,0,177352,177352,-1022174895,176751
1467,172333,0,172333,172333,-1022174895,176751
1468,172545,0,172545,172545,-1022174895,176751
1469,173397,0,173397,173397,-1022174895,176751
1470,172808,0,172808,172808,-1022174895,176751
1471,172240,0,172240,172240,-1022174895,176751
1472,172522,0,172522,172522,-1022174895,176751
1473,176264,0,176264,176264,-1022174895,176751
1474,173155,0,173155,173155,-1022174895,176751
1475,172858,0,172858,172858,-1022174895,176751
1476,173819,0,173819,173819,-1022174895,176751
1477,173841,0,173841,173841,-1022174895,176751
1478,173123,0,173123,173123,-1022174895,176751
1479,173144,0,173144,173144,-1022174895,176751
1480,173146,0,173146,173146,-1022174895,176751
1481,173398,0,173398,173398,-1022174895,176751
1482,173300,0,173300,173300,-1022174895,176751
1483,171972,0,171972,171972,-1022174895,176751
1484,173453,0,173453,173453,-1022174895,176751
1485,180155,0,180155,180155,-1022174895,176751
1486,173487,0,173487,173487,-1022174895,176751
1487,179689,0,179689,179689,-1022174895,176751
1488,173761,0,173761,173761,-1022174895,176751
1489,172653,0,172653,172653,-1022174895,176751
1490,171994,0,171994,171994,-1022174895,176751
1491,172997,0,172997,172997,-1022174895,176751
1492,171928,0,171928,171928,-1022174895,176751
1493,172510,0,172510,172510,-1022174895,176751
1494,176912,0,176912,176912,-1022174895,176751
1495,177083,0,177083,177083,-1022174895,176751
1496,173205,0,173205,173205,-1022174895,176751
1497,173157,0,173157,173157,-1022174895,176751
1498,173828,0,173828,173828,-1022174895,176751
1499,173711,0,173711,173711,-1022174895,176751
1500,173352,0,173352,173352,-1022174895,176751
1501,173284,0,173284,173284,-1022174895,176751
1502,173756,0,173756,173756,-1022174895,176751
1503,173697,0,173697,173697,-1022174895,176751
1504,173290,0,173290,173290,-1022174895,176751
1505,173181,0,173181,173181,-1022174895,176751
1506,172972,0,172972,172972,-1022174895,176751
1507,172595,0,172595,172595,-1022174895,176751
1508,173246,0,173246,173246,-1022174895,176751
1509,182448,0,182448,182448,-1022174895,176751
1510,173619,0,173619,173619,-1022174895,176751
1511,173180,0,173180,173180,-1022174895,176751
1512,173633,0,173633,173633,-1022174895,176751
1513,174594,0,174594,174594,-1022174895,176751
1514,174347,0,174347,174347,-1022174895,176751
1515,172688,0,172688,172688,-1022174895,176751
1516,173099,0,173099,173099,-1022174895,176751
1517,173232,0,173232,173232,-1022174895,176751
1518,181513,0,181513,181513,-1022174895,176751
1519,172765,0,172765,172765,-1022174895,176751
1520,172707,0,172707,172707,-1022174895,176751
1521,171758,0,171758,171758,-1022174895,176751
1522,177691,0,177691,177691,-1022174895,176751
1523,172622,0,172622,172622,-1022174895,176751
1524,174093,0,174093,174093,-1022174895,176751
1525,172396,0,172396,172396,-1022174895,176751
1526,174437,0,174437,174437,-1022174895,176751
1527,172859,0,172859,172859,-1022174895,176751
1528,173481,0,173481,173481,-1022174895,176751
1529,173922,0,173922,173922,-1022174895,176751
1530,174805,0,174805,174805,-1022174895,176751
1531,173916,0,173916,173916,-1022174895,176751
1532,173348,0,173348,173348,-1022174895,176751
1533,174170,0,174170,174170,-1022174895,176751
1534,172671,0,172671,172671,-1022174895,176751
1535,173143,0,173143,173143,-1022174895,176751
1536,173055,0,173055,173055,-1022174895,176751
1537,173147,0,173147,173147,-1022174895,176751
1538,173429,0,173429,173429,-1022174895,176751
1539,173501,0,173501,173501,-1022174895,176751
1540,173413,0,173413,173413,-1022174895,176751
1541,172465,0,172465,172465,-1022174895,176751
1542,174167,0,174167,174167,-1022174895,176751
1543,173069,0,173069,173069,-1022174895,176751
1544,175270,0,175270,175270,-1022174895,176751
1545,173362,0,173362,173362,-1022174895,176751
1546,173304,0,173304,173304,-1022174895,176751
1547,173386,0,173386,173386,-1022174895,176751
1548,172167,0,172167,172167,-1022174895,176751
1549,173889,0,173889,173889,-1022174895,176751
1550,176411,0,176411,176411,-1022174895,176751
1551,182543,0,182543,182543,-1022174895,176751
1552,172653,0,172653,172653,-1022174895,176751
1553,171115,0,171115,171115,-1022174895,176751
1554,172287,0,172287,172287,-1022174895,176751
1555,171639,0,171639,171639,-1022174895,176751
1556,172631,0,172631,172631,-1022174895,176751
1557,171612,0,171612,171612,-1022174895,176751
1558,173194,0,173194,173194,-1022174895,176751
1559,173336,0,173336,173336,-1022174895,176751
1560,174128,0,174128,174128,-1022174895,176751
1561,173479,0,173479,173479,-1022174895,176751
1562,174211,0,174211,174211,-1022174895,176751
1563,172953,0,172953,172953,-1022174895,176751
1564,173445,0,173445,173445,-1022174895,176751
1565,173697,0,173697,173697,-1022174895,176751
1566,171698,0,171698,171698,-1022174895,176751
1567,174491,0,174491,174491,-1022174895,176751
1568,172212,0,172212,172212,-1022174895,176751
1569,173034,0,173034,173034,-1022174895,176751
1570,172166,0,172166,172166,-1022174895,176751
1571,173007,0,173007,173007,-1022174895,176751
1572,172179,0,172179,172179,-1022174895,176751
1573,172571,0,172571,172571,-1022174895,176751
1574,174222,0,174222,174222,-1022174895,176751
1575,174275,0,174275,174275,-1022174895,176751
1576,173286,0,173286,173286,-1022174895,176751
1577,172428,0,172428,172428,-1022174895,176751
1578,177620,0,177620,177620,-1022174895,176751
1579,172061,0,172061,172061,-1022174895,176751
1580,173233,0,173233,173233,-1022174895,176751
1581,174055,0,174055,174055,-1022174895,176751
1582,172097,0,172097,172097,-1022174895,176751
1583,173839,0,173839,173839,-1022174895,176751
1584,180230,0,180230,180230,-1022174895,176751
1585,172932,0,172932,172932,-1022174895,176751
1586,172714,0,172714,172714,-1022174895,176751
1587,177145,0,177145,177145,-1022174895,176751
1588,172747,0,172747,172747,-1022174895,176751
1589,172569,0,172569,172569,-1022174895,176751
1590,172872,0,172872,172872,-1022174895,176751
1591,173884,0,173884,173884,-1022174895,176751
1592,172515,0,172515,172515,-1022174895,176751
1593,172177,0,172177,172177,-1022174895,176751
1594,173229,0,173229,173229,-1022174895,176751
1595,176230,0,176230,176230,-1022174895,176751
1596,173322,0,173322,173322,-1022174895,176751
1597,172523,0,172523,172523,-1022174895,176751
1598,172985,0,172985,172985,-1022174895,176751
1599,172227,0,172227,172227,-1022174895,176751
1600,173158,0,173158,173158,-1022174895,176751
1601,172900,0,172900,172900,-1022174895,176751
1602,172852,0,172852,172852,-1022174895,176751
1603,172874,0,172874,172874,-1022174895,176751
1604,172926,0,172926,172926,-1022174895,176751
1605,173227,0,173227,173227,-1022174895,176751
1606,178349,0,178349,178349,-1022174895,176751
1607,172921,0,172921,172921,-1022174895,176751
1608,174432,0,174432,174432,-1022174895,176751
1609,173584,0,173584,173584,-1022174895,176751
1610,172876,0,172876,172876,-1022174895,176751
1611,172188,0,172188,172188,-1022174895,176751
1612,173790,0,173790,173790,-1022174895,176751
1613,172971,0,172971,172971,-1022174895,176751
1614,173013,0,173013,173013,-1022174895,176751
1615,172695,0,172695,172695,-1022174895,176751
1616,172897,0,172897,172897,-1022174895,176751
1617,182229,0,182229,182229,-1022174895,176751
1618,172980,0,172980,172980,-1022174895,176751
1619,172812,0,172812,172812,-1022174895,176751
1620,173784,0,173784,173784,-1022174895,176751
1621,173475,0,173475,173475,-1022174895,176751
1622,173637,0,173637,173637,-1022174895,176751
1623,173909,0,173909,173909,-1022174895,176751
1624,173681,0,173681,173681,-1022174895,176751
1625,173663,0,173663,173663,-1022174895,176751
1626,172314,0,172314,172314,-1022174895,176751
1627,173126,0,173126,173126,-1022174895,176751
1628,172318,0,172318,172318,-1022174895,176751
1629,173230,0,173230,173230,-1022174895,176751
1630,175321,0,175321,175321,-1022174895,176751
1631,172393,0,172393,172393,-1022174895,176751
1632,173205,0,173205,173205,-1022174895,176751
1633,173147,0,173147,173147,-1022174895,176751
1634,177478,0,177478,177478,-1022174895,176751
1635,172190,0,172190,172190,-1022174895,176751
1636,172362,0,172362,172362,-1022174895,176751
1637,172894,0,172894,172894,-1022174895,176751
1638,175095,0,175095,175095,-1022174895,176751
1639,174536,0,174536,174536,-1022174895,176751
1640,173858,0,173858,173858,-1022174895,176751
1641,174851,0,174851,174851,-1022174895,176751
1642,174543,0,174543,174543,-1022174895,176751
1643,174055,0,174055,174055,-1022174895,176751
1644,172326,0,172326,172326,-1022174895,176751
1645,172838,0,172838,172838,-1022174895,176751
1646,171850,0,171850,171850,-1022174895,176751
1647,172921,0,172921,172921,-1022174895,176751
1648,172223,0,172223,172223,-1022174895,176751
1649,173415,0,173415,173415,-1022174895,176751
1650,180267,0,180267,180267,-1022174895,176751
1651,172869,0,172869,172869,-1022174895,176751
1652,173410,0,173410,173410,-1022174895,176751
1653,173752,0,173752,173752,-1022174895,176751
1654,173814,0,173814,173814,-1022174895,176751
1655,171895,0,171895,171895,-1022174895,176751
1656,173527,0,173527,173527,-1022174895,176751
1657,172079,0,172079,172079,-1022174895,176751
1658,173051,0,173051,173051,-1022174895,176751
1659,172993,0,172993,172993,-1022174895,176751
1660,173384,0,173384,173384,-1022174895,176751
1661,174326,0,174326,174326,-1022174895,176751
1662,175528,0,175528,175528,-1022174895,176751
1663,172360,0,172360,172360,-1022174895,176751
1664,172881,0,172881,172881,-1022174895,176751
1665,173863,0,173863,173863,-1022174895,176751
1666,172655,0,172655,172655,-1022174895,176751
1667,173487,0,173487,173487,-1022174895,176751
1668,172908,0,172908,172908,-1022174895,176751
1669,172070,0,172070,172070,-1022174895,176751
1670,176422,0,176422,176422,-1022174895,176751
1671,181544,0,181544,181544,-1022174895,176751
1672,179256,0,179256,179256,-1022174895,176751
1673,184077,0,184077,184077,-1022174895,176751
1674,187499,0,187499,187499,-1022174895,176751
1675,180521,0,180521,180521,-1022174895,176751
1676,182063,0,182063,182063,-1022174895,176751
1677,188214,0,188214,188214,-1022174895,176751
1678,192426,0,192426,192426,-1022174895,176751
1679,185378,0,185378,185378,-1022174895,176751
1680,190250,0,190250,190250,-1022174895,176751
1681,194331,0,194331,194331,-1022174895,176751
1682,193962,0,193962,193962,-1022174895,176751
1683,194264,0,194264,194264,-1022174895,176751
1684,190826,0,190826,190826,-1022174895,176751
1685,195938,0,195938,195938,-1022174895,176751
1686,189589,0,189589,189589,-1022174895,176751
1687,196441,0,196441,196441,-1022174895,176751
1688,198073,0,198073,198073,-1022174895,176751
1689,190475,0,190475,190475,-1022174895,176751
1690,196067,0,196067,196067,-1022174895,176751
1691,202528,0,202528,202528,-1022174895,176751
1692,194780,0,194780,194780,-1022174895,176751
1693,198623,0,198623,198623,-1022174895,176751
1694,204045,0,204045,204045,-1022174895,176751
1695,196446,0,196446,196446,-1022174895,176751
1696,202808,0,202808,202808,-1022174895,176751
1697,205890,0,205890,205890,-1022174895,176751
1698,197302,0,197302,197302,-1022174895,176751
1699,202973,0,202973,202973,-1022174895,176751
1700,208235,0,208235,208235,-1022174895,176751
1701,200847,0,200847,200847,-1022174895,176751
1702,177198,0,177198,177198,-1022174895,176751
1703,173481,0,173481,173481,-1022174895,176751
1704,172052,0,172052,172052,-1022174895,176751
1705,172604,0,172604,172604,-1022174895,176751
1706,173036,0,173036,173036,-1022174895,176751
1707,173417,0,173417,173417,-1022174895,176751
1708,174139,0,174139,174139,-1022174895,176751
1709,173381,0,173381,173381,-1022174895,176751
1710,173512,0,173512,173512,-1022174895,176751
1711,173575,0,173575,173575,-1022174895,176751
1712,173536,0,173536,173536,-1022174895,176751
1713,173208,0,173208,173208,-1022174895,176751
1714,173020,0,173020,173020,-1022174895,176751
1715,172661,0,172661,172661,-1022174895,176751
1716,183544,0,183544,183544,-1022174895,176751
1717,174485,0,174485,174485,-1022174895,176751
1718,175896,0,175896,175896,-1022174895,176751
1719,172439,0,172439,172439,-1022174895,176751
1720,173770,0,173770,173770,-1022174895,176751
1721,174392,0,174392,174392,-1022174895,176751
1722,172154,0,172154,172154,-1022174895,176751
1723,173635,0,173635,173635,-1022174895,176751
1724,174907,0,174907,174907,-1022174895,176751
1725,174658,0,174658,174658,-1022174895,176751
1726,173120,0,173120,173120,-1022174895,176751
1727,173292,0,173292,173292,-1022174895,176751
1728,172413,0,172413,172413,-1022174895,176751
1729,173796,0,173796,173796,-1022174895,176751
1730,172937,0,172937,172937,-1022174895,176751
1731,172048,0,172048,172048,-1022174895,176751
1732,172851,0,172851,172851,-1022174895,176751
1733,171682,0,171682,171682,-1022174895,176751
1734,173824,0,173824,173824,-1022174895,176751
1735,172876,0,172876,172876,-1022174895,176751
1736,173027,0,173027,173027,-1022174895,176751
1737,174560,0,174560,174560,-1022174895,176751
1738,172181,0,172181,172181,-1022174895,176751
1739,173203,0,173203,173203,-1022174895,176751
1740,173375,0,173375,173375,-1022174895,176751
1741,173726,0,173726,173726,-1022174895,176751
1742,172668,0,172668,172668,-1022174895,176751
1743,173040,0,173040,173040,-1022174895,176751
1744,171911,0,171911,171911,-1022174895,176751
1745,173195,0,173195,173195,-1022174895,176751
1746,177166,0,177166,177166,-1022174895,176751
1747,172158,0,172158,172158,-1022174895,176751
1748,172300,0,172300,172300,-1022174895,176751
1749,181651,0,181651,181651,-1022174895,176751
1750,173823,0,173823,173823,-1022174895,176751
1751,173155,0,173155,173155,-1022174895,176751
1752,174486,0,174486,174486,-1022174895,176751
1753,173419,0,173419,173419,-1022174895,176751
1754,173400,0,173400,173400,-1022174895,176751
1755,173852,0,173852,173852,-1022174895,176751
1756,172374,0,172374,172374,-1022174895,176751
1757,174015,0,174015,174015,-1022174895,176751
1758,172197,0,172197,172197,-1022174895,176751
1759,174799,0,174799,174799,-1022174895,176751
1760,173181,0,173181,173181,-1022174895,176751
1761,172903,0,172903,172903,-1022174895,176751
1762,171924,0,171924,171924,-1022174895,176751
1763,172786,0,172786,172786,-1022174895,176751
1764,172158,0,172158,172158,-1022174895,176751
1765,172139,0,172139,172139,-1022174895,176751
1766,173151,0,173151,173151,-1022174895,176751
1767,175002,0,175002,175002,-1022174895,176751
1768,174424,0,174424,174424,-1022174895,176751
1769,173186,0,173186,173186,-1022174895,176751
1770,173087,0,173087,173087,-1022174895,176751
1771,172999,0,172999,172999,-1022174895,176751
1772,173701,0,173701,173701,-1022174895,176751
1773,172782,0,172782,172782,-1022174895,176751
1774,176285,0,176285,176285,-1022174895,176751
1775,173066,0,173066,173066,-1022174895,176751
1776,172698,0,172698,172698,-1022174895,176751
1777,173770,0,173770,173770,-1022174895,176751
1778,172801,0,172801,172801,-1022174895,176751
1779,174603,0,174603,174603,-1022174895,176751
1780,173225,0,173225,173225,-1022174895,176751
1781,172966,0,172966,172966,-1022174895,176751
1782,182349,0,182349,182349,-1022174895,176751
1783,173650,0,173650,173650,-1022174895,176751
1784,173792,0,173792,173792,-1022174895,176751
1785,172654,0,172654,172654,-1022174895,176751
1786,172645,0,172645,172645,-1022174895,176751
1787,173777,0,173777,173777,-1022174895,176751
1788,173309,0,173309,173309,-1022174895,176751
1789,172541,0,172541,172541,-1022174895,176751
1790,172983,0,172983,172983,-1022174895,176751
1791,172874,0,172874,172874,-1022174895,176751
1792,172616,0,172616,172616,-1022174895,176751
1793,172388,0,172388,172388,-1022174895,176751
1794,172139,0,172139,172139,-1022174895,176751
1795,172782,0,172782,172782,-1022174895,176751
1796,172404,0,172404,172404,-1022174895,176751
1797,172836,0,172836,172836,-1022174895,176751
1798,172598,0,172598,172598,-1022174895,176751
1799,172899,0,172899,172899,-1022174895,176751
1800,173221,0,173221,173221,-1022174895,176751
1801,172793,0,172793,172793,-1022174895,176751
1802,178224,0,178224,178224,-1022174895,176751
1803,173247,0,173247,173247,-1022174895,176751
1804,173008,0,173008,173008,-1022174895,176751
1805,173860,0,173860,173860,-1022174895,176751
1806,173472,0,173472,173472,-1022174895,176751
1807,172893,0,172893,172893,-1022174895,176751
1808,172196,0,172196,172196,-1022174895,176751
1809,172797,0,172797,172797,-1022174895,176751
1810,177308,0,177308,177308,-1022174895,176751
1811,172860,0,172860,172860,-1022174895,176751
1812,172911,0,172911,172911,-1022174895,176751
1813,173633,0,173633,173633,-1022174895,176751
1814,173125,0,173125,173125,-1022174895,176751
1815,182206,0,182206,182206,-1022174895,176751
1816,173539,0,173539,173539,-1022174895,176751
1817,173150,0,173150,173150,-1022174895,176751
1818,172812,0,172812,172812,-1022174895,176751
1819,173454,0,173454,173454,-1022174895,176751
1820,172535,0,172535,172535,-1022174895,176751
1821,174298,0,174298,174298,-1022174895,176751
1822,172729,0,172729,172729,-1022174895,176751
1823,172100,0,172100,172100,-1022174895,176751
1824,172953,0,172953,172953,-1022174895,176751
1825,173014,0,173014,173014,-1022174895,176751
1826,173476,0,173476,173476,-1022174895,176751
1827,172718,0,172718,172718,-1022174895,176751
1828,173109,0,173109,173109,-1022174895,176751
1829,172692,0,172692,172692,-1022174895,176751
1830,177043,0,177043,177043,-1022174895,176751
1831,172375,0,172375,172375,-1022174895,176751
1832,173097,0,173097,173097,-1022174895,176751
1833,173438,0,173438,173438,-1022174895,176751
1834,172670,0,172670,172670,-1022174895,176751
1835,172772,0,172772,172772,-1022174895,176751
1836,172733,0,172733,172733,-1022174895,176751
1837,173416,0,173416,173416,-1022174895,176751
1838,172987,0,172987,172987,-1022174895,176751
1839,175129,0,175129,175129,-1022174895,176751
1840,172361,0,172361,172361,-1022174895,176751
1841,172962,0,172962,172962,-1022174895,176751
1842,172635,0,172635,172635,-1022174895,176751
1843,171916,0,171916,171916,-1022174895,176751
1844,173157,0,173157,173157,-1022174895,176751
1845,176070,0,176070,176070,-1022174895,176751
1846,173811,0,173811,173811,-1022174895,176751
1847,172653,0,172653,172653,-1022174895,176751
1848,181806,0,181806,181806,-1022174895,176751
1849,173467,0,173467,173467,-1022174895,176751
1850,172990,0,172990,172990,-1022174895,176751
1851,173101,0,173101,173101,-1022174895,176751
1852,174042,0,174042,174042,-1022174895,176751
1853,178214,0,178214,178214,-1022174895,176751
1854,172605,0,172605,172605,-1022174895,176751
1855,174018,0,174018,174018,-1022174895,176751
1856,172789,0,172789,172789,-1022174895,176751
1857,172911,0,172911,172911,-1022174895,176751
1858,176703,0,176703,176703,-1022174895,176751
1859,173934,0,173934,173934,-1022174895,176751
1860,174106,0,174106,174106,-1022174895,176751
1861,172518,0,172518,172518,-1022174895,176751
1862,173649,0,173649,173649,-1022174895,176751
1863,172812,0,172812,172812,-1022174895,176751
1864,173463,0,173463,173463,-1022174895,176751
1865,172505,0,172505,172505,-1022174895,176751
1866,173597,0,173597,173597,-1022174895,176751
1867,172748,0,172748,172748,-1022174895,176751
1868,172620,0,172620,172620,-1022174895,176751
1869,172552,0,172552,172552,-1022174895,176751
1870,172874,0,172874,172874,-1022174895,176751
1871,172886,0,172886,172886,-1022174895,176751
1872,173027,0,173027,173027,-1022174895,176751
1873,173059,0,173059,173059,-1022174895,176751
1874,172481,0,172481,172481,-1022174895,176751
1875,172952,0,172952,172952,-1022174895,176751
1876,173195,0,173195,173195,-1022174895,176751
1877,173376,0,173376,173376,-1022174895,176751
1878,174948,0,174948,174948,-1022174895,176751
1879,173660,0,173660,173660,-1022174895,176751
1880,173001,0,173001,173001,-1022174895,176751
1881,181193,0,181193,181193,-1022174895,176751
1882,173245,0,173245,173245,-1022174895,176751
1883,173027,0,173027,173027,-1022174895,176751
1884,173479,0,173479,173479,-1022174895,176751
1885,173500,0,173500,173500,-1022174895,176751
1886,178222,0,178222,178222,-1022174895,176751
1887,173114,0,173114,173114,-1022174895,176751
1888,176785,0,176785,176785,-1022174895,176751
1889,174247,0,174247,174247,-1022174895,176751
1890,174129,0,174129,174129,-1022174895,176751
1891,173111,0,173111,173111,-1022174895,176751
1892,172823,0,172823,172823,-1022174895,176751
1893,173344,0,173344,173344,-1022174895,176751
1894,173846,0,173846,173846,-1022174895,176751
1895,174438,0,174438,174438,-1022174895,176751
1896,177299,0,177299,177299,-1022174895,176751
1897,173521,0,173521,173521,-1022174895,176751
1898,174332,0,174332,174332,-1022174895,176751
1899,173564,0,173564,173564,-1022174895,176751
1900,173137,0,173137,173137,-1022174895,176751
1901,173619,0,173619,173619,-1022174895,176751
1902,174120,0,174120,174120,-1022174895,176751
1903,172262,0,172262,172262,-1022174895,176751
1904,174094,0,174094,174094,-1022174895,176751
1905,173456,0,173456,173456,-1022174895,176751
1906,173288,0,173288,173288,-1022174895,176751
1907,172809,0,172809,172809,-1022174895,176751
1908,174931,0,174931,174931,-1022174895,176751
1909,173333,0,173333,173333,-1022174895,176751
1910,173385,0,173385,173385,-1022174895,176751
1911,174877,0,174877,174877,-1022174895,176751
1912,173618,0,173618,173618,-1022174895,176751
1913,174170,0,174170,174170,-1022174895,176751
1914,184552,0,184552,184552,-1022174895,176751
1915,172853,0,172853,172853,-1022174895,176751
1916,173165,0,173165,173165,-1022174895,176751
1917,174277,0,174277,174277,-1022174895,176751
1918,172809,0,172809,172809,-1022174895,176751
1919,172671,0,172671,172671,-1022174895,176751
1920,173322,0,173322,173322,-1022174895,176751
1921,173014,0,173014,173014,-1022174895,176751
1922,173076,0,173076,173076,-1022174895,176751
1923,172788,0,172788,172788,-1022174895,176751
1924,172919,0,172919,172919,-1022174895,176751
1925,173501,0,173501,173501,-1022174895,176751
1926,173973,0,173973,173973,-1022174895,176751
1927,174115,0,174115,174115,-1022174895,176751
1928,173776,0,173776,173776,-1022174895,176751
1929,173278,0,173278,173278,-1022174895,176751
1930,172720,0,172720,172720,-1022174895,176751
1931,175122,0,175122,175122,-1022174895,176751
1932,173414,0,173414,173414,-1022174895,176751
1933,184385,0,184385,184385,-1022174895,176751
1934,180477,0,180477,180477,-1022174895,176751
1935,185459,0,185459,185459,-1022174895,176751
1936,177271,0,177271,177271,-1022174895,176751
1937,182242,0,182242,182242,-1022174895,176751
1938,184524,0,184524,184524,-1022174895,176751
1939,184795,0,184795,184795,-1022174895,176751
1940,189267,0,189267,189267,-1022174895,176751
1941,194079,0,194079,194079,-1022174895,176751
1942,186810,0,186810,186810,-1022174895,176751
1943,191352,0,191352,191352,-1022174895,176751
1944,184694,0,184694,184694,-1022174895,176751
1945,193486,0,193486,193486,-1022174895,176751
1946,193777,0,193777,193777,-1022174895,176751
1947,194459,0,194459,194459,-1022174895,176751
1948,192261,0,192261,192261,-1022174895,176751
1949,198073,0,198073,198073,-1022174895,176751
1950,189144,0,189144,189144,-1022174895,176751
1951,194187,0,194187,194187,-1022174895,176751
1952,199129,0,199129,199129,-1022174895,176751
1953,191011,0,191011,191011,-1022174895,176751
1954,193993,0,193993,193993,-1022174895,176751
1955,198304,0,198304,198304,-1022174895,176751
1956,202946,0,202946,202946,-1022174895,176751
1957,195558,0,195558,195558,-1022174895,176751
1958,200800,0,200800,200800,-1022174895,176751
1959,209382,0,209382,209382,-1022174895,176751
1960,197123,0,197123,197123,-1022174895,176751
1961,202035,0,202035,202035,-1022174895,176751
1962,206887,0,206887,206887,-1022174895,176751
1963,199808,0,199808,199808,-1022174895,176751
1964,180000,0,180000,180000,-1022174895,176751
1965,174422,0,174422,174422,-1022174895,176751
1966,172374,0,172374,172374,-1022174895,176751
1967,175065,0,175065,175065,-1022174895,176751
1968,180378,0,180378,180378,-1022174895,176751
1969,175449,0,175449,175449,-1022174895,176751
1970,178252,0,178252,178252,-1022174895,176751
1971,173863,0,173863,173863,-1022174895,176751
1972,173844,0,173844,173844,-1022174895,176751
1973,173767,0,173767,173767,-1022174895,176751
1974,174528,0,174528,174528,-1022174895,176751
1975,173181,0,173181,173181,-1022174895,176751
1976,173712,0,173712,173712,-1022174895,176751
1977,174693,0,174693,174693,-1022174895,176751
1978,173786,0,173786,173786,-1022174895,176751
1979,173407,0,173407,173407,-1022174895,176751
1980,182620,0,182620,182620,-1022174895,176751
1981,174061,0,174061,174061,-1022174895,176751
1982,173701,0,173701,173701,-1022174895,176751
1983,173304,0,173304,173304,-1022174895,176751
1984,173115,0,173115,173115,-1022174895,176751
1985,173537,0,173537,173537,-1022174895,176751
1986,173229,0,173229,173229,-1022174895,176751
1987,173720,0,173720,173720,-1022174895,176751
1988,173323,0,173323,173323,-1022174895,176751
1989,173534,0,173534,173534,-1022174895,176751
1990,174635,0,174635,174635,-1022174895,176751
1991,173468,0,173468,173468,-1022174895,176751
1992,175309,0,175309,175309,-1022174895,176751
1993,173361,0,173361,173361,-1022174895,176751
1994,173723,0,173723,173723,-1022174895,176751
1995,173224,0,173224,173224,-1022174895,176751
1996,175477,0,175477,175477,-1022174895,176751
1997,174488,0,174488,174488,-1022174895,176751
1998,178350,0,178350,178350,-1022174895,176751
1999,173672,0,173672,173672,-1022174895,176751
2000,173273,0,173273,173273,-1022174895,176751
