sample_idx,t1_ns,t2_ns,t3_ns,t4_ns,master_to_slave_ns,slave_to_master_ns,offset_ns,path_delay_ns,clock_offset_mean_ns,clock_sync_path_delay_mean_ns
1,1780486136386154913,1780486139629639418,1780486139629639768,1780486136386642474,3243484505,-3242997294,-3243240900,243605,-3243115087,134018
2,1780486136386650274,1780486139629908118,1780486139629908348,1780486136386949808,3243257844,-3242958540,-3243108192,149652,-3243115087,134018
3,1780486136386958208,1780486139630256418,1780486139630256778,1780486136387295592,3243298210,-3242961186,-3243129698,168512,-3243115087,134018
4,1780486136387304391,1780486139630560059,1780486139630560339,1780486136387606735,3243255668,-3242953604,-3243104636,151032,-3243115087,134018
5,1780486136387615145,1780486139630870989,1780486139630871169,1780486136387829131,3243255844,-3243042038,-3243148941,106903,-3243115087,134018
6,1780486136387837221,1780486139631108719,1780486139631108849,1780486136388140695,3243271498,-3242968154,-3243119826,151672,-3243115087,134018
7,1780486136388149635,1780486139631410089,1780486139631410279,1780486136388447859,3243260454,-3242962420,-3243111437,149017,-3243115087,134018
8,1780486136388456549,1780486139631718259,1780486139631718449,1780486136388763332,3243261710,-3242955117,-3243108414,153296,-3243115087,134018
9,1780486136388773612,1780486139631963609,1780486139631963799,1780486136388987538,3243189997,-3242976261,-3243083129,106868,-3243115087,134018
10,1780486136388998928,1780486139632284770,1780486139632284960,1780486136389316972,3243285842,-3242967988,-3243126915,158927,-3243115087,134018
11,1780486136389326111,1780486139632578720,1780486139632578920,1780486136389611107,3243252609,-3242967813,-3243110211,142398,-3243115087,134018
12,1780486136389619687,1780486139632869800,1780486139632870040,1780486136389830132,3243250113,-3243039908,-3243145011,105102,-3243115087,134018
13,1780486136389838362,1780486139633084350,1780486139633084500,1780486136390107967,3243245988,-3242976533,-3243111261,134727,-3243115087,134018
14,1780486136390116667,1780486139633374740,1780486139633374910,1780486136390412041,3243258073,-3242962869,-3243110471,147602,-3243115087,134018
15,1780486136390420561,1780486139633680621,1780486139633680941,1780486136390727095,3243260060,-3242953846,-3243106953,153107,-3243115087,134018
16,1780486136390736274,1780486139633927871,1780486139633928051,1780486136390948570,3243191597,-3242979481,-3243085539,106058,-3243115087,134018
17,1780486136390957040,1780486139634238761,1780486139634238981,1780486136391270924,3243281721,-3242968057,-3243124889,156832,-3243115087,134018
18,1780486136391279664,1780486139634530721,1780486139634530981,1780486136391561818,3243251057,-3242969163,-3243110110,140947,-3243115087,134018
19,1780486136391569998,1780486139634821801,1780486139634821991,1780486136391782174,3243251803,-3243039817,-3243145810,105993,-3243115087,134018
20,1780486136391790244,1780486139635042712,1780486139635042872,1780486136392072008,3243252468,-3242970864,-3243111666,140802,-3243115087,134018
21,1780486136392080538,1780486139635337702,1780486139635337902,1780486136392377742,3243257164,-3242960160,-3243108662,148502,-3243115087,134018
22,1780486136392386142,1780486139635645162,1780486139635645342,1780486136392686447,3243259020,-3242958895,-3243108958,150062,-3243115087,134018
23,1780486136392694937,1780486139635894642,1780486139635894812,1780486136392917962,3243199705,-3242976850,-3243088278,111427,-3243115087,134018
24,1780486136392926472,1780486139636201982,1780486139636202102,1780486136393236276,3243275510,-3242965826,-3243120668,154842,-3243115087,134018
25,1780486136393244896,1780486139636495302,1780486139636495482,1780486136393528830,3243250406,-3242966652,-3243108529,141877,-3243115087,134018
26,1780486136393537040,1780486139636789273,1780486139636789443,1780486136393749946,3243252233,-3243039497,-3243145865,106368,-3243115087,134018
27,1780486136393757756,1780486139637000633,1780486139637000773,1780486136394033350,3243242877,-3242967423,-3243105150,137727,-3243115087,134018
28,1780486136394041900,1780486139637301423,1780486139637301593,1780486136394340754,3243259523,-3242960839,-3243110181,149342,-3243115087,134018
29,1780486136394349054,1780486139637608833,1780486139637608973,1780486136394648368,3243259779,-3242960605,-3243110192,149587,-3243115087,134018
30,1780486136394656478,1780486139637851773,1780486139637851943,1780486136394866064,3243195295,-3242985879,-3243090587,104708,-3243115087,134018
31,1780486136394874064,1780486139638153004,1780486139638153144,1780486136395184697,3243278940,-3242968447,-3243123694,155246,-3243115087,134018
32,1780486136395193377,1780486139638442204,1780486139638442334,1780486136395478823,3243248827,-3242963511,-3243106169,142658,-3243115087,134018
33,1780486136395487192,1780486139638738754,1780486139638738924,1780486136395703938,3243251562,-3243034986,-3243143274,108288,-3243115087,134018
34,1780486136395712008,1780486139638947694,1780486139638947974,1780486136395970933,3243235686,-3242977041,-3243106364,129322,-3243115087,134018
35,1780486136395979603,1780486139639237884,1780486139639238014,1780486136396278467,3243258281,-3242959547,-3243108914,149367,-3243115087,134018
36,1780486136396287097,1780486139639547285,1780486139639547455,1780486136396590651,3243260188,-3242956804,-3243108496,151692,-3243115087,134018
37,1780486136396599020,1780486139639790325,1780486139639790465,1780486136396810916,3243191305,-3242979549,-3243085427,105878,-3243115087,134018
38,1780486136396818796,1780486139640096335,1780486139640096495,1780486136397127700,3243277539,-3242968795,-3243123167,154372,-3243115087,134018
39,1780486136397136180,1780486139640387905,1780486139640388055,1780486136397422694,3243251725,-3242965361,-3243108543,143182,-3243115087,134018
40,1780486136397430714,1780486139640683655,1780486139640683805,1780486136397654750,3243252941,-3243029055,-3243140998,111943,-3243115087,134018
41,1780486136397662989,1780486139640892725,1780486139640892855,1780486136397915304,3243229736,-3242977551,-3243103644,126092,-3243115087,134018
42,1780486136397923164,1780486139641180806,1780486139641180926,1780486136398223738,3243257642,-3242957188,-3243107415,150227,-3243115087,134018
43,1780486136398232448,1780486139641494686,1780486139641494906,1780486136398536903,3243262238,-3242958003,-3243110121,152117,-3243115087,134018
44,1780486136398545163,1780486139641740856,1780486139641740966,1780486136398756849,3243195693,-3242984117,-3243089905,105788,-3243115087,134018
45,1780486136398764769,1780486139642048036,1780486139642048206,1780486136399079752,3243283267,-3242968454,-3243125861,157406,-3243115087,134018
46,1780486136399088352,1780486139642338316,1780486139642338426,1780486136399374236,3243249964,-3242964190,-3243107077,142887,-3243115087,134018
47,1780486136399382896,1780486139642633667,1780486139642633837,1780486136399593912,3243250771,-3243039925,-3243145348,105423,-3243115087,134018
48,1780486136399601922,1780486139642843157,1780486139642843297,1780486136399866627,3243241235,-3242976670,-3243108953,132282,-3243115087,134018
49,1780486136399874846,1780486139643131147,1780486139643131267,1780486136400171631,3243256301,-3242959636,-3243107969,148332,-3243115087,134018
50,1780486136400180400,1780486139643444027,1780486139643444157,1780486136400485334,3243263627,-3242958823,-3243111225,152402,-3243115087,134018
51,1780486136400494024,1780486139643693737,1780486139643693877,1780486136400704780,3243199713,-3242989097,-3243094405,105308,-3243115087,134018
52,1780486136400712770,1780486139643994907,1780486139643995067,1780486136401030423,3243282137,-3242964644,-3243123391,158746,-3243115087,134018
53,1780486136401038803,1780486139644302858,1780486139644302968,1780486136401335257,3243264055,-3242967711,-3243115883,148172,-3243115087,134018
54,1780486136401343677,1780486139644596088,1780486139644596278,1780486136401557404,3243252411,-3243038874,-3243145643,106768,-3243115087,134018
55,1780486136401565444,1780486139644806908,1780486139644807038,1780486136401829498,3243241464,-3242977540,-3243109502,131962,-3243115087,134018
56,1780486136401837668,1780486139645093658,1780486139645093848,1780486136402133732,3243255990,-3242960116,-3243108053,147937,-3243115087,134018
57,1780486136402146032,1780486139645406958,1780486139645407118,1780486136402456606,3243260926,-3242950512,-3243105719,155207,-3243115087,134018
58,1780486136402467496,1780486139645663019,1780486139645663169,1780486136402669692,3243195523,-3242993477,-3243094500,101023,-3243115087,134018
59,1780486136402678162,1780486139645888989,1780486139645889109,1780486136402870698,3243210827,-3243018411,-3243114619,96208,-3243115087,134018
60,1780486136402878828,1780486139646143179,1780486139646143329,1780486136403108803,3243264351,-3243034526,-3243149439,114912,-3243115087,134018
61,1780486136403117623,1780486139646372199,1780486139646372329,1780486136403398837,3243254576,-3242973492,-3243114034,140542,-3243115087,134018
62,1780486136403407347,1780486139646663719,1780486139646663869,1780486136403701371,3243256372,-3242962498,-3243109435,146937,-3243115087,134018
63,1780486136403709911,1780486139646969309,1780486139646969459,1780486136404009535,3243259398,-3242959924,-3243109661,149737,-3243115087,134018
64,1780486136404022935,1780486139647223510,1780486139647223680,1780486136404232661,3243200575,-3242991019,-3243095797,104778,-3243115087,134018
65,1780486136404241131,1780486139647523290,1780486139647523450,1780486136404554156,3243282159,-3242969294,-3243125727,156432,-3243115087,134018
66,1780486136404562505,1780486139647810700,1780486139647810830,1780486136404842150,3243248195,-3242968680,-3243108438,139757,-3243115087,134018
67,1780486136404850390,1780486139648099970,1780486139648100090,1780486136405060485,3243249580,-3243039605,-3243144593,104987,-3243115087,134018
68,1780486136405068745,1780486139648312740,1780486139648312860,1780486136405333090,3243243995,-3242979770,-3243111883,132112,-3243115087,134018
69,1780486136405341110,1780486139648599891,1780486139648600031,1780486136405637744,3243258781,-3242962287,-3243110534,148247,-3243115087,134018
70,1780486136405646064,1780486139648906631,1780486139648906801,1780486136405950288,3243260567,-3242956513,-3243108540,152027,-3243115087,134018
71,1780486136405958618,1780486139649154371,1780486139649154541,1780486136406172603,3243195753,-3242981938,-3243088846,106907,-3243115087,134018
72,1780486136406180983,1780486139649459341,1780486139649459461,1780486136406492967,3243278358,-3242966494,-3243122426,155932,-3243115087,134018
73,1780486136406501337,1780486139649750471,1780486139649750651,1780486136406791581,3243249134,-3242959070,-3243104102,145032,-3243115087,134018
74,1780486136406799881,1780486139650049722,1780486139650049902,1780486136407008907,3243249841,-3243040995,-3243145418,104423,-3243115087,134018
75,1780486136407023797,1780486139650261922,1780486139650262052,1780486136407287891,3243238125,-3242974161,-3243106143,131982,-3243115087,134018
76,1780486136407296091,1780486139650553402,1780486139650553602,1780486136407591276,3243257311,-3242962326,-3243109819,147492,-3243115087,134018
77,1780486136407599316,1780486139650859902,1780486139650860042,1780486136407899790,3243260586,-3242960252,-3243110419,150167,-3243115087,134018
78,1780486136407908010,1780486139651102932,1780486139651103092,1780486136408123896,3243194922,-3242979196,-3243087059,107863,-3243115087,134018
79,1780486136408132426,1780486139651406352,1780486139651406532,1780486136408438640,3243273926,-3242967892,-3243120909,153017,-3243115087,134018
80,1780486136408446609,1780486139651694713,1780486139651694893,1780486136408725524,3243248104,-3242969369,-3243108737,139367,-3243115087,134018
81,1780486136408733444,1780486139651984483,1780486139651984623,1780486136408945640,3243251039,-3243038983,-3243145011,106028,-3243115087,134018
82,1780486136408953629,1780486139652199633,1780486139652199763,1780486136409226844,3243246004,-3242972919,-3243109462,136542,-3243115087,134018
83,1780486136409235544,1780486139652494893,1780486139652495033,1780486136409533628,3243259349,-3242961405,-3243110377,148972,-3243115087,134018
84,1780486136409541958,1780486139652801583,1780486139652801743,1780486136409841092,3243259625,-3242960651,-3243110138,149487,-3243115087,134018
85,1780486136409849472,1780486139653048714,1780486139653048864,1780486136410066927,3243199242,-3242981937,-3243090590,108652,-3243115087,134018
86,1780486136410075277,1780486139653359284,1780486139653359434,1780486136410390551,3243284007,-3242968883,-3243126445,157562,-3243115087,134018
87,1780486136410398581,1780486139653646604,1780486139653646814,1780486136410677206,3243248023,-3242969608,-3243108816,139207,-3243115087,134018
88,1780486136410685506,1780486139653939814,1780486139653939954,1780486136410920811,3243254308,-3243019143,-3243136726,117582,-3243115087,134018
89,1780486136410935031,1780486139654149304,1780486139654149434,1780486136411172676,3243214273,-3242976758,-3243095516,118757,-3243115087,134018
90,1780486136411181596,1780486139654439604,1780486139654439744,1780486136411477850,3243258008,-3242961894,-3243109951,148057,-3243115087,134018
91,1780486136411486440,1780486139654746585,1780486139654746735,1780486136411788854,3243260145,-3242957881,-3243109013,151132,-3243115087,134018
92,1780486136411797164,1780486139654993945,1780486139654994125,1780486136412035799,3243196781,-3242958326,-3243077554,119227,-3243115087,134018
93,1780486136412049739,1780486139655314735,1780486139655314885,1780486136412347513,3243264996,-3242967372,-3243116184,148812,-3243115087,134018
94,1780486136412356333,1780486139655604485,1780486139655604775,1780486136412635117,3243248152,-3242969658,-3243108905,139247,-3243115087,134018
95,1780486136412643687,1780486139655892155,1780486139655892355,1780486136412851433,3243248468,-3243040922,-3243144695,103773,-3243115087,134018
96,1780486136412859213,1780486139656104316,1780486139656104496,1780486136413130387,3243245103,-3242974109,-3243109606,135497,-3243115087,134018
97,1780486136413139277,1780486139656397836,1780486139656397976,1780486136413434811,3243258559,-3242963165,-3243110862,147697,-3243115087,134018
98,1780486136413443261,1780486139656702016,1780486139656702186,1780486136413742386,3243258755,-3242959800,-3243109278,149477,-3243115087,134018
99,1780486136413750996,1780486139656947676,1780486139656947806,1780486136413964322,3243196680,-3242983484,-3243090082,106598,-3243115087,134018
100,1780486136413972742,1780486139657252846,1780486139657253026,1780486136414283096,3243280104,-3242969930,-3243125017,155087,-3243115087,134018
101,1780486136414291895,1780486139657540216,1780486139657540356,1780486136414572330,3243248321,-3242968026,-3243108174,140147,-3243115087,134018
102,1780486136414580760,1780486139657833417,1780486139657833567,1780486136414794235,3243252657,-3243039332,-3243145995,106662,-3243115087,134018
103,1780486136414802115,1780486139658051517,1780486139658051637,1780486136415073940,3243249402,-3242977697,-3243113550,135852,-3243115087,134018
104,1780486136415082190,1780486139658338507,1780486139658338657,1780486136415388764,3243256317,-3242949893,-3243103105,153212,-3243115087,134018
105,1780486136415402533,1780486139658660757,1780486139658660907,1780486136415709527,3243258224,-3242951380,-3243104802,153422,-3243115087,134018
106,1780486136415719927,1780486139658918877,1780486139658919037,1780486136415934783,3243198950,-3242984254,-3243091602,107348,-3243115087,134018
107,1780486136415943343,1780486139659222628,1780486139659222788,1780486136416255506,3243279285,-3242967282,-3243123284,156001,-3243115087,134018
108,1780486136416264206,1780486139659512828,1780486139659512958,1780486136416545142,3243248622,-3242967816,-3243108219,140403,-3243115087,134018
109,1780486136416553782,1780486139659805378,1780486139659805538,1780486136416765437,3243251596,-3243040101,-3243145849,105747,-3243115087,134018
110,1780486136416773307,1780486139660019908,1780486139660020018,1780486136417046772,3243246601,-3242973246,-3243109924,136677,-3243115087,134018
111,1780486136417055532,1780486139660312618,1780486139660312878,1780486136417352926,3243257086,-3242959952,-3243108519,148567,-3243115087,134018
112,1780486136417361536,1780486139660621999,1780486139660622209,1780486136417664640,3243260463,-3242957569,-3243109016,151447,-3243115087,134018
113,1780486136417672929,1780486139660860299,1780486139660860529,1780486136417884085,3243187370,-3242976444,-3243081907,105463,-3243115087,134018
114,1780486136417891825,1780486139661170979,1780486139661171189,1780486136418204309,3243279154,-3242966880,-3243123017,156137,-3243115087,134018
115,1780486136418213009,1780486139661464349,1780486139661464549,1780486136418500523,3243251340,-3242964026,-3243107683,143657,-3243115087,134018
116,1780486136418509023,1780486139661760969,1780486139661761179,1780486136418722429,3243251946,-3243038750,-3243145348,106598,-3243115087,134018
117,1780486136418730268,1780486139661973749,1780486139661973969,1780486136418997433,3243243481,-3242976536,-3243110009,133472,-3243115087,134018
118,1780486136419005553,1780486139662264150,1780486139662264300,1780486136419306927,3243258597,-3242957373,-3243107985,150612,-3243115087,134018
119,1780486136419315547,1780486139662575790,1780486139662575970,1780486136419615722,3243260243,-3242960248,-3243110246,149997,-3243115087,134018
120,1780486136419624122,1780486139662816730,1780486139662816850,1780486136419837357,3243192608,-3242979493,-3243086051,106557,-3243115087,134018
121,1780486136419845427,1780486139663126960,1780486139663127090,1780486136420159861,3243281533,-3242967229,-3243124381,157152,-3243115087,134018
122,1780486136420168191,1780486139663417010,1780486139663417180,1780486136420449485,3243248819,-3242967695,-3243108257,140562,-3243115087,134018
123,1780486136420457685,1780486139663709611,1780486139663709791,1780486136420679691,3243251926,-3243030100,-3243141013,110913,-3243115087,134018
124,1780486136420687640,1780486139663920801,1780486139663920941,1780486136420943155,3243233161,-3242977786,-3243105474,127687,-3243115087,134018
125,1780486136420951175,1780486139664213581,1780486139664213701,1780486136421252359,3243262406,-3242961342,-3243111874,150532,-3243115087,134018
126,1780486136421260969,1780486139664521911,1780486139664522071,1780486136421561193,3243260942,-3242960878,-3243110910,150032,-3243115087,134018
127,1780486136421569393,1780486139664765581,1780486139664765731,1780486136421781899,3243196188,-3242983832,-3243090010,106178,-3243115087,134018
128,1780486136421789669,1780486139665069462,1780486139665069612,1780486136422101402,3243279793,-3242968210,-3243124002,155791,-3243115087,134018
129,1780486136422110182,1780486139665361422,1780486139665361562,1780486136422393077,3243251240,-3242968485,-3243109863,141377,-3243115087,134018
130,1780486136422401226,1780486139665652652,1780486139665652782,1780486136422613423,3243251426,-3243039359,-3243145393,106033,-3243115087,134018
131,1780486136422621293,1780486139665864032,1780486139665864192,1780486136422883338,3243242739,-3242980854,-3243111797,130942,-3243115087,134018
132,1780486136422891668,1780486139666149042,1780486139666149162,1780486136423181112,3243257374,-3242968050,-3243112712,144662,-3243115087,134018
133,1780486136423189982,1780486139666450822,1780486139666451062,1780486136423486266,3243260840,-3242964796,-3243112818,148022,-3243115087,134018
134,1780486136423494566,1780486139666681893,1780486139666682073,1780486136423703502,3243187327,-3242978571,-3243082949,104378,-3243115087,134018
135,1780486136423711701,1780486139666995363,1780486139666995543,1780486136424028445,3243283662,-3242967098,-3243125380,158282,-3243115087,134018
136,1780486136424037165,1780486139667299363,1780486139667299573,1780486136424325929,3243262198,-3242973644,-3243117921,144277,-3243115087,134018
137,1780486136424334229,1780486139667585363,1780486139667585523,1780486136424540105,3243251134,-3243045418,-3243148276,102858,-3243115087,134018
138,1780486136424548425,1780486139667796233,1780486139667796373,1780486136424817120,3243247808,-3242979253,-3243113531,134277,-3243115087,134018
139,1780486136424825259,1780486139668082054,1780486139668082184,1780486136425115694,3243256795,-3242966490,-3243111643,145152,-3243115087,134018
140,1780486136425124303,1780486139668382454,1780486139668382574,1780486136425417508,3243258151,-3242965066,-3243111609,146542,-3243115087,134018
141,1780486136425426188,1780486139668617924,1780486139668618054,1780486136425637884,3243191736,-3242980170,-3243085953,105783,-3243115087,134018
142,1780486136425646114,1780486139668926744,1780486139668926904,1780486136425951788,3243280630,-3242975116,-3243127873,152757,-3243115087,134018
143,1780486136425959868,1780486139669210304,1780486139669210484,1780486136426238732,3243250436,-3242971752,-3243111094,139342,-3243115087,134018
144,1780486136426247262,1780486139669499044,1780486139669499244,1780486136426456818,3243251782,-3243042426,-3243147104,104678,-3243115087,134018
145,1780486136426465788,1780486139669710545,1780486139669710675,1780486136426735083,3243244757,-3242975592,-3243110175,134582,-3243115087,134018
146,1780486136426743442,1780486139669999755,1780486139669999885,1780486136427043777,3243256313,-3242956108,-3243106211,150102,-3243115087,134018
147,1780486136427052546,1780486139670313085,1780486139670313205,1780486136427353190,3243260539,-3242960015,-3243110277,150262,-3243115087,134018
148,1780486136427361500,1780486139670558025,1780486139670558195,1780486136427574406,3243196525,-3242983789,-3243090157,106368,-3243115087,134018
149,1780486136427582446,1780486139670865805,1780486139670865945,1780486136427895500,3243283359,-3242970445,-3243126902,156457,-3243115087,134018
150,1780486136427903699,1780486139671154576,1780486139671154876,1780486136428187424,3243250877,-3242967452,-3243109165,141712,-3243115087,134018
151,1780486136428196394,1780486139671449086,1780486139671449286,1780486136428407810,3243252692,-3243041476,-3243147084,105608,-3243115087,134018
152,1780486136428415969,1780486139671660786,1780486139671660936,1780486136428685605,3243244817,-3242975331,-3243110074,134743,-3243115087,134018
153,1780486136428698645,1780486139671957846,1780486139671958066,1780486136429000949,3243259201,-3242957117,-3243108159,151042,-3243115087,134018
154,1780486136429011579,1780486139672287146,1780486139672287356,1780486136429326962,3243275567,-3242960394,-3243117981,157586,-3243115087,134018
155,1780486136429335922,1780486139672527176,1780486139672527296,1780486136429550288,3243191254,-3242977008,-3243084131,107123,-3243115087,134018
156,1780486136429564258,1780486139672837737,1780486139672837877,1780486136429867752,3243273479,-3242970125,-3243121802,151677,-3243115087,134018
157,1780486136429877301,1780486139673126197,1780486139673126357,1780486136430109117,3243248896,-3243017240,-3243133068,115828,-3243115087,134018
158,1780486136430118087,1780486139673368887,1780486139673369057,1780486136430328732,3243250800,-3243040325,-3243145563,105237,-3243115087,134018
159,1780486136430337262,1780486139673581407,1780486139673581527,1780486136430603197,3243244145,-3242978330,-3243111238,132907,-3243115087,134018
160,1780486136430612197,1780486139673867937,1780486139673868057,1780486136430903211,3243255740,-3242964846,-3243110293,145447,-3243115087,134018
161,1780486136430911551,1780486139674169388,1780486139674169558,1780486136431206265,3243257837,-3242963293,-3243110565,147272,-3243115087,134018
162,1780486136431215205,1780486139674416358,1780486139674416528,1780486136431425321,3243201153,-3242991207,-3243096180,104973,-3243115087,134018
163,1780486136431433701,1780486139674716218,1780486139674716388,1780486136431743525,3243282517,-3242972863,-3243127690,154827,-3243115087,134018
164,1780486136431751465,1780486139674999428,1780486139674999598,1780486136432031100,3243247963,-3242968498,-3243108231,139732,-3243115087,134018
165,1780486136432039789,1780486139675290768,1780486139675290898,1780486136432245795,3243250979,-3243045103,-3243148041,102938,-3243115087,134018
166,1780486136432253975,1780486139675499828,1780486139675499968,1780486136432520460,3243245853,-3242979508,-3243112681,133172,-3243115087,134018
167,1780486136432528930,1780486139675785209,1780486139675785339,1780486136432819144,3243256279,-3242966195,-3243111237,145042,-3243115087,134018
168,1780486136432827594,1780486139676085509,1780486139676085679,1780486136433120778,3243257915,-3242964901,-3243111408,146507,-3243115087,134018
169,1780486136433129408,1780486139676329699,1780486139676329859,1780486136433339204,3243200291,-3242990655,-3243095473,104818,-3243115087,134018
170,1780486136433347123,1780486139676630299,1780486139676630459,1780486136433655807,3243283176,-3242974652,-3243128914,154262,-3243115087,134018
171,1780486136433664287,1780486139676914399,1780486139676914549,1780486136433942712,3243250112,-3242971837,-3243110975,139137,-3243115087,134018
172,1780486136433950881,1780486139677203660,1780486139677203800,1780486136434174077,3243252779,-3243029723,-3243141251,111528,-3243115087,134018
173,1780486136434183217,1780486139677415690,1780486139677415820,1780486136434442902,3243232473,-3242972918,-3243102696,129777,-3243115087,134018
174,1780486136434452041,1780486139677711110,1780486139677711250,1780486136434745897,3243259069,-3242965353,-3243112211,146858,-3243115087,134018
175,1780486136434754306,1780486139678013220,1780486139678013390,1780486136435051771,3243258914,-3242961619,-3243110267,148647,-3243115087,134018
176,1780486136435060660,1780486139678258430,1780486139678258570,1780486136435269466,3243197770,-3242989104,-3243093437,104333,-3243115087,134018
177,1780486136435277486,1780486139678562191,1780486139678562451,1780486136435587520,3243284705,-3242974931,-3243129818,154887,-3243115087,134018
178,1780486136435595500,1780486139678844231,1780486139678844431,1780486136435871234,3243248731,-3242973197,-3243110964,137767,-3243115087,134018
179,1780486136435879144,1780486139679133301,1780486139679133481,1780486136436088590,3243254157,-3243044891,-3243149524,104633,-3243115087,134018
180,1780486136436097290,1780486139679342981,1780486139679343121,1780486136436358585,3243245691,-3242984536,-3243115114,130577,-3243115087,134018
181,1780486136436366675,1780486139679626861,1780486139679627011,1780486136436658329,3243260186,-3242968682,-3243114434,145752,-3243115087,134018
182,1780486136436666629,1780486139679927061,1780486139679927251,1780486136436961553,3243260432,-3242965698,-3243113065,147367,-3243115087,134018
183,1780486136436970103,1780486139680166292,1780486139680166462,1780486136437183748,3243196189,-3242982714,-3243089452,106737,-3243115087,134018
184,1780486136437192498,1780486139680473052,1780486139680473192,1780486136437495873,3243280554,-3242977319,-3243128937,151617,-3243115087,134018
185,1780486136437504293,1780486139680762442,1780486139680762562,1780486136437788447,3243258149,-3242974115,-3243116132,142017,-3243115087,134018
186,1780486136437796647,1780486139681048532,1780486139681048722,1780486136438001423,3243251885,-3243047299,-3243149592,102293,-3243115087,134018
187,1780486136438009593,1780486139681260232,1780486139681260372,1780486136438278738,3243250639,-3242981634,-3243116137,134502,-3243115087,134018
188,1780486136438287348,1780486139681544802,1780486139681544922,1780486136438580752,3243257454,-3242964170,-3243110812,146642,-3243115087,134018
189,1780486136438589592,1780486139681848523,1780486139681848703,1780486136438883066,3243258931,-3242965637,-3243112284,146647,-3243115087,134018
190,1780486136438891486,1780486139682087443,1780486139682087603,1780486136439103811,3243195957,-3242983792,-3243089875,106082,-3243115087,134018
191,1780486136439113141,1780486139682391483,1780486139682391613,1780486136439415935,3243278342,-3242975678,-3243127010,151332,-3243115087,134018
192,1780486136439424075,1780486139682672393,1780486139682672543,1780486136439699450,3243248318,-3242973093,-3243110706,137612,-3243115087,134018
193,1780486136439707489,1780486139682960923,1780486139682961043,1780486136439916485,3243253434,-3243044558,-3243148996,104438,-3243115087,134018
194,1780486136439924765,1780486139683170134,1780486139683170264,1780486136440187990,3243245369,-3242982274,-3243113822,131547,-3243115087,134018
195,1780486136440196500,1780486139683456264,1780486139683456384,1780486136440488995,3243259764,-3242967389,-3243113577,146187,-3243115087,134018
196,1780486136440497135,1780486139683757444,1780486139683757564,1780486136440789779,3243260309,-3242967785,-3243114047,146262,-3243115087,134018
197,1780486136440797909,1780486139683987354,1780486139683987514,1780486136441011315,3243189445,-3242976199,-3243082822,106623,-3243115087,134018
198,1780486136441024494,1780486139684303594,1780486139684303744,1780486136441330318,3243279100,-3242973426,-3243126263,152837,-3243115087,134018
199,1780486136441338748,1780486139684587895,1780486139684588065,1780486136441614543,3243249147,-3242973522,-3243111335,137812,-3243115087,134018
200,1780486136441622503,1780486139684873435,1780486139684873575,1780486136441831328,3243250932,-3243042247,-3243146590,104342,-3243115087,134018
201,1780486136441839658,1780486139685085705,1780486139685085815,1780486136442112843,3243246047,-3242972972,-3243109510,136537,-3243115087,134018
202,1780486136442127543,1780486139685384865,1780486139685384965,1780486136442419007,3243257322,-3242965958,-3243111640,145682,-3243115087,134018
203,1780486136442439366,1780486139685697655,1780486139685697845,1780486136442741170,3243258289,-3242956675,-3243107482,150807,-3243115087,134018
204,1780486136442749800,1780486139685939425,1780486139685939565,1780486136442961546,3243189625,-3242978019,-3243083822,105803,-3243115087,134018
205,1780486136442969676,1780486139686249306,1780486139686249486,1780486136443294119,3243279630,-3242955367,-3243117499,162131,-3243115087,134018
206,1780486136443302729,1780486139686553086,1780486139686553226,1780486136443584735,3243250357,-3242968491,-3243109424,140933,-3243115087,134018
207,1780486136443593234,1780486139686843556,1780486139686843736,1780486136443801890,3243250322,-3243041846,-3243146084,104238,-3243115087,134018
208,1780486136443809730,1780486139687053406,1780486139687053546,1780486136444078575,3243243676,-3242974971,-3243109324,134352,-3243115087,134018
209,1780486136444086685,1780486139687345796,1780486139687345926,1780486136444383659,3243259111,-3242962267,-3243110689,148422,-3243115087,134018
210,1780486136444391958,1780486139687652577,1780486139687652727,1780486136444690823,3243260619,-3242961904,-3243111262,149357,-3243115087,134018
211,1780486136444699362,1780486139687891417,1780486139687891527,1780486136444911848,3243192055,-3242979679,-3243085867,106188,-3243115087,134018
212,1780486136444919698,1780486139688202677,1780486139688202857,1780486136445168863,3243282979,-3243033994,-3243158487,124492,-3243115087,134018
213,1780486136445177563,1780486139688412397,1780486139688412517,1780486136445444848,3243234834,-3242967669,-3243101252,133582,-3243115087,134018
214,1780486136445453147,1780486139688641157,1780486139688641277,1780486136445655663,3243188010,-3242985614,-3243086812,101198,-3243115087,134018
215,1780486136445664043,1780486139688872307,1780486139688872437,1780486136445858249,3243208264,-3243014188,-3243111226,97038,-3243115087,134018
216,1780486136445866219,1780486139689132308,1780486139689132488,1780486136446093035,3243266089,-3243039453,-3243152771,113318,-3243115087,134018
217,1780486136446101134,1780486139689358978,1780486139689359118,1780486136446379649,3243257844,-3242979469,-3243118657,139187,-3243115087,134018
218,1780486136446388059,1780486139689654278,1780486139689654388,1780486136446691604,3243266219,-3242962784,-3243114502,151717,-3243115087,134018
219,1780486136446700064,1780486139689959458,1780486139689959568,1780486136446999748,3243259394,-3242959820,-3243109607,149787,-3243115087,134018
220,1780486136447008177,1780486139690212278,1780486139690212458,1780486136447222343,3243204101,-3242990115,-3243097108,106993,-3243115087,134018
221,1780486136447230933,1780486139690510248,1780486139690510428,1780486136447546967,3243279315,-3242963461,-3243121388,157927,-3243115087,134018
222,1780486136447555207,1780486139690805699,1780486139690805859,1780486136447836711,3243250492,-3242969148,-3243109820,140672,-3243115087,134018
223,1780486136447844841,1780486139691099729,1780486139691099889,1780486136448061387,3243254888,-3243038502,-3243146695,108193,-3243115087,134018
224,1780486136448069656,1780486139691311199,1780486139691311329,1780486136448333951,3243241543,-3242977378,-3243109461,132082,-3243115087,134018
225,1780486136448341991,1780486139691598419,1780486139691598559,1780486136448637275,3243256428,-3242961284,-3243108856,147572,-3243115087,134018
226,1780486136448645665,1780486139691906209,1780486139691906379,1780486136448944989,3243260544,-3242961390,-3243110967,149577,-3243115087,134018
227,1780486136448953199,1780486139692151730,1780486139692151910,1780486136449166595,3243198531,-3242985315,-3243091923,106608,-3243115087,134018
228,1780486136449174395,1780486139692456670,1780486139692456830,1780486136449421200,3243282275,-3243035630,-3243158953,123322,-3243115087,134018
229,1780486136449429290,1780486139692665060,1780486139692665180,1780486136449702615,3243235770,-3242962565,-3243099168,136602,-3243115087,134018
230,1780486136449710745,1780486139692899150,1780486139692899280,1780486136449912601,3243188405,-3242986679,-3243087542,100863,-3243115087,134018
231,1780486136449920551,1780486139693131260,1780486139693131410,1780486136450117397,3243210709,-3243014013,-3243112361,98348,-3243115087,134018
232,1780486136450125397,1780486139693391360,1780486139693391500,1780486136450350072,3243265963,-3243041428,-3243153696,112267,-3243115087,134018
233,1780486136450358032,1780486139693618411,1780486139693618521,1780486136450643857,3243260379,-3242974664,-3243117522,142857,-3243115087,134018
234,1780486136450652276,1780486139693909351,1780486139693909461,1780486136450946151,3243257075,-3242963310,-3243110193,146882,-3243115087,134018
235,1780486136450954350,1780486139694214801,1780486139694214951,1780486136451256094,3243260451,-3242958857,-3243109654,150797,-3243115087,134018
236,1780486136451265034,1780486139694463201,1780486139694463401,1780486136451475660,3243198167,-3242987741,-3243092954,105213,-3243115087,134018
237,1780486136451483980,1780486139694769221,1780486139694769401,1780486136451799554,3243285241,-3242969847,-3243127544,157697,-3243115087,134018
238,1780486136451808263,1780486139695058442,1780486139695058622,1780486136452091598,3243250179,-3242967024,-3243108602,141577,-3243115087,134018
239,1780486136452100468,1780486139695353162,1780486139695353282,1780486136452312963,3243252694,-3243040319,-3243146507,106187,-3243115087,134018
240,1780486136452320863,1780486139695565082,1780486139695565202,1780486136452587809,3243244219,-3242977393,-3243110806,133413,-3243115087,134018
241,1780486136452596119,1780486139695854732,1780486139695854932,1780486136452895663,3243258613,-3242959269,-3243108941,149672,-3243115087,134018
242,1780486136452903753,1780486139696163052,1780486139696163202,1780486136453201727,3243259299,-3242961475,-3243110387,148912,-3243115087,134018
243,1780486136453210237,1780486139696409732,1780486139696409882,1780486136453421833,3243199495,-3242988049,-3243093772,105723,-3243115087,134018
244,1780486136453429832,1780486139696715323,1780486139696715483,1780486136453745446,3243285491,-3242970037,-3243127764,157727,-3243115087,134018
245,1780486136453753346,1780486139697004673,1780486139697004813,1780486136454042090,3243251327,-3242962723,-3243107025,144302,-3243115087,134018
246,1780486136454050480,1780486139697303513,1780486139697303663,1780486136454267866,3243253033,-3243035797,-3243144415,108618,-3243115087,134018
247,1780486136454275956,1780486139697514903,1780486139697515043,1780486136454537010,3243238947,-3242978033,-3243108490,130457,-3243115087,134018
248,1780486136454545050,1780486139697806113,1780486139697806273,1780486136454844534,3243261063,-3242961739,-3243111401,149662,-3243115087,134018
249,1780486136454852724,1780486139698113484,1780486139698113664,1780486136455152518,3243260760,-3242961146,-3243110953,149807,-3243115087,134018
250,1780486136455161078,1780486139698360874,1780486139698361014,1780486136455375794,3243199796,-3242985220,-3243092508,107288,-3243115087,134018
251,1780486136455385554,1780486139698677804,1780486139698677944,1780486136455711218,3243292250,-3242966726,-3243129488,162762,-3243115087,134018
252,1780486136455722288,1780486139698974284,1780486139698974444,1780486136456006102,3243251996,-3242968342,-3243110169,141827,-3243115087,134018
253,1780486136456014602,1780486139699274444,1780486139699274594,1780486136456236828,3243259842,-3243037766,-3243148804,111038,-3243115087,134018
254,1780486136456245027,1780486139699485734,1780486139699485874,1780486136456516062,3243240707,-3242969812,-3243105260,135447,-3243115087,134018
255,1780486136456524212,1780486139699783415,1780486139699783545,1780486136456820216,3243259203,-3242963329,-3243111266,147937,-3243115087,134018
256,1780486136456828756,1780486139700088855,1780486139700089035,1780486136457055231,3243260099,-3243033804,-3243146952,113147,-3243115087,134018
257,1780486136457063531,1780486139700309815,1780486139700309925,1780486136457351715,3243246284,-3242958210,-3243102247,144037,-3243115087,134018
258,1780486136457360405,1780486139700621265,1780486139700621395,1780486136457658599,3243260860,-3242962796,-3243111828,149032,-3243115087,134018
259,1780486136457666979,1780486139700927705,1780486139700927845,1780486136457968343,3243260726,-3242959502,-3243110114,150612,-3243115087,134018
260,1780486136457976343,1780486139701164946,1780486139701165086,1780486136458189799,3243188603,-3242975287,-3243081945,106658,-3243115087,134018
261,1780486136458197769,1780486139701478756,1780486139701478926,1780486136458508823,3243280987,-3242970103,-3243125545,155442,-3243115087,134018
262,1780486136458517133,1780486139701771286,1780486139701771446,1780486136458801858,3243254153,-3242969588,-3243111871,142282,-3243115087,134018
263,1780486136458810067,1780486139702062996,1780486139702063156,1780486136459027303,3243252929,-3243035853,-3243144391,108538,-3243115087,134018
264,1780486136459035703,1780486139702275366,1780486139702275486,1780486136459240779,3243239663,-3243034707,-3243137185,102478,-3243115087,134018
