count_index,s2r_ns,r2a_ns,total_ns,werner,inter_success_gap
50,133488,816,134304,0.900030,0
51,139547,1062,140609,0.895802,1
52,183267,1436,184703,0.866037,1
53,174105,994,175099,0.872167,1
54,106761,957,107718,0.918992,1
55,144972,779,145751,0.892037,1
56,103765,1025,104790,0.921150,1
57,104274,926,105200,0.920783,1
58,111418,737,112155,0.915652,1
59,143330,1219,144549,0.893174,1
60,94007,1024,95031,0.928221,1
61,144064,853,144917,0.892666,1
62,103340,1014,104354,0.921456,1
63,94534,854,95388,0.927837,1
64,108389,740,109129,0.917823,1
65,108896,741,109637,0.917459,1
66,116541,997,117538,0.911995,1
67,100890,841,101731,0.923226,1
68,134350,873,135223,0.899427,1
69,111029,778,111807,0.915930,1
70,81667,672,82339,0.937263,1
71,122404,723,123127,0.907833,1
72,133118,1024,134142,0.900289,1
73,110626,723,111349,0.916219,1
74,198766,1595,200361,0.855793,1
75,125791,1050,126841,0.905439,1
76,163411,1008,164419,0.879394,1
77,144354,993,145347,0.892465,1
78,148773,873,149646,0.889412,1
79,129238,902,130140,0.903012,1
80,83505,652,84157,0.935909,1
81,194351,1499,195850,0.858695,1
82,129479,1146,130625,0.902842,1
83,109582,851,110433,0.916967,1
84,210189,738,210927,0.848345,1
85,98453,742,99195,0.924991,1
86,114304,798,115102,0.913589,1
87,118064,1029,119093,0.910911,1
88,103644,861,104505,0.921237,1
89,93141,989,94130,0.928852,1
90,160930,912,161842,0.881081,1
91,96597,580,97177,0.926337,1
92,124550,541,125091,0.906315,1
93,79182,1071,80253,0.939097,1
94,450800,841,451641,0.709695,1
95,180534,1539,182073,0.867859,1
96,113733,796,114529,0.913997,1
97,111897,4071,115968,0.915309,1
98,123294,692,123986,0.907203,1
99,96638,710,97348,0.926308,1
100,71106,1027,72133,0.945091,1
101,210224,1511,211735,0.848322,1
102,109539,838,110377,0.916998,1
103,278511,1575,280086,0.805528,1
104,196615,1295,197910,0.857205,1
105,175993,1113,177106,0.870899,1
106,152201,1188,153389,0.887053,1
107,210821,996,211817,0.847935,1
108,110449,1020,111469,0.916346,1
109,102466,1064,103530,0.922087,1
110,105276,930,106206,0.920061,1
111,131001,957,131958,0.901774,1
112,158523,1748,160271,0.882723,1
113,133400,992,134392,0.900092,1
114,140318,1076,141394,0.895265,1
115,115960,1005,116965,0.912409,1
116,142561,1038,143599,0.893708,1
117,199453,1631,201084,0.855343,1
118,131098,1550,132648,0.901705,1
119,151024,1061,152085,0.887862,1
120,114256,1063,115319,0.913624,1
121,153374,1070,154444,0.886247,1
122,160884,1000,161884,0.881113,1
123,160494,1118,161612,0.881378,1
124,170091,1023,171114,0.874870,1
125,205616,1648,207264,0.851317,1
126,178631,1365,179996,0.869132,1
127,131777,1145,132922,0.901229,1
128,142168,1021,143189,0.893980,1
129,137222,1039,138261,0.897421,1
130,102884,865,103749,0.921785,1
131,94478,949,95427,0.927878,1
132,120126,738,120864,0.909447,1
133,120725,686,121411,0.909022,1
134,109886,858,110744,0.916749,1
135,109999,1048,111047,0.916668,1
136,131494,754,132248,0.901428,1
137,109241,994,110235,0.917211,1
138,95343,839,96182,0.927249,1
139,108545,777,109322,0.917711,1
140,97470,610,98080,0.925704,1
141,90881,620,91501,0.930501,1
142,80171,543,80714,0.938367,1
143,140683,643,141326,0.895012,1
144,113875,668,114543,0.913896,1
145,89487,982,90469,0.931520,1
146,101251,757,102008,0.922965,1
147,95304,958,96262,0.927277,1
148,107144,965,108109,0.918717,1
149,109602,949,110551,0.916953,1
150,105848,1113,106961,0.919649,1
151,227441,1759,229200,0.837256,1
152,193324,1196,194520,0.859372,1
153,193917,1863,195780,0.858981,1
154,145906,1605,147511,0.891391,1
155,126586,1411,127997,0.904879,1
156,102679,1057,103736,0.921933,1
157,155937,977,156914,0.884490,1
158,98837,1000,99837,0.924712,1
159,151073,889,151962,0.887828,1
160,156693,1087,157780,0.883973,1
161,138028,1080,139108,0.896859,1
162,116917,1038,117955,0.911727,1
163,136947,771,137718,0.897613,1
164,121580,911,122491,0.908416,1
165,94698,694,95392,0.927718,1
166,88930,630,89560,0.931928,1
167,97662,986,98648,0.925564,1
168,106817,655,107472,0.918952,1
169,93849,745,94594,0.928336,1
170,91726,770,92496,0.929884,1
171,131131,1272,132403,0.901682,1
172,95797,924,96721,0.926919,1
173,98148,941,99089,0.925212,1
174,94199,699,94898,0.928081,1
175,138113,1251,139364,0.896800,1
176,118289,1251,119540,0.910751,1
177,121731,971,122702,0.908309,1
179,132419,1263,133682,0.900779,2
180,270627,1018,271645,0.810321,1
181,129124,976,130100,0.903092,1
182,128391,3298,131689,0.903608,1
183,209075,1483,210558,0.849068,1
184,128104,1031,129135,0.903810,1
185,118927,1008,119935,0.910298,1
186,123426,1165,124591,0.907110,1
187,150448,1010,151458,0.888258,1
188,88826,799,89625,0.932004,1
189,101835,715,102550,0.922543,1
190,90460,673,91133,0.930809,1
191,97619,704,98323,0.925596,1
192,93894,1400,95294,0.928303,1
193,139769,746,140515,0.895647,1
194,110432,1353,111785,0.916358,1
195,95970,847,96817,0.926793,1
196,136788,892,137680,0.897724,1
197,102037,746,102783,0.922397,1
198,79555,1079,80634,0.938822,1
199,109232,977,110209,0.917218,1
201,112066,855,112921,0.915188,2
202,84497,643,85140,0.935180,1
203,80801,782,81583,0.937902,1
204,110119,682,110801,0.916582,1
205,116457,640,117097,0.912055,1
206,91282,850,92132,0.930208,1
207,77923,615,78538,0.940029,1
208,113403,771,114174,0.914233,1
209,150429,1351,151780,0.888271,1
210,194240,1101,195341,0.858768,1
211,164618,1630,166248,0.878574,1
212,158804,1118,159922,0.882531,1
213,132628,929,133557,0.900633,1
214,142546,776,143322,0.893718,1
215,116672,1165,117837,0.911902,1
216,98968,1023,99991,0.924617,1
217,154690,985,155675,0.885345,1
218,86687,689,87376,0.933571,1
220,118892,757,119649,0.910323,2
221,119275,849,120124,0.910051,1
222,112510,820,113330,0.914871,1
223,80770,693,81463,0.937925,1
224,91640,787,92427,0.929947,1
225,88532,1080,89612,0.932219,1
226,90996,787,91783,0.930417,1
227,106861,813,107674,0.918920,1
228,135493,859,136352,0.898628,1
229,164176,1499,165675,0.878874,1
230,122882,866,123748,0.907494,1
231,109156,1125,110281,0.917272,1
232,121435,929,122364,0.908519,1
233,104960,933,105893,0.920288,1
234,101515,873,102388,0.922774,1
235,124008,1229,125237,0.906698,1
236,79333,1024,80357,0.938986,1
237,86486,736,87222,0.933719,1
238,81918,618,82536,0.937078,1
239,76992,559,77551,0.940718,1
240,142067,1501,143568,0.894051,1
241,163959,1013,164972,0.879021,1
242,159348,1588,160936,0.882160,1
243,199810,1558,201368,0.855109,1
244,115831,909,116740,0.912501,1
245,96360,632,96992,0.926510,1
246,91961,828,92789,0.929713,1
247,145090,1174,146264,0.891956,1
248,260539,1092,261631,0.816509,1
249,176529,1071,177600,0.870540,1
250,202444,1019,203463,0.853386,1
251,218652,1372,220024,0.842881,1
252,153925,1192,155117,0.885869,1
253,121357,1077,122434,0.908574,1
254,95889,898,96787,0.926852,1
255,213022,1399,214421,0.846511,1
256,154516,1522,156038,0.885464,1
257,141560,1021,142581,0.894402,1
258,158256,1403,159659,0.882905,1
259,127874,953,128827,0.903971,1
260,220890,1043,221933,0.841444,1
261,104270,985,105255,0.920786,1
262,112197,698,112895,0.915095,1
263,98219,584,98803,0.925160,1
264,176687,1031,177718,0.870434,1
265,169610,1050,170660,0.875195,1
266,118780,1036,119816,0.910403,1
267,87480,1113,88593,0.932990,1
268,149319,1645,150964,0.889035,1
269,107877,1019,108896,0.918190,1
270,113159,1130,114289,0.914407,1
271,130837,1593,132430,0.901889,1
272,96247,1020,97267,0.926592,1
273,111108,977,112085,0.915874,1
274,112291,727,113018,0.915027,1
275,90387,773,91160,0.930862,1
276,139495,1624,141119,0.895838,1
277,123197,913,124110,0.907272,1
278,94277,804,95081,0.928025,1
279,94871,663,95534,0.927592,1
280,153450,826,154276,0.886195,1
281,151242,772,152014,0.887712,1
282,122812,675,123487,0.907544,1
283,170598,1434,172032,0.874528,1
284,148389,1320,149709,0.889677,1
285,112632,753,113385,0.914784,1
286,134019,694,134713,0.899659,1
287,107233,1016,108249,0.918653,1
288,94349,690,95039,0.927972,1
289,98425,870,99295,0.925011,1
290,96871,801,97672,0.926138,1
291,120788,725,121513,0.908977,1
292,98415,584,98999,0.925018,1
293,98579,1016,99595,0.924899,1
294,119433,1035,120468,0.909939,1
295,192645,1527,194172,0.859820,1
296,180371,1706,182077,0.867968,1
298,168886,1048,169934,0.875684,2
299,132497,1024,133521,0.900724,1
300,139172,1034,140206,0.896063,1
301,81877,689,82566,0.937108,1
302,107200,1007,108207,0.918677,1
303,126033,784,126817,0.905269,1
304,160459,1027,161486,0.881402,1
305,157788,929,158717,0.883225,1
306,177388,1076,178464,0.869964,1
307,123796,946,124742,0.906848,1
308,118382,780,119162,0.910685,1
309,155432,905,156337,0.884836,1
310,152682,863,153545,0.886722,1
311,89025,683,89708,0.931858,1
312,135254,1781,137035,0.898795,1
313,103712,846,104558,0.921188,1
314,116133,1173,117306,0.912285,1
315,116027,904,116931,0.912361,1
316,103671,828,104499,0.921217,1
317,122939,756,123695,0.907454,1
318,86481,613,87094,0.933722,1
319,123338,1602,124940,0.907172,1
320,198116,772,198888,0.856220,1
321,95273,778,96051,0.927300,1
322,86768,999,87767,0.933512,1
323,102907,840,103747,0.921769,1
324,126151,1112,127263,0.905185,1
325,212748,1549,214297,0.846688,1
326,153518,997,154515,0.886148,1
327,155151,870,156021,0.885029,1
328,104887,1045,105932,0.920341,1
329,145681,1061,146742,0.891547,1
330,115013,1062,116075,0.913084,1
331,115788,1132,116920,0.912531,1
332,119643,937,120580,0.909790,1
333,81196,706,81902,0.937610,1
334,78221,586,78807,0.939808,1
335,89162,540,89702,0.931758,1
336,70245,561,70806,0.945732,1
338,81253,533,81786,0.937568,2
339,68432,547,68979,0.947086,1
340,76075,535,76610,0.941397,1
341,79974,1115,81089,0.938512,1
342,98152,912,99064,0.925209,1
343,95817,850,96667,0.926904,1
344,76092,606,76698,0.941385,1
345,81102,719,81821,0.937680,1
346,73052,739,73791,0.943642,1
347,104965,735,105700,0.920285,1
348,85692,620,86312,0.934302,1
349,61076,562,61638,0.952601,1
350,71210,539,71749,0.945013,1
351,72793,546,73339,0.943835,1
352,84407,551,84958,0.935246,1
353,62137,534,62671,0.951803,1
354,64239,466,64705,0.950225,1
355,62232,490,62722,0.951732,1
356,72221,718,72939,0.944260,1
357,84782,574,85356,0.934970,1
358,71407,969,72376,0.944866,1
359,83823,841,84664,0.935675,1
360,110003,858,110861,0.916665,1
361,119634,1153,120787,0.909796,1
362,178720,1551,180271,0.869072,1
363,134625,1046,135671,0.899235,1
364,115566,695,116261,0.912689,1
365,113651,1095,114746,0.914056,1
366,155674,830,156504,0.884671,1
367,146495,1320,147815,0.890984,1
368,149198,1148,150346,0.889119,1
369,104008,784,104792,0.920974,1
370,96475,744,97219,0.926426,1
371,86196,722,86918,0.933932,1
372,111749,847,112596,0.915415,1
373,94017,714,94731,0.928214,1
374,76432,585,77017,0.941133,1
375,74006,760,74766,0.942933,1
376,75019,621,75640,0.942181,1
377,74545,729,75274,0.942533,1
378,66715,747,67462,0.948369,1
379,67455,646,68101,0.947816,1
380,65161,693,65854,0.949533,1
381,66027,716,66743,0.948884,1
382,107609,1128,108737,0.918383,1
383,93088,906,93994,0.928891,1
384,83326,716,84042,0.936041,1
385,73102,631,73733,0.943605,1
387,73785,675,74460,0.943097,2
388,75634,688,76322,0.941724,1
389,78930,693,79623,0.939284,1
390,73815,725,74540,0.943075,1
391,82934,624,83558,0.936330,1
392,70378,573,70951,0.945633,1
393,63573,496,64069,0.950724,1
394,60764,512,61276,0.952836,1
395,77068,553,77621,0.940662,1
396,66142,539,66681,0.948798,1
397,57085,531,57616,0.955611,1
398,145849,1861,147710,0.891431,1
399,93354,806,94160,0.928697,1
400,101010,752,101762,0.923139,1
401,109654,906,110560,0.916915,1
402,101771,773,102544,0.922589,1
403,114988,1554,116542,0.913101,1
404,152285,969,153254,0.886995,1
405,87925,998,88923,0.932664,1
406,73796,745,74541,0.943089,1
407,124952,955,125907,0.906031,1
408,121246,667,121913,0.908653,1
409,94359,757,95116,0.927965,1
410,76309,629,76938,0.941224,1
411,81694,632,82326,0.937243,1
412,141517,693,142210,0.894432,1
413,95849,955,96804,0.926881,1
414,150936,4649,155585,0.887922,1
415,120777,889,121666,0.908985,1
416,124482,807,125289,0.906363,1
417,107177,1023,108200,0.918693,1
418,101442,761,102203,0.922827,1
419,101207,778,101985,0.922997,1
420,96502,905,97407,0.926406,1
421,111108,603,111711,0.915874,1
422,96490,869,97359,0.926415,1
423,85334,780,86114,0.934564,1
424,54122,746,54868,0.957853,1
425,65073,754,65827,0.949599,1
426,65866,610,66476,0.949005,1
427,61231,716,61947,0.952485,1
428,63141,665,63806,0.951049,1
429,95634,781,96415,0.927037,1
430,76189,657,76846,0.941313,1
431,66849,935,67784,0.948269,1
432,81920,868,82788,0.937077,1
433,192446,945,193391,0.859951,1
434,240146,916,241062,0.829210,1
435,218725,1656,220381,0.842834,1
436,120078,1091,121169,0.909481,1
437,84429,935,85364,0.935230,1
438,154107,1360,155467,0.885744,1
439,125838,1106,126944,0.905406,1
440,171815,972,172787,0.873708,1
441,145312,1064,146376,0.891802,1
442,125041,785,125826,0.905969,1
443,93923,491,94414,0.928282,1
444,124200,672,124872,0.906563,1
445,86828,485,87313,0.933468,1
446,76920,803,77723,0.940771,1
447,105191,1040,106231,0.920122,1
448,160541,1121,161662,0.881346,1
449,97983,865,98848,0.925331,1
450,105991,970,106961,0.919546,1
451,88220,771,88991,0.932448,1
452,93455,845,94300,0.928623,1
453,107090,749,107839,0.918756,1
454,91894,766,92660,0.929761,1
455,69443,677,70120,0.946331,1
456,75739,719,76458,0.941647,1
457,77568,709,78277,0.940291,1
458,68753,710,69463,0.946846,1
459,70248,604,70852,0.945730,1
460,71604,529,72133,0.944720,1
461,74178,588,74766,0.942805,1
462,81401,1013,82414,0.937459,1
463,82482,780,83262,0.936662,1
464,121804,696,122500,0.908257,1
465,133006,1009,134015,0.900368,1
466,124642,842,125484,0.906250,1
467,189745,3075,192820,0.861736,1
468,148718,984,149702,0.889450,1
469,183854,1087,184941,0.865646,1
470,153529,13472,167001,0.886141,1
471,195464,1391,196855,0.857962,1
472,97495,984,98479,0.925686,1
473,80393,792,81185,0.938203,1
474,116945,754,117699,0.911707,1
475,78856,684,79540,0.939338,1
476,114825,1112,115937,0.913218,1
477,87890,775,88665,0.932689,1
478,156035,680,156715,0.884423,1
479,119031,1009,120040,0.910224,1
480,101571,672,102243,0.922734,1
481,70238,626,70864,0.945738,1
482,70995,652,71647,0.945173,1
483,83327,592,83919,0.936040,1
484,132146,774,132920,0.900970,1
485,112761,1050,113811,0.914691,1
486,107127,899,108026,0.918729,1
487,171688,1257,172945,0.873794,1
488,95997,773,96770,0.926773,1
489,79260,950,80210,0.939040,1
490,94932,959,95891,0.927548,1
491,100087,959,101046,0.923807,1
492,92337,962,93299,0.929438,1
493,84207,773,84980,0.935393,1
494,70982,683,71665,0.945183,1
495,103870,566,104436,0.921074,1
496,96573,817,97390,0.926355,1
497,119947,804,120751,0.909574,1
498,212728,867,213595,0.846701,1
499,110136,771,110907,0.916570,1
500,137667,1237,138904,0.897111,1
501,116506,909,117415,0.912020,1
502,103629,978,104607,0.921248,1
503,162210,1637,163847,0.880210,1
504,112106,1058,113164,0.915160,1
505,133942,953,134895,0.899713,1
506,186924,982,187906,0.863605,1
507,141298,871,142169,0.894584,1
508,96106,598,96704,0.926694,1
509,84900,3371,88271,0.934883,1
510,130587,916,131503,0.902064,1
511,80142,592,80734,0.938388,1
512,92319,805,93124,0.929451,1
513,86627,709,87336,0.933615,1
514,145796,940,146736,0.891467,1
515,100972,1075,102047,0.923167,1
516,111917,830,112747,0.915295,1
517,119431,935,120366,0.909940,1
518,92225,558,92783,0.929520,1
519,83243,566,83809,0.936102,1
520,93800,980,94780,0.928372,1
521,96708,729,97437,0.926257,1
522,95156,771,95927,0.927385,1
523,115536,878,116414,0.912711,1
524,86323,622,86945,0.933838,1
525,89150,1036,90186,0.931767,1
526,126272,1079,127351,0.905100,1
527,97869,904,98773,0.925414,1
528,151263,1118,152381,0.887697,1
529,181192,977,182169,0.867420,1
530,159204,977,160181,0.882258,1
531,226357,1582,227939,0.837947,1
532,117884,1052,118936,0.911039,1
533,140004,955,140959,0.895484,1
534,153377,647,154024,0.886245,1
535,88124,626,88750,0.932518,1
536,83473,561,84034,0.935933,1
537,79937,575,80512,0.938540,1
538,89854,719,90573,0.931252,1
539,91680,716,92396,0.929918,1
540,75241,697,75938,0.942016,1
541,66517,693,67210,0.948518,1
542,64250,648,64898,0.950216,1
543,113689,568,114257,0.914028,1
544,58493,636,59129,0.954548,1
545,64717,936,65653,0.949866,1
546,114693,871,115564,0.913312,1
547,75912,635,76547,0.941518,1
548,68145,534,68679,0.947300,1
549,70624,509,71133,0.945450,1
550,75069,505,75574,0.942144,1
551,74445,555,75000,0.942607,1
552,64630,507,65137,0.949931,1
553,65746,532,66278,0.949095,1
554,87569,640,88209,0.932925,1
555,60987,682,61669,0.952668,1
556,60212,617,60829,0.953252,1
557,63126,650,63776,0.951060,1
558,100427,592,101019,0.923561,1
559,57097,547,57644,0.955602,1
560,61515,508,62023,0.952271,1
561,66563,473,67036,0.948483,1
562,63008,548,63556,0.951149,1
563,66769,513,67282,0.948329,1
564,57999,499,58498,0.954921,1
565,75859,542,76401,0.941558,1
566,68620,477,69097,0.946945,1
567,62485,509,62994,0.951542,1
568,69268,479,69747,0.946461,1
569,68904,487,69391,0.946733,1
570,67945,515,68460,0.947449,1
571,75587,981,76568,0.941759,1
572,74341,741,75082,0.942684,1
573,177939,1417,179356,0.869595,1
574,147515,1392,148907,0.890280,1
575,153407,1532,154939,0.886224,1
576,186476,1603,188079,0.863903,1
577,109797,1073,110870,0.916813,1
578,136046,1333,137379,0.898242,1
579,180433,953,181386,0.867927,1
580,102514,812,103326,0.922052,1
581,83513,664,84177,0.935903,1
582,88862,1049,89911,0.931977,1
583,84542,830,85372,0.935146,1
584,107407,20527,127934,0.918528,1
585,88618,735,89353,0.932156,1
586,90450,849,91299,0.930816,1
587,91658,640,92298,0.929934,1
588,67318,662,67980,0.947918,1
589,60820,669,61489,0.952794,1
590,73981,696,74677,0.942951,1
591,72376,669,73045,0.944145,1
592,112064,859,112923,0.915190,1
593,110175,852,111027,0.916542,1
594,144321,693,145014,0.892488,1
595,80808,2960,83768,0.937897,1
596,86042,940,86982,0.934045,1
597,86222,764,86986,0.933912,1
598,81026,780,81806,0.937736,1
599,81810,801,82611,0.937158,1
600,84360,593,84953,0.935280,1
601,69592,538,70130,0.946219,1
602,69427,480,69907,0.946343,1
603,71490,538,72028,0.944804,1
604,66598,493,67091,0.948457,1
605,69905,674,70579,0.945986,1
606,92688,767,93455,0.929182,1
607,67982,644,68626,0.947422,1
608,95153,746,95899,0.927387,1
609,96507,913,97420,0.926403,1
610,118675,1017,119692,0.910477,1
611,131861,1543,133404,0.901170,1
612,119272,874,120146,0.910053,1
613,117904,942,118846,0.911025,1
614,131179,1079,132258,0.901649,1
615,190681,1082,191763,0.861117,1
616,150220,1032,151252,0.888415,1
617,151652,1071,152723,0.887430,1
618,120859,930,121789,0.908927,1
619,93114,999,94113,0.928872,1
620,92140,633,92773,0.929582,1
621,165266,978,166244,0.878135,1
622,154600,839,155439,0.885406,1
623,123618,691,124309,0.906974,1
624,82363,629,82992,0.936750,1
625,92132,929,93061,0.929588,1
626,116652,930,117582,0.911916,1
627,87071,702,87773,0.933290,1
628,173704,903,174607,0.872437,1
629,109239,1399,110638,0.917213,1
630,103442,1033,104475,0.921383,1
631,96417,1000,97417,0.926468,1
632,96628,676,97304,0.926315,1
633,89917,484,90401,0.931206,1
634,85541,522,86063,0.934412,1
635,124915,445,125360,0.906058,1
636,67380,495,67875,0.947872,1
637,80792,484,81276,0.937908,1
638,78564,506,79070,0.939554,1
639,125013,477,125490,0.905988,1
640,108926,703,109629,0.917437,1
641,75994,959,76953,0.941457,1
642,97134,630,97764,0.925948,1
643,145846,1800,147646,0.891433,1
644,89921,844,90765,0.931203,1
645,97959,614,98573,0.925349,1
646,114625,1050,115675,0.913360,1
647,136239,1232,137471,0.898107,1
648,124204,837,125041,0.906560,1
649,165394,1042,166436,0.878048,1
650,103101,949,104050,0.921629,1
651,114963,1060,116023,0.913119,1
652,105886,662,106548,0.919622,1
653,103867,1026,104893,0.921076,1
654,124122,854,124976,0.906618,1
655,77191,585,77776,0.940570,1
656,99694,900,100594,0.924091,1
657,89257,878,90135,0.931688,1
658,88820,653,89473,0.932008,1
659,76857,523,77380,0.940818,1
660,71515,476,71991,0.944786,1
661,66350,510,66860,0.948643,1
662,65560,457,66017,0.949234,1
663,76874,633,77507,0.940805,1
664,65701,578,66279,0.949129,1
665,66476,653,67129,0.948548,1
666,64169,655,64824,0.950277,1
667,81151,1020,82171,0.937644,1
668,97847,815,98662,0.925430,1
669,88877,874,89751,0.931966,1
670,68840,737,69577,0.946781,1
671,92367,884,93251,0.929416,1
672,71769,755,72524,0.944597,1
673,58538,715,59253,0.954514,1
674,56125,681,56806,0.956337,1
675,131192,638,131830,0.901639,1
676,76815,69955,146770,0.940849,1
677,137223,1020,138243,0.897421,1
678,136197,926,137123,0.898137,1
679,119631,937,120568,0.909798,1
680,83084,943,84027,0.936219,1
681,99431,941,100372,0.924282,1
682,117933,1026,118959,0.911004,1
683,116510,754,117264,0.912017,1
684,85714,615,86329,0.934285,1
685,87051,787,87838,0.933304,1
686,123026,670,123696,0.907393,1
687,96668,938,97606,0.926286,1
688,132913,588,133501,0.900433,1
689,70511,663,71174,0.945534,1
690,87379,1122,88501,0.933064,1
691,95918,834,96752,0.926831,1
692,126077,597,126674,0.905238,1
693,111806,1315,113121,0.915374,1
694,161438,1264,162702,0.880735,1
695,135538,821,136359,0.898597,1
696,97184,701,97885,0.925911,1
697,99628,530,100158,0.924139,1
698,119042,992,120034,0.910216,1
699,82619,850,83469,0.936561,1
700,96240,728,96968,0.926597,1
701,90120,998,91118,0.931057,1
702,99778,873,100651,0.924031,1
703,78174,557,78731,0.939843,1
704,112238,538,112776,0.915065,1
705,82495,651,83146,0.936653,1
706,78899,879,79778,0.939307,1
707,83662,771,84433,0.935794,1
708,94982,1394,96376,0.927511,1
709,82463,830,83293,0.936676,1
710,73948,581,74529,0.942976,1
711,67225,801,68026,0.947988,1
712,59163,712,59875,0.954042,1
713,137352,897,138249,0.897331,1
714,98616,738,99354,0.924872,1
715,163459,1134,164593,0.879361,1
716,204944,887,205831,0.851754,1
717,98618,876,99494,0.924871,1
718,91313,990,92303,0.930186,1
719,137117,893,138010,0.897495,1
720,114538,1062,115600,0.913422,1
721,172562,1462,174024,0.873205,1
722,129925,1077,131002,0.902529,1
723,82088,682,82770,0.936953,1
724,75160,507,75667,0.942076,1
725,94442,706,95148,0.927904,1
726,71532,627,72159,0.944773,1
727,87558,683,88241,0.932933,1
728,87825,605,88430,0.932737,1
729,85809,609,86418,0.934216,1
730,70461,564,71025,0.945571,1
731,93898,1066,94964,0.928300,1
732,118455,851,119306,0.910633,1
733,91815,786,92601,0.929819,1
734,119087,817,119904,0.910184,1
735,130188,1083,131271,0.902344,1
736,151067,1129,152196,0.887832,1
737,115804,1098,116902,0.912520,1
738,99008,981,99989,0.924588,1
739,99098,932,100030,0.924523,1
740,68226,540,68766,0.947239,1
741,74537,665,75202,0.942539,1
742,85692,527,86219,0.934302,1
743,69995,484,70479,0.945919,1
744,74772,492,75264,0.942364,1
745,89901,900,90801,0.931217,1
746,89233,799,90032,0.931706,1
747,129601,776,130377,0.902757,1
748,94882,912,95794,0.927584,1
749,127347,896,128243,0.904342,1
750,104058,954,105012,0.920938,1
751,115254,706,115960,0.912912,1
752,88409,646,89055,0.932309,1
753,169549,942,170491,0.875236,1
754,148886,1120,150006,0.889334,1
755,154686,1004,155690,0.885347,1
756,168212,816,169028,0.876140,1
757,150889,913,151802,0.887955,1
758,117381,860,118241,0.911397,1
759,90721,865,91586,0.930618,1
760,107715,869,108584,0.918307,1
761,101120,1002,102122,0.923060,1
762,113996,935,114931,0.913809,1
763,108650,972,109622,0.917635,1
764,120647,1030,121677,0.909077,1
765,100771,1066,101837,0.923312,1
766,136057,1017,137074,0.898234,1
767,144184,1451,145635,0.892583,1
768,88054,826,88880,0.932569,1
769,122957,899,123856,0.907441,1
770,132007,892,132899,0.901068,1
771,128497,1030,129527,0.903533,1
772,126329,1095,127424,0.905060,1
773,112454,780,113234,0.914911,1
774,117370,1077,118447,0.911405,1
775,131533,921,132454,0.901400,1
776,110196,13748,123944,0.916527,1
777,139899,735,140634,0.895557,1
778,102806,884,103690,0.921842,1
779,87742,952,88694,0.932798,1
780,91189,634,91823,0.930276,1
781,94964,844,95808,0.927525,1
782,96523,8321,104844,0.926391,1
783,108243,1023,109266,0.917928,1
784,118396,652,119048,0.910675,1
785,105809,812,106621,0.919677,1
786,125144,969,126113,0.905896,1
787,191580,1620,193200,0.860523,1
788,138846,896,139742,0.896290,1
789,226279,2226,228505,0.837996,1
790,134152,1606,135758,0.899566,1
791,96760,858,97618,0.926219,1
792,84073,589,84662,0.935491,1
793,100372,625,100997,0.923601,1
794,67856,572,68428,0.947516,1
795,70791,665,71456,0.945325,1
796,78980,539,79519,0.939247,1
797,82617,911,83528,0.936563,1
798,81000,787,81787,0.937755,1
799,91679,650,92329,0.929918,1
800,71429,501,71930,0.944850,1
801,74972,522,75494,0.942216,1
802,75648,839,76487,0.941714,1
803,90014,759,90773,0.931135,1
804,72044,733,72777,0.944392,1
805,64481,725,65206,0.950043,1
806,68980,659,69639,0.946676,1
807,67727,657,68384,0.947612,1
808,120105,522,120627,0.909462,1
809,102010,773,102783,0.922416,1
810,132471,783,133254,0.900743,1
811,135747,829,136576,0.898451,1
812,145688,728,146416,0.891542,1
813,137073,1071,138144,0.897525,1
814,138083,1149,139232,0.896821,1
815,101181,1023,102204,0.923016,1
816,127521,799,128320,0.904220,1
817,104238,975,105213,0.920809,1
818,86654,783,87437,0.933595,1
819,80267,689,80956,0.938296,1
820,97015,630,97645,0.926034,1
822,161913,872,162785,0.880412,2
823,104735,855,105590,0.920451,1
824,83969,821,84790,0.935568,1
825,128760,1095,129855,0.903348,1
826,79137,685,79822,0.939131,1
827,142472,891,143363,0.893769,1
828,115749,1021,116770,0.912559,1
829,103350,936,104286,0.921449,1
830,105554,955,106509,0.919861,1
831,117865,757,118622,0.911053,1
832,87801,832,88633,0.932755,1
833,99668,12457,112125,0.924110,1
834,88725,1142,89867,0.932078,1
835,104211,4182,108393,0.920828,1
836,77195,773,77968,0.940567,1
837,71712,623,72335,0.944639,1
838,99357,612,99969,0.924336,1
839,90145,822,90967,0.931039,1
840,82563,627,83190,0.936603,1
841,63442,494,63936,0.950823,1
842,59442,479,59921,0.953832,1
843,68092,482,68574,0.947340,1
844,89691,527,90218,0.931371,1
845,104832,937,105769,0.920381,1
846,89620,887,90507,0.931423,1
847,176240,1514,177754,0.870733,1
848,176048,1010,177058,0.870862,1
849,155185,3879,159064,0.885005,1
850,125096,841,125937,0.905930,1
851,156465,1388,157853,0.884129,1
852,90539,793,91332,0.930751,1
853,135022,989,136011,0.898957,1
854,93305,696,94001,0.928733,1
855,60787,585,61372,0.952819,1
856,112244,798,113042,0.915061,1
857,70524,651,71175,0.945524,1
858,64520,586,65106,0.950014,1
859,72660,494,73154,0.943934,1
860,63664,563,64227,0.950656,1
861,61928,549,62477,0.951960,1
862,99045,512,99557,0.924562,1
863,86403,478,86881,0.933780,1
864,66816,521,67337,0.948294,1
865,79232,1081,80313,0.939060,1
866,122282,616,122898,0.907919,1
867,59236,658,59894,0.953987,1
868,61385,598,61983,0.952369,1
869,67243,541,67784,0.947974,1
870,88580,535,89115,0.932184,1
871,84781,678,85459,0.934971,1
872,69222,611,69833,0.946496,1
873,107783,668,108451,0.918258,1
874,66545,550,67095,0.948497,1
875,57538,484,58022,0.955269,1
876,64823,533,65356,0.949787,1
877,79306,1094,80400,0.939006,1
878,77093,751,77844,0.940643,1
879,75660,808,76468,0.941705,1
880,69464,683,70147,0.946315,1
881,80324,741,81065,0.938254,1
882,81735,998,82733,0.937213,1
883,144459,809,145268,0.892392,1
884,95544,1040,96584,0.927103,1
885,101769,761,102530,0.922591,1
886,68253,582,68835,0.947219,1
887,58570,525,59095,0.954490,1
888,97997,1360,99357,0.925321,1
889,82122,717,82839,0.936928,1
890,62389,635,63024,0.951614,1
891,93155,771,93926,0.928842,1
892,85893,789,86682,0.934154,1
893,110000,973,110973,0.916667,1
894,106117,840,106957,0.919456,1
895,145681,915,146596,0.891547,1
896,141994,782,142776,0.894101,1
897,112008,1135,113143,0.915230,1
898,100996,780,101776,0.923149,1
899,76569,547,77116,0.941031,1
900,84700,525,85225,0.935030,1
901,96454,710,97164,0.926441,1
902,70597,647,71244,0.945470,1
903,80452,1005,81457,0.938159,1
904,74891,752,75643,0.942276,1
905,62539,616,63155,0.951501,1
906,74225,552,74777,0.942770,1
907,68797,505,69302,0.946813,1
908,78012,498,78510,0.939963,1
909,69286,525,69811,0.946448,1
910,68947,488,69435,0.946701,1
911,74055,467,74522,0.942896,1
912,73326,500,73826,0.943438,1
913,75370,503,75873,0.941920,1
914,68590,509,69099,0.946968,1
915,68129,523,68652,0.947312,1
916,79093,512,79605,0.939163,1
917,66815,506,67321,0.948295,1
918,46977,546,47523,0.963287,1
919,63913,546,64459,0.950469,1
920,79955,748,80703,0.938526,1
921,73898,771,74669,0.943013,1
922,81887,979,82866,0.937101,1
923,75060,715,75775,0.942150,1
924,64478,737,65215,0.950045,1
925,130137,1005,131142,0.902380,1
926,127052,924,127976,0.904550,1
927,93288,880,94168,0.928745,1
928,95014,884,95898,0.927488,1
929,83084,864,83948,0.936219,1
930,127818,983,128801,0.904011,1
931,153410,1007,154417,0.886222,1
932,114744,922,115666,0.913275,1
933,98815,898,99713,0.924728,1
934,147270,946,148216,0.890449,1
935,112665,11738,124403,0.914760,1
936,82049,719,82768,0.936981,1
937,85978,650,86628,0.934092,1
938,104728,878,105606,0.920456,1
939,163802,1060,164862,0.879128,1
940,120861,823,121684,0.908926,1
941,93978,603,94581,0.928242,1
942,111430,773,112203,0.915643,1
943,95313,718,96031,0.927271,1
944,101994,602,102596,0.922428,1
945,71827,522,72349,0.944554,1
946,104572,515,105087,0.920568,1
947,95186,624,95810,0.927363,1
948,70486,548,71034,0.945553,1
949,83472,538,84010,0.935933,1
950,63561,508,64069,0.950733,1
951,102893,505,103398,0.921779,1
952,63214,465,63679,0.950994,1
953,77704,476,78180,0.940191,1
954,77751,480,78231,0.940156,1
955,100896,1061,101957,0.923222,1
956,88284,742,89026,0.932401,1
957,86440,618,87058,0.933752,1
958,76294,599,76893,0.941235,1
959,84740,559,85299,0.935001,1
960,66955,495,67450,0.948190,1
961,71237,492,71729,0.944993,1
962,75566,473,76039,0.941775,1
963,105818,742,106560,0.919671,1
964,105026,881,105907,0.920241,1
965,171075,1411,172486,0.874207,1
966,99991,946,100937,0.923876,1
967,130758,838,131596,0.901944,1
968,111204,846,112050,0.915805,1
969,131901,923,132824,0.901142,1
970,129271,922,130193,0.902989,1
971,138236,926,139162,0.896715,1
972,112003,789,112792,0.915233,1
973,85878,757,86635,0.934165,1
974,91836,997,92833,0.929804,1
975,82591,739,83330,0.936582,1
976,84035,749,84784,0.935519,1
977,60853,646,61499,0.952769,1
978,64857,608,65465,0.949761,1
979,78467,962,79429,0.939626,1
980,72744,801,73545,0.943871,1
981,58681,688,59369,0.954406,1
982,63761,921,64682,0.950583,1
983,75579,675,76254,0.941765,1
984,117119,787,117906,0.911583,1
985,100598,692,101290,0.923437,1
986,80317,784,81101,0.938259,1
987,87229,743,87972,0.933174,1
988,72302,655,72957,0.944200,1
989,102107,654,102761,0.922346,1
990,118850,585,119435,0.910353,1
991,80417,1105,81522,0.938185,1
992,94964,825,95789,0.927525,1
993,70236,584,70820,0.945739,1
994,65302,559,65861,0.949428,1
995,65869,550,66419,0.949003,1
996,69999,952,70951,0.945916,1
997,80386,756,81142,0.938208,1
998,83358,685,84043,0.936017,1
999,79374,985,80359,0.938956,1
1000,89787,775,90562,0.931301,1
1001,110611,987,111598,0.916230,1
1002,114312,871,115183,0.913584,1
1003,151707,1051,152758,0.887392,1
1004,113607,960,114567,0.914087,1
1005,95130,935,96065,0.927404,1
1006,152076,960,153036,0.887138,1
1007,103931,902,104833,0.921030,1
1008,144492,900,145392,0.892369,1
1009,93049,875,93924,0.928919,1
1010,93878,983,94861,0.928315,1
1011,95650,657,96307,0.927026,1
1012,85356,532,85888,0.934548,1
1013,68859,489,69348,0.946767,1
1014,66568,567,67135,0.948479,1
1015,92598,978,93576,0.929248,1
1016,119622,728,120350,0.909805,1
1017,86494,572,87066,0.933713,1
1018,82922,652,83574,0.936338,1
1019,61913,645,62558,0.951972,1
1020,77668,986,78654,0.940217,1
1021,76995,806,77801,0.940716,1
1022,88424,709,89133,0.932298,1
1023,71927,563,72490,0.944479,1
1024,82023,576,82599,0.937001,1
1025,83853,1042,84895,0.935653,1
1026,71080,794,71874,0.945110,1
1027,88107,724,88831,0.932530,1
1028,131099,1036,132135,0.901705,1
1029,149184,1047,150231,0.889128,1
1030,113332,803,114135,0.914283,1
1031,104153,847,105000,0.920870,1
1032,105053,612,105665,0.920221,1
1033,69367,510,69877,0.946387,1
1034,70716,575,71291,0.945381,1
1035,84912,1041,85953,0.934874,1
1036,80247,844,81091,0.938311,1
1037,84025,623,84648,0.935527,1
1038,122161,763,122924,0.908005,1
1039,119376,711,120087,0.909979,1
1040,187301,1057,188358,0.863355,1
1041,146923,1469,148392,0.890688,1
1042,181768,1335,183103,0.867036,1
1043,87027,829,87856,0.933322,1
1044,67414,542,67956,0.947846,1
1045,102953,882,103835,0.921735,1
1046,118751,955,119706,0.910423,1
1047,121125,1312,122437,0.908739,1
1048,92061,977,93038,0.929640,1
1049,86985,642,87627,0.933353,1
1050,82939,494,83433,0.936326,1
1051,90480,636,91116,0.930794,1
1052,61799,513,62312,0.952057,1
1053,81711,1010,82721,0.937231,1
1054,120122,701,120823,0.909450,1
1055,73778,583,74361,0.943102,1
1056,77369,867,78236,0.940439,1
1057,76290,686,76976,0.941238,1
1058,89502,771,90273,0.931509,1
1059,108434,585,109019,0.917790,1
1060,87586,757,88343,0.932912,1
1061,75786,788,76574,0.941612,1
1062,72699,590,73289,0.943905,1
1063,72909,503,73412,0.943748,1
1064,67485,684,68169,0.947793,1
1065,66724,716,67440,0.948363,1
1066,70749,696,71445,0.945357,1
1067,65585,656,66241,0.949216,1
1068,107699,547,108246,0.918318,1
1070,59815,627,60442,0.953551,2
1071,59576,728,60304,0.953731,1
1072,73673,997,74670,0.943180,1
1073,110654,853,111507,0.916199,1
1074,119640,708,120348,0.909792,1
1075,90855,754,91609,0.930520,1
1076,91023,970,91993,0.930397,1
1077,145391,1016,146407,0.891747,1
1078,77293,663,77956,0.940495,1
1079,95857,963,96820,0.926875,1
1080,96086,1030,97116,0.926709,1
1081,132450,846,133296,0.900757,1
1082,96107,794,96901,0.926693,1
1083,93877,868,94745,0.928316,1
1084,82391,609,83000,0.936729,1
1085,104363,779,105142,0.920719,1
1086,74280,799,75079,0.942729,1
1087,113726,952,114678,0.914002,1
1088,84398,930,85328,0.935252,1
1089,110297,784,111081,0.916454,1
1090,88507,644,89151,0.932237,1
1091,73237,625,73862,0.943504,1
1092,80290,1061,81351,0.938279,1
1093,81243,698,81941,0.937576,1
1094,83747,673,84420,0.935731,1
1095,111094,666,111760,0.915884,1
1096,68225,694,68919,0.947240,1
1097,63501,695,64196,0.950779,1
1098,64221,690,64911,0.950238,1
1099,66155,702,66857,0.948789,1
1100,61315,663,61978,0.952422,1
1101,76788,579,77367,0.940869,1
1102,76773,570,77343,0.940880,1
1103,66257,665,66922,0.948712,1
1104,60887,641,61528,0.952744,1
1105,67578,602,68180,0.947724,1
1106,61874,925,62799,0.952001,1
1107,85857,909,86766,0.934180,1
1108,82342,743,83085,0.936766,1
1109,97177,815,97992,0.925916,1
1110,87255,761,88016,0.933155,1
1111,96716,645,97361,0.926251,1
1112,64899,549,65448,0.949730,1
1113,76265,506,76771,0.941257,1
1114,68860,517,69377,0.946766,1
1115,66883,503,67386,0.948244,1
1116,58272,10345,68617,0.954715,1
1117,59857,497,60354,0.953519,1
1118,72774,815,73589,0.943849,1
1119,106480,947,107427,0.919194,1
1120,140472,1046,141518,0.895158,1
1121,116539,685,117224,0.911996,1
1122,103175,1180,104355,0.921575,1
1123,133424,891,134315,0.900075,1
1124,88213,903,89116,0.932453,1
1125,84489,674,85163,0.935185,1
1126,103239,750,103989,0.921529,1
1127,85415,833,86248,0.934505,1
1128,101823,1010,102833,0.922552,1
1129,123604,882,124486,0.906984,1
1130,84204,600,84804,0.935395,1
1131,80434,1054,81488,0.938173,1
1132,86575,845,87420,0.933653,1
1133,80526,661,81187,0.938105,1
1134,68834,575,69409,0.946785,1
1135,103389,558,103947,0.921421,1
1136,68630,555,69185,0.946938,1
1137,81222,530,81752,0.937591,1
1138,69033,548,69581,0.946637,1
1139,73712,709,74421,0.943151,1
1140,71756,671,72427,0.944606,1
1141,61793,701,62494,0.952062,1
1142,62378,647,63025,0.951622,1
1143,57983,671,58654,0.954933,1
1144,60065,645,60710,0.953363,1
1145,59229,645,59874,0.953993,1
1146,59017,703,59720,0.954153,1
1147,58602,704,59306,0.954466,1
1148,59527,676,60203,0.953768,1
1149,69234,723,69957,0.946487,1
1150,69180,711,69891,0.946527,1
1151,78078,611,78689,0.939914,1
1152,72417,581,72998,0.944114,1
1153,74538,541,75079,0.942538,1
1154,79055,987,80042,0.939191,1
1155,74633,777,75410,0.942467,1
1156,70721,566,71287,0.945377,1
1157,73424,787,74211,0.943365,1
1158,77386,789,78175,0.940426,1
1159,77019,626,77645,0.940698,1
1160,127969,798,128767,0.903905,1
1161,123050,806,123856,0.907376,1
1162,109327,761,110088,0.917150,1
1163,157955,1456,159411,0.883111,1
1164,71509,774,72283,0.944790,1
1165,85998,1452,87450,0.934077,1
1166,128919,1063,129982,0.903236,1
1167,158330,34094,192424,0.882854,1
1168,148971,912,149883,0.889275,1
1169,137708,786,138494,0.897082,1
1170,126490,1215,127705,0.904946,1
1171,100083,854,100937,0.923810,1
1173,76351,938,77289,0.941193,2
1174,133686,893,134579,0.899892,1
1175,100947,884,101831,0.923185,1
1176,99665,727,100392,0.924112,1
1177,170490,1372,171862,0.874601,1
1178,119900,1001,120901,0.909607,1
1179,101425,828,102253,0.922839,1
1180,102251,927,103178,0.922242,1
1181,85154,583,85737,0.934697,1
1182,85318,796,86114,0.934576,1
1183,89765,989,90754,0.931317,1
1184,89325,897,90222,0.931639,1
1185,87740,744,88484,0.932799,1
1186,72477,542,73019,0.944070,1
1187,78845,504,79349,0.939347,1
1188,94994,536,95530,0.927503,1
1189,63907,681,64588,0.950474,1
1190,65779,622,66401,0.949070,1
1191,68179,679,68858,0.947275,1
1192,61497,652,62149,0.952285,1
1193,106246,809,107055,0.919363,1
1194,96132,868,97000,0.926675,1
1195,101698,1095,102793,0.922642,1
1196,125046,857,125903,0.905965,1
1197,105650,934,106584,0.919792,1
1198,76276,771,77047,0.941248,1
1199,167913,875,168788,0.876342,1
1200,93118,887,94005,0.928869,1
1201,110483,987,111470,0.916321,1
1202,90326,704,91030,0.930907,1
1203,121917,925,122842,0.908177,1
1204,152882,855,153737,0.886585,1
1205,130774,1013,131787,0.901933,1
1206,109034,1084,110118,0.917360,1
1207,88993,789,89782,0.931882,1
1208,80960,679,81639,0.937784,1
1209,71684,554,72238,0.944660,1
1211,75727,534,76261,0.941655,2
1212,75183,568,75751,0.942059,1
1213,70064,503,70567,0.945867,1
1214,77112,1041,78153,0.940629,1
1215,128109,688,128797,0.903806,1
1216,60134,530,60664,0.953311,1
1217,97988,939,98927,0.925328,1
1218,83935,827,84762,0.935593,1
1219,109489,559,110048,0.917034,1
1220,82146,1053,83199,0.936910,1
1221,100857,755,101612,0.923250,1
1222,70885,527,71412,0.945255,1
1223,56803,523,57326,0.955824,1
1224,61046,461,61507,0.952624,1
1225,81274,763,82037,0.937553,1
1226,82666,748,83414,0.936527,1
1227,80738,547,81285,0.937948,1
1228,69023,489,69512,0.946644,1
1229,118776,712,119488,0.910405,1
1230,73300,732,74032,0.943458,1
1231,104888,726,105614,0.920340,1
1232,77796,855,78651,0.940123,1
1233,99011,601,99612,0.924586,1
1234,146953,1454,148407,0.890668,1
1235,134639,836,135475,0.899225,1
1236,136382,767,137149,0.898007,1
1237,118619,872,119491,0.910517,1
1238,123647,803,124450,0.906953,1
1239,132229,605,132834,0.900912,1
1240,210433,1421,211854,0.848187,1
1241,107215,678,107893,0.918666,1
1242,108874,1008,109882,0.917475,1
1243,90662,811,91473,0.930661,1
1244,86797,724,87521,0.933491,1
1245,87561,995,88556,0.932930,1
1247,108008,526,108534,0.918096,2
1248,63527,533,64060,0.950759,1
1249,93540,543,94083,0.928561,1
1250,81178,503,81681,0.937624,1
1251,63237,483,63720,0.950977,1
1252,56384,473,56857,0.956141,1
1253,71225,482,71707,0.945002,1
1254,112908,966,113874,0.914586,1
1255,78225,752,78977,0.939805,1
1256,83205,798,84003,0.936130,1
1257,66629,689,67318,0.948434,1
1258,68379,686,69065,0.947125,1
1259,72880,660,73540,0.943770,1
1260,83946,655,84601,0.935585,1
1261,98554,560,99114,0.924917,1
1262,88169,943,89112,0.932485,1
1263,80241,765,81006,0.938315,1
1264,84415,553,84968,0.935240,1
1265,66684,506,67190,0.948393,1
1266,62568,542,63110,0.951479,1
1267,75102,532,75634,0.942119,1
1268,64149,559,64708,0.950292,1
1269,66211,510,66721,0.948747,1
1270,148899,613,149512,0.889325,1
1271,119545,550,120095,0.909859,1
1272,97381,885,98266,0.925768,1
1273,144157,980,145137,0.892601,1
1274,88936,781,89717,0.931923,1
1275,138203,1023,139226,0.896738,1
1276,92893,623,93516,0.929033,1
1277,103308,509,103817,0.921479,1
1278,91418,12659,104077,0.930109,1
1279,79064,549,79613,0.939185,1
1280,73596,582,74178,0.943238,1
1281,79994,775,80769,0.938498,1
1282,58675,728,59403,0.954411,1
1283,72697,950,73647,0.943906,1
1284,97989,751,98740,0.925327,1
1285,97027,853,97880,0.926025,1
1286,74920,607,75527,0.942254,1
1287,79359,632,79991,0.938967,1
1288,76748,577,77325,0.940899,1
1289,75583,625,76208,0.941762,1
1290,75631,591,76222,0.941727,1
1291,72258,544,72802,0.944233,1
1292,65143,555,65698,0.949547,1
1293,96681,531,97212,0.926276,1
1294,70718,541,71259,0.945380,1
1295,65629,507,66136,0.949183,1
1296,117633,963,118596,0.911218,1
1297,96800,673,97473,0.926190,1
1298,101159,1046,102205,0.923031,1
1299,105994,665,106659,0.919544,1
1300,102922,798,103720,0.921758,1
1301,85606,989,86595,0.934365,1
1302,139616,947,140563,0.895754,1
1303,86350,576,86926,0.933819,1
1304,74812,652,75464,0.942334,1
1305,64155,547,64702,0.950288,1
1306,70986,593,71579,0.945180,1
1307,68036,625,68661,0.947381,1
1308,101156,548,101704,0.923034,1
1309,67962,554,68516,0.947437,1
1310,68013,576,68589,0.947399,1
1311,110011,674,110685,0.916659,1
1312,76183,570,76753,0.941317,1
1313,70194,1002,71196,0.945770,1
1314,118786,927,119713,0.910398,1
1315,105051,896,105947,0.920223,1
1316,124677,838,125515,0.906226,1
1317,83769,1015,84784,0.935715,1
1318,91906,846,92752,0.929753,1
1319,84455,573,85028,0.935210,1
1320,83444,506,83950,0.935954,1
1321,66592,506,67098,0.948461,1
1322,95388,845,96233,0.927216,1
1323,88379,929,89308,0.932331,1
1324,86617,741,87358,0.933623,1
1325,65501,588,66089,0.949278,1
1326,77595,507,78102,0.940271,1
1327,67850,542,68392,0.947520,1
1328,96885,518,97403,0.926128,1
1329,73982,569,74551,0.942951,1
1330,86359,501,86860,0.933812,1
1331,68725,558,69283,0.946867,1
1332,81090,951,82041,0.937689,1
1333,74559,730,75289,0.942522,1
1334,77923,699,78622,0.940029,1
1335,57015,663,57678,0.955664,1
1336,61201,663,61864,0.952507,1
1337,63134,659,63793,0.951054,1
1338,61430,672,62102,0.952335,1
1339,57160,655,57815,0.955554,1
1340,54937,690,55627,0.957236,1
1341,55271,716,55987,0.956983,1
1342,77063,1019,78082,0.940665,1
1343,78436,815,79251,0.939649,1
1344,72467,620,73087,0.944077,1
1345,65880,662,66542,0.948995,1
1346,68537,620,69157,0.947007,1
1347,74169,587,74756,0.942812,1
1348,73472,571,74043,0.943330,1
1349,92894,586,93480,0.929032,1
1350,70109,545,70654,0.945834,1
1351,85667,560,86227,0.934320,1
1352,83851,533,84384,0.935655,1
1353,73889,555,74444,0.943020,1
1354,98117,484,98601,0.925234,1
1355,77069,521,77590,0.940661,1
1356,80234,981,81215,0.938320,1
1357,101850,743,102593,0.922532,1
1358,196536,959,197495,0.857257,1
1359,133125,721,133846,0.900285,1
1360,110151,950,111101,0.916559,1
1361,107310,848,108158,0.918598,1
1362,88996,942,89938,0.931879,1
1363,82141,766,82907,0.936914,1
1364,82839,612,83451,0.936399,1
1365,74342,494,74836,0.942683,1
1366,72828,486,73314,0.943809,1
1367,82922,813,83735,0.936338,1
1368,107221,765,107986,0.918662,1
1369,110696,574,111270,0.916169,1
1370,74692,911,75603,0.942423,1
1371,72953,970,73923,0.943716,1
1372,84246,821,85067,0.935364,1
1373,100209,584,100793,0.923719,1
1374,71152,606,71758,0.945056,1
1375,53908,677,54585,0.958015,1
1376,52545,644,53189,0.959049,1
1377,70214,643,70857,0.945755,1
1378,94304,553,94857,0.928005,1
1379,88455,493,88948,0.932275,1
1380,69111,449,69560,0.946578,1
1381,59177,513,59690,0.954032,1
1382,59625,477,60102,0.953694,1
1383,67764,514,68278,0.947585,1
1384,64347,520,64867,0.950144,1
1385,80885,920,81805,0.937840,1
1386,74438,762,75200,0.942612,1
1387,80108,744,80852,0.938413,1
1388,75489,699,76188,0.941832,1
1389,66436,566,67002,0.948578,1
1390,77097,688,77785,0.940640,1
1391,74758,535,75293,0.942374,1
1392,69262,479,69741,0.946466,1
1393,73936,507,74443,0.942985,1
1394,70154,518,70672,0.945800,1
1395,64121,481,64602,0.950313,1
1396,91645,950,92595,0.929943,1
1397,82966,809,83775,0.936306,1
1398,76356,557,76913,0.941189,1
1399,81463,611,82074,0.937413,1
1400,65814,587,66401,0.949044,1
1401,132482,1034,133516,0.900735,1
1403,130115,827,130942,0.902396,2
1404,103179,989,104168,0.921572,1
1405,71245,671,71916,0.944987,1
1406,83739,536,84275,0.935737,1
1407,73660,510,74170,0.943190,1
1408,69614,526,70140,0.946203,1
1409,63477,594,64071,0.950797,1
1410,59078,684,59762,0.954107,1
1411,83332,987,84319,0.936037,1
1412,87667,856,88523,0.932853,1
1413,65128,687,65815,0.949558,1
1414,80912,1039,81951,0.937820,1
1415,102957,780,103737,0.921733,1
1416,86929,523,87452,0.933394,1
1417,75038,570,75608,0.942167,1
1418,111229,742,111971,0.915787,1
1419,80793,594,81387,0.937908,1
1420,105842,542,106384,0.919653,1
1421,72604,543,73147,0.943975,1
1422,74827,486,75313,0.942323,1
1423,89658,620,90278,0.931395,1
1424,62451,668,63119,0.951567,1
1425,58793,698,59491,0.954322,1
1426,66568,668,67236,0.948479,1
1427,70935,666,71601,0.945218,1
1428,66062,610,66672,0.948858,1
1429,54193,643,54836,0.957799,1
1430,70378,641,71019,0.945633,1
1431,87661,1056,88717,0.932857,1
1432,87962,770,88732,0.932637,1
1433,85094,810,85904,0.934741,1
1434,78800,713,79513,0.939380,1
1435,78308,541,78849,0.939744,1
1436,78645,529,79174,0.939494,1
1437,65546,531,66077,0.949245,1
1438,72525,466,72991,0.944034,1
1439,56703,509,57212,0.955900,1
1440,70980,539,71519,0.945184,1
1441,61996,553,62549,0.951909,1
1442,70795,546,71341,0.945322,1
1443,83037,557,83594,0.936254,1
1445,116118,1030,117148,0.912296,2
1446,93441,838,94279,0.928633,1
1447,103816,722,104538,0.921113,1
1448,121232,918,122150,0.908663,1
1449,191721,1034,192755,0.860430,1
1450,104918,766,105684,0.920319,1
1451,86118,649,86767,0.933989,1
1452,87488,967,88455,0.932984,1
1453,103032,816,103848,0.921678,1
1454,107851,736,108587,0.918209,1
1455,87458,931,88389,0.933006,1
1456,80697,813,81510,0.937979,1
1457,80722,735,81457,0.937960,1
1458,87065,565,87630,0.933294,1
1459,70361,552,70913,0.945646,1
1460,68521,819,69340,0.947019,1
1461,76788,722,77510,0.940869,1
1462,83416,673,84089,0.935975,1
1463,76671,639,77310,0.940956,1
1464,59058,693,59751,0.954122,1
1465,56767,654,57421,0.955851,1
1466,55318,626,55944,0.956947,1
1467,56237,601,56838,0.956252,1
1468,57811,636,58447,0.955063,1
1469,65936,656,66592,0.948953,1
1470,64322,652,64974,0.950162,1
1471,63612,650,64262,0.950695,1
1472,66233,899,67132,0.948730,1
1473,120697,676,121373,0.909042,1
1474,64262,567,64829,0.950207,1
1475,79218,670,79888,0.939071,1
1476,70467,687,71154,0.945567,1
1477,55141,670,55811,0.957081,1
1478,55029,611,55640,0.957166,1
1479,55828,619,56447,0.956561,1
1480,55638,602,56240,0.956705,1
1481,50366,633,50999,0.960705,1
1482,54097,637,54734,0.957872,1
1483,54347,641,54988,0.957683,1
1484,54113,680,54793,0.957860,1
1485,64853,677,65530,0.949764,1
1486,80355,968,81323,0.938231,1
1487,109096,728,109824,0.917315,1
1488,89806,869,90675,0.931287,1
1489,130437,781,131218,0.902169,1
1490,130477,966,131443,0.902141,1
1491,153032,1019,154051,0.886482,1
1492,131507,753,132260,0.901419,1
1493,97235,872,98107,0.925874,1
1494,124057,933,124990,0.906664,1
1495,92904,780,93684,0.929025,1
1496,83600,638,84238,0.935839,1
1497,67038,500,67538,0.948128,1
1498,93930,605,94535,0.928277,1
1499,66835,573,67408,0.948280,1
1500,82802,983,83785,0.936427,1
1501,79849,802,80651,0.938605,1
1502,145266,836,146102,0.891834,1
1503,105223,853,106076,0.920099,1
1504,125930,1038,126968,0.905341,1
1505,129574,825,130399,0.902776,1
1506,138829,1425,140254,0.896301,1
1507,83922,941,84863,0.935602,1
1508,94894,884,95778,0.927575,1
1509,85724,804,86528,0.934278,1
1510,73124,610,73734,0.943588,1
1511,86094,1032,87126,0.934006,1
1512,87491,760,88251,0.932982,1
1513,102833,827,103660,0.921822,1
1514,69480,777,70257,0.946303,1
1515,76912,614,77526,0.940777,1
1516,67214,535,67749,0.947996,1
1517,100377,677,101054,0.923597,1
1518,87455,605,88060,0.933008,1
1519,75540,616,76156,0.941794,1
1520,76935,573,77508,0.940760,1
1521,57620,560,58180,0.955207,1
1522,60470,517,60987,0.953058,1
1523,70261,498,70759,0.945720,1
1524,176685,913,177598,0.870435,1
1525,99216,1036,100252,0.924438,1
1526,147182,898,148080,0.890509,1
1527,129441,891,130332,0.902869,1
1528,103193,822,104015,0.921562,1
1529,81221,907,82128,0.937592,1
1530,157831,872,158703,0.883195,1
1531,85991,777,86768,0.934082,1
1532,109908,856,110764,0.916733,1
1533,81545,622,82167,0.937353,1
1534,64944,534,65478,0.949696,1
1535,60691,515,61206,0.952891,1
1536,82836,668,83504,0.936402,1
1537,60158,576,60734,0.953293,1
1538,54603,618,55221,0.957489,1
1539,64446,665,65111,0.950069,1
1540,83114,745,83859,0.936197,1
1541,110135,550,110685,0.916571,1
1542,68355,516,68871,0.947143,1
1543,65682,549,66231,0.949143,1
1544,85576,514,86090,0.934387,1
1545,89825,484,90309,0.931273,1
1546,53999,507,54506,0.957946,1
1547,65881,511,66392,0.948994,1
1548,71761,520,72281,0.944603,1
1549,58466,677,59143,0.954568,1
1550,57288,625,57913,0.955458,1
1551,56150,627,56777,0.956318,1
1552,108278,645,108923,0.917902,1
1553,84875,982,85857,0.934902,1
1554,75221,756,75977,0.942031,1
1555,68762,558,69320,0.946839,1
1556,75972,507,76479,0.941474,1
1557,63415,520,63935,0.950843,1
1558,69842,612,70454,0.946033,1
1559,66752,522,67274,0.948342,1
1560,68389,485,68874,0.947118,1
1561,55080,584,55664,0.957128,1
1562,56346,651,56997,0.956170,1
1563,56344,690,57034,0.956171,1
1564,54799,618,55417,0.957340,1
1565,56259,665,56924,0.956235,1
1566,71529,627,72156,0.944775,1
1567,126997,979,127976,0.904589,1
1568,103449,907,104356,0.921378,1
1569,141460,844,142304,0.894472,1
1570,103689,754,104443,0.921204,1
1571,140617,957,141574,0.895058,1
1572,140212,991,141203,0.895339,1
1573,105446,953,106399,0.919938,1
1574,122649,706,123355,0.907659,1
1575,104431,897,105328,0.920670,1
1576,86026,792,86818,0.934056,1
1577,109509,794,110303,0.917019,1
1578,87339,724,88063,0.933093,1
1579,113011,913,113924,0.914513,1
1580,183993,1423,185416,0.865553,1
1581,134267,1241,135508,0.899485,1
1582,109200,975,110175,0.917241,1
1583,95249,943,96192,0.927317,1
1584,145883,1001,146884,0.891407,1
1585,127425,1007,128432,0.904288,1
1586,95678,951,96629,0.927005,1
1587,123425,908,124333,0.907110,1
1588,105396,826,106222,0.919974,1
1589,106140,822,106962,0.919439,1
1590,95228,744,95972,0.927332,1
1591,117673,992,118665,0.911189,1
1592,115625,787,116412,0.912647,1
1593,91280,710,91990,0.930210,1
1594,73993,633,74626,0.942943,1
1595,66683,954,67637,0.948393,1
1596,87826,675,88501,0.932736,1
1597,80387,616,81003,0.938207,1
1598,205864,692,206556,0.851155,1
1599,109147,647,109794,0.917279,1
1600,143973,873,144846,0.892729,1
1601,103413,1042,104455,0.921404,1
1602,114122,874,114996,0.913719,1
1603,119404,916,120320,0.909959,1
1604,125997,935,126932,0.905294,1
1605,95181,846,96027,0.927367,1
1606,89239,14693,103932,0.931702,1
1607,120180,850,121030,0.909409,1
1608,84576,810,85386,0.935121,1
1609,114834,609,115443,0.913211,1
1610,151397,522,151919,0.887605,1
1611,108087,465,108552,0.918040,1
1612,72675,454,73129,0.943922,1
1613,75803,827,76630,0.941599,1
1614,87116,772,87888,0.933257,1
1615,78890,892,79782,0.939313,1
1616,91663,637,92300,0.929930,1
1617,119080,1017,120097,0.910189,1
1618,85612,749,86361,0.934360,1
1619,94396,514,94910,0.927938,1
1620,67495,510,68005,0.947786,1
1621,73411,936,74347,0.943375,1
1622,92013,677,92690,0.929675,1
1623,78493,665,79158,0.939607,1
1624,60285,692,60977,0.953197,1
1625,57014,611,57625,0.955665,1
1626,54571,691,55262,0.957513,1
1627,56135,684,56819,0.956329,1
1628,68923,525,69448,0.946719,1
1629,81596,819,82415,0.937315,1
1630,81482,773,82255,0.937399,1
1631,70508,708,71216,0.945536,1
1632,76046,606,76652,0.941419,1
1633,97400,898,98298,0.925754,1
1634,76805,671,77476,0.940856,1
1635,105100,3131,108231,0.920188,1
1636,106802,866,107668,0.918963,1
1637,84267,830,85097,0.935349,1
1638,89727,863,90590,0.931345,1
1639,87409,860,88269,0.933042,1
1640,93371,833,94204,0.928684,1
1641,93070,769,93839,0.928904,1
1642,92986,673,93659,0.928965,1
1643,119614,601,120215,0.909810,1
1644,89875,668,90543,0.931236,1
1645,69468,726,70194,0.946312,1
1646,91415,962,92377,0.930111,1
1647,87207,760,87967,0.933190,1
1648,89312,836,90148,0.931648,1
1649,90234,837,91071,0.930974,1
1651,97850,530,98380,0.925428,2
1652,80145,533,80678,0.938386,1
1653,64130,519,64649,0.950306,1
1654,68716,513,69229,0.946873,1
1655,76342,765,77107,0.941199,1
1656,72604,600,73204,0.943975,1
1657,64269,661,64930,0.950202,1
1658,64184,655,64839,0.950266,1
1659,60899,660,61559,0.952735,1
1660,62838,640,63478,0.951276,1
1661,62939,658,63597,0.951201,1
1662,105104,639,105743,0.920185,1
1663,68283,526,68809,0.947197,1
1664,57060,575,57635,0.955630,1
1665,80957,732,81689,0.937787,1
1666,97350,599,97949,0.925791,1
1667,63110,602,63712,0.951072,1
1668,59339,645,59984,0.953910,1
1669,57277,637,57914,0.955466,1
1670,76511,619,77130,0.941074,1
1671,72812,556,73368,0.943820,1
1672,75685,522,76207,0.941687,1
1673,74613,595,75208,0.942482,1
1674,126263,1090,127353,0.905106,1
1676,89429,797,90226,0.931563,2
1677,89103,853,89956,0.931801,1
1678,90327,765,91092,0.930906,1
1679,104795,879,105674,0.920407,1
1680,111097,893,111990,0.915882,1
1681,95880,547,96427,0.926858,1
1682,122250,854,123104,0.907942,1
1683,88632,620,89252,0.932146,1
1684,83673,510,84183,0.935786,1
1685,109557,949,110506,0.916985,1
1686,84489,723,85212,0.935185,1
1687,67625,600,68225,0.947689,1
1688,75332,543,75875,0.941948,1
1689,65358,537,65895,0.949386,1
1690,51917,500,52417,0.959526,1
1691,86187,615,86802,0.933938,1
1692,70848,624,71472,0.945283,1
1693,85853,539,86392,0.934183,1
1694,57777,502,58279,0.955088,1
1695,57153,464,57617,0.955560,1
1696,84425,500,84925,0.935232,1
1697,85318,1024,86342,0.934576,1
1698,82216,818,83034,0.936858,1
1699,82646,613,83259,0.936542,1
1700,66897,696,67593,0.948233,1
1701,64977,642,65619,0.949671,1
1702,63110,571,63681,0.951072,1
1703,66843,667,67510,0.948274,1
1704,87428,818,88246,0.933028,1
1705,85637,760,86397,0.934342,1
1706,72754,632,73386,0.943864,1
1707,74506,522,75028,0.942562,1
1708,75982,750,76732,0.941466,1
1709,82406,844,83250,0.936718,1
1710,76874,613,77487,0.940805,1
1711,89031,1053,90084,0.931854,1
1712,125331,720,126051,0.905764,1
1713,87291,864,88155,0.933128,1
1714,85917,797,86714,0.934136,1
1715,124347,966,125313,0.906459,1
1716,131827,818,132645,0.901194,1
1717,168058,889,168947,0.876244,1
1718,106896,1033,107929,0.918895,1
1719,144688,978,145666,0.892234,1
1720,101091,928,102019,0.923081,1
1721,89191,631,89822,0.931737,1
1722,89812,553,90365,0.931282,1
1723,84779,1036,85815,0.934972,1
1724,85309,605,85914,0.934583,1
1725,77675,904,78579,0.940212,1
1726,90067,606,90673,0.931096,1
1727,85230,970,86200,0.934641,1
1728,70172,706,70878,0.945787,1
1729,73464,801,74265,0.943336,1
1730,102420,867,103287,0.922120,1
1731,88065,714,88779,0.932561,1
1732,87599,856,88455,0.932903,1
1733,112690,904,113594,0.914742,1
1734,122441,786,123227,0.907806,1
1735,126028,853,126881,0.905272,1
1736,92378,1401,93779,0.929408,1
1737,122053,840,122893,0.908081,1
1739,86022,985,87007,0.934059,2
1740,73365,646,74011,0.943409,1
1741,68108,583,68691,0.947328,1
1742,77220,692,77912,0.940549,1
1743,61647,599,62246,0.952172,1
1744,80769,570,81339,0.937925,1
1745,68978,677,69655,0.946678,1
1746,64120,658,64778,0.950314,1
1747,82225,1048,83273,0.936852,1
1748,76827,695,77522,0.940840,1
1749,79360,497,79857,0.938966,1
1750,56555,537,57092,0.956012,1
1751,60109,523,60632,0.953330,1
1752,70796,527,71323,0.945322,1
1753,74074,502,74576,0.942882,1
1754,100306,1024,101330,0.923648,1
1756,136648,1286,137934,0.897822,2
1757,134421,942,135363,0.899378,1
1758,125711,1341,127052,0.905496,1
1759,98893,904,99797,0.924672,1
1760,143168,993,144161,0.893287,1
1761,109761,852,110613,0.916839,1
1762,88876,735,89611,0.931967,1
1763,96185,711,96896,0.926637,1
1764,92624,966,93590,0.929229,1
1765,116703,766,117469,0.911880,1
1766,86708,612,87320,0.933556,1
1767,66751,534,67285,0.948342,1
1768,73617,530,74147,0.943222,1
1769,62596,501,63097,0.951458,1
1770,102985,531,103516,0.921712,1
1771,88836,962,89798,0.931996,1
1772,98622,812,99434,0.924868,1
1773,118381,922,119303,0.910686,1
1774,88564,777,89341,0.932196,1
1775,81181,541,81722,0.937621,1
1776,74080,668,74748,0.942878,1
1777,58654,554,59208,0.954426,1
1778,64972,521,65493,0.949675,1
1779,58612,653,59265,0.954458,1
1780,72098,539,72637,0.944352,1
1781,65869,508,66377,0.949003,1
1782,76488,1013,77501,0.941091,1
1783,126937,863,127800,0.904631,1
1784,95263,743,96006,0.927307,1
1785,80012,903,80915,0.938484,1
1786,78153,770,78923,0.939858,1
1787,101614,531,102145,0.922703,1
1788,68563,651,69214,0.946988,1
1789,84517,808,85325,0.935165,1
1790,74783,759,75542,0.942356,1
1791,80757,585,81342,0.937934,1
1792,69120,559,69679,0.946572,1
1793,116354,875,117229,0.912128,1
1794,81060,771,81831,0.937711,1
1795,86798,772,87570,0.933490,1
1796,104492,906,105398,0.920626,1
1797,112968,815,113783,0.914543,1
1798,121264,919,122183,0.908640,1
1799,132033,1456,133489,0.901050,1
1800,118172,886,119058,0.910835,1
1801,114498,721,115219,0.913451,1
1802,117687,910,118597,0.911179,1
1803,162716,1231,163947,0.879866,1
1804,104664,904,105568,0.920502,1
1805,127815,821,128636,0.904013,1
1806,136033,987,137020,0.898251,1
1807,93877,616,94493,0.928316,1
1808,87820,1026,88846,0.932741,1
1809,116768,903,117671,0.911833,1
1810,83233,824,84057,0.936109,1
1811,84183,822,85005,0.935410,1
1812,74092,769,74861,0.942869,1
1813,64326,568,64894,0.950159,1
1814,58284,601,58885,0.954706,1
1815,63598,640,64238,0.950706,1
1816,65759,749,66508,0.949085,1
1817,81353,614,81967,0.937495,1
1818,90723,971,91694,0.930617,1
1819,103215,812,104027,0.921546,1
1820,79984,617,80601,0.938505,1
1821,69414,515,69929,0.946352,1
1822,76293,467,76760,0.941236,1
1823,77808,486,78294,0.940114,1
1824,86698,526,87224,0.933563,1
1825,108132,563,108695,0.918007,1
1826,71031,627,71658,0.945146,1
1827,60439,644,61083,0.953081,1
1828,108535,534,109069,0.917718,1
1829,89731,533,90264,0.931342,1
1830,66596,530,67126,0.948458,1
1831,79639,489,80128,0.938760,1
1832,100250,997,101247,0.923689,1
1834,76701,734,77435,0.940933,2
1835,102527,887,103414,0.922043,1
1836,115411,728,116139,0.912800,1
1837,88629,562,89191,0.932148,1
1838,128884,982,129866,0.903261,1
1839,128363,894,129257,0.903627,1
1840,102356,748,103104,0.922167,1
1841,74071,663,74734,0.942885,1
1842,92361,757,93118,0.929421,1
1843,94048,700,94748,0.928191,1
1844,78309,642,78951,0.939743,1
1845,74575,697,75272,0.942510,1
1846,85080,1042,86122,0.934751,1
1847,100092,858,100950,0.923803,1
1848,99880,775,100655,0.923957,1
1849,98639,924,99563,0.924856,1
1851,91043,644,91687,0.930383,2
1852,61468,563,62031,0.952306,1
1853,80689,992,81681,0.937984,1
1854,77918,706,78624,0.940032,1
1855,77895,792,78687,0.940049,1
1856,65108,719,65827,0.949573,1
1857,72428,798,73226,0.944106,1
1858,127937,740,128677,0.903927,1
1859,70728,636,71364,0.945372,1
1860,68210,542,68752,0.947251,1
1861,75718,542,76260,0.941662,1
1862,56326,519,56845,0.956185,1
1863,55004,497,55501,0.957185,1
1864,57717,525,58242,0.955134,1
1865,56145,555,56700,0.956322,1
1866,77455,859,78314,0.940375,1
1867,91869,881,92750,0.929780,1
1868,72474,758,73232,0.944072,1
1869,74365,777,75142,0.942666,1
1870,117676,790,118466,0.911187,1
1871,74661,790,75451,0.942446,1
1872,72677,747,73424,0.943921,1
1873,129514,1057,130571,0.902818,1
1874,126677,934,127611,0.904815,1
1875,143516,1050,144566,0.893046,1
1876,122181,898,123079,0.907991,1
1877,143671,900,144571,0.892938,1
1878,140693,1100,141793,0.895005,1
1879,110571,806,111377,0.916258,1
1880,80321,574,80895,0.938256,1
1881,72574,543,73117,0.943998,1
1882,106001,544,106545,0.919539,1
1883,83679,513,84192,0.935781,1
1884,64605,533,65138,0.949950,1
1885,65511,530,66041,0.949271,1
1886,103597,881,104478,0.921271,1
1887,96826,806,97632,0.926171,1
1888,63663,732,64395,0.950657,1
1889,59071,853,59924,0.954112,1
1890,94277,767,95044,0.928025,1
1891,77160,539,77699,0.940593,1
1892,76811,722,77533,0.940852,1
1893,68784,556,69340,0.946823,1
1894,75332,540,75872,0.941948,1
1895,75599,710,76309,0.941750,1
1896,64573,663,65236,0.949974,1
1897,65484,619,66103,0.949291,1
1898,77402,1040,78442,0.940414,1
1899,93433,968,94401,0.928639,1
1900,82472,575,83047,0.936670,1
1901,64281,531,64812,0.950193,1
1902,69094,824,69918,0.946591,1
1903,84463,834,85297,0.935205,1
1904,85344,641,85985,0.934557,1
1905,69017,516,69533,0.946649,1
1906,63241,544,63785,0.950974,1
1907,63214,547,63761,0.950994,1
1908,80356,846,81202,0.938230,1
1910,65279,727,66006,0.949445,2
1911,72159,755,72914,0.944306,1
1912,68776,618,69394,0.946829,1
1913,106603,633,107236,0.919106,1
1914,133331,998,134329,0.900140,1
1915,130918,881,131799,0.901832,1
1916,124155,768,124923,0.906594,1
1917,99419,688,100107,0.924291,1
1918,85465,713,86178,0.934468,1
1919,89770,769,90539,0.931313,1
1920,75353,634,75987,0.941933,1
1921,84562,601,85163,0.935132,1
1922,95370,921,96291,0.927229,1
1923,85815,808,86623,0.934211,1
1924,67509,675,68184,0.947775,1
1925,58394,588,58982,0.954623,1
1926,64601,661,65262,0.949953,1
1927,65275,664,65939,0.949448,1
1928,78223,628,78851,0.939807,1
1929,81003,859,81862,0.937753,1
1930,89456,775,90231,0.931543,1
1931,81815,589,82404,0.937154,1
1932,57915,504,58419,0.954984,1
1933,63413,520,63933,0.950845,1
1934,105733,484,106217,0.919732,1
1935,59080,609,59689,0.954105,1
1936,56494,619,57113,0.956058,1
1938,58628,586,59214,0.954446,2
1939,73745,541,74286,0.943127,1
1940,57000,631,57631,0.955675,1
1941,63238,508,63746,0.950976,1
1942,73580,477,74057,0.943249,1
1943,60526,486,61012,0.953015,1
1944,64229,596,64825,0.950232,1
1945,119041,996,120037,0.910217,1
1946,103493,894,104387,0.921346,1
1947,82450,981,83431,0.936686,1
1948,102837,935,103772,0.921819,1
1949,87796,820,88616,0.932758,1
1950,92786,912,93698,0.929111,1
1951,92150,1088,93238,0.929575,1
1952,94320,830,95150,0.927993,1
1953,64720,687,65407,0.949864,1
1954,58150,655,58805,0.954807,1
1955,109332,848,110180,0.917146,1
1956,134572,1037,135609,0.899272,1
1957,127938,658,128596,0.903926,1
1958,78261,950,79211,0.939778,1
1959,122177,936,123113,0.907993,1
1960,80942,884,81826,0.937798,1
1961,106207,790,106997,0.919391,1
1962,92802,971,93773,0.929099,1
1963,103949,853,104802,0.921017,1
1964,109606,981,110587,0.916950,1
1965,114403,653,115056,0.913519,1
1966,100525,1062,101587,0.923490,1
1967,105846,822,106668,0.919651,1
1968,145288,690,145978,0.891819,1
1969,63948,590,64538,0.950443,1
1970,75828,558,76386,0.941581,1
1971,120196,527,120723,0.909397,1
1972,69627,608,70235,0.946193,1
1973,65878,532,66410,0.948996,1
1974,90305,726,91031,0.930922,1
1975,62544,595,63139,0.951497,1
1976,75127,552,75679,0.942101,1
1977,80252,555,80807,0.938307,1
1978,76414,515,76929,0.941146,1
1979,74534,519,75053,0.942541,1
1980,76393,539,76932,0.941162,1
1981,67430,535,67965,0.947835,1
1982,78488,988,79476,0.939611,1
1983,73912,712,74624,0.943003,1
1984,104628,591,105219,0.920528,1
1985,102812,977,103789,0.921837,1
1986,122029,851,122880,0.908098,1
1987,74266,778,75044,0.942740,1
1988,60734,623,61357,0.952859,1
1989,82681,592,83273,0.936516,1
1990,80744,530,81274,0.937944,1
1991,79123,902,80025,0.939141,1
1992,72306,838,73144,0.944197,1
1993,95419,1037,96456,0.927194,1
1994,96569,964,97533,0.926358,1
1995,170098,839,170937,0.874866,1
1996,92800,735,93535,0.929101,1
1997,125940,958,126898,0.905334,1
1998,103233,970,104203,0.921533,1
1999,83462,737,84199,0.935941,1
