count_index,emit_ts_ns,rtt_ns,e2r_ns,werner
50,1784541766437717105,167469,69218,0.946499
51,1784541766437890829,168289,76075,0.941397
52,1784541766438063985,198047,97450,0.925718
53,1784541766438265568,140855,72514,0.944042
54,1784541766438410394,158703,64546,0.949994
55,1784541766438574525,158266,70985,0.945181
56,1784541766438737716,174583,84265,0.935350
57,1784541766438916534,170105,95662,0.927017
58,1784541766439090059,136966,63064,0.951107
59,1784541766439232323,154816,79214,0.939074
60,1784541766439391579,157001,74914,0.942259
61,1784541766439552690,194021,74741,0.942387
62,1784541766439750412,140172,67598,0.947709
63,1784541766439895102,161285,71622,0.944706
64,1784541766440060583,158245,73774,0.943105
65,1784541766440221825,150484,60284,0.953198
66,1784541766440376389,161923,80109,0.938413
67,1784541766440543187,160938,87638,0.932874
68,1784541766440707728,140493,60223,0.953244
69,1784541766440852959,156614,72777,0.943847
70,1784541766441014071,274778,95414,0.927197
71,1784541766441292491,138254,65689,0.949138
72,1784541766441434081,142672,72820,0.943815
73,1784541766441579628,106457,55026,0.957168
74,1784541766441688684,145926,72908,0.943749
75,1784541766441838396,132404,56608,0.955972
76,1784541766441974134,142566,49696,0.961215
77,1784541766442119999,230929,66594,0.948460
78,1784541766442353896,136553,56648,0.955941
79,1784541766442495367,141822,68480,0.947050
80,1784541766442642095,170316,69268,0.946461
81,1784541766442816221,127445,72980,0.943696
82,1784541766442946639,138777,72707,0.943899
83,1784541766443091330,194486,85569,0.934392
84,1784541766443290862,156377,84389,0.935259
85,1784541766443452282,308336,151502,0.887533
86,1784541766443765488,364755,213009,0.846519
87,1784541766444138282,242646,93324,0.928719
88,1784541766444387344,289208,112085,0.915175
89,1784541766444683664,236257,90657,0.930665
90,1784541766444926479,278557,115252,0.912913
91,1784541766445217998,189918,83372,0.936007
92,1784541766445413605,124520,64929,0.949707
93,1784541766445542714,201254,61715,0.952121
94,1784541766445748071,158773,79795,0.938644
95,1784541766445911606,211606,76586,0.941019
96,1784541766446130207,190804,102664,0.921944
97,1784541766446326371,194417,92131,0.929589
98,1784541766446525217,233106,136868,0.897668
99,1784541766446763574,189953,82413,0.936713
100,1784541766446958707,221635,83641,0.935809
101,1784541766447184958,235128,96728,0.926242
102,1784541766447424931,229098,108474,0.917762
103,1784541766447670419,169212,72910,0.943748
104,1784541766447844999,177375,75363,0.941925
105,1784541766448028403,175507,76802,0.940859
106,1784541766448208105,166424,73678,0.943177
107,1784541766448379615,189416,91702,0.929902
108,1784541766448574118,193067,65926,0.948960
109,1784541766448770663,158783,56519,0.956039
110,1784541766448941876,192958,72562,0.944006
111,1784541766449140609,198136,102222,0.922263
112,1784541766449346705,216456,117766,0.911123
113,1784541766449569450,148106,78349,0.939713
114,1784541766449720985,149506,67130,0.948059
115,1784541766449876821,151995,80534,0.938099
116,1784541766450033030,171911,81315,0.937523
117,1784541766450209807,205245,66477,0.948548
118,1784541766450420175,178925,85069,0.934759
119,1784541766450604174,210966,70060,0.945870
120,1784541766450819054,295802,123085,0.907351
121,1784541766451120179,240688,143226,0.893247
122,1784541766451366723,254449,108948,0.917422
123,1784541766451629772,218192,122021,0.908104
124,1784541766451854658,164024,65191,0.949511
125,1784541766452022828,254236,99229,0.924428
126,1784541766452282925,243465,101880,0.922510
127,1784541766452533374,228124,87197,0.933197
128,1784541766452767121,168493,78723,0.939437
129,1784541766452939809,169694,78626,0.939508
130,1784541766453114285,216963,88484,0.932254
131,1784541766453335010,175761,81991,0.937024
132,1784541766453516053,170310,77252,0.940525
133,1784541766453692233,193413,64071,0.950351
134,1784541766453889940,165382,73393,0.943388
135,1784541766454058714,180359,79834,0.938616
136,1784541766454243950,191333,81456,0.937419
137,1784541766454440653,165423,75212,0.942037
138,1784541766454611288,156419,61271,0.952455
139,1784541766454772350,168327,84762,0.934985
140,1784541766454944482,183694,96152,0.926661
141,1784541766455132066,192912,95701,0.926989
142,1784541766455328671,198028,99339,0.924349
143,1784541766455533054,131488,71771,0.944595
144,1784541766455668488,146208,89767,0.931315
145,1784541766455817566,157705,80923,0.937812
146,1784541766455988848,141041,68395,0.947113
147,1784541766456133620,130335,58185,0.954780
148,1784541766456267662,136981,60100,0.953336
149,1784541766456408216,123791,54394,0.957647
150,1784541766456535477,134076,59495,0.953792
151,1784541766456672878,128656,60452,0.953071
152,1784541766456807219,124497,54877,0.957281
153,1784541766456935332,128424,59533,0.953764
154,1784541766457067112,129087,60892,0.952740
155,1784541766457199414,124133,55430,0.956863
156,1784541766457326876,127679,56184,0.956292
157,1784541766457460034,277244,88001,0.932608
158,1784541766457743078,196904,83161,0.936162
159,1784541766457952653,156572,68198,0.947260
160,1784541766458115320,154977,78260,0.939779
161,1784541766458274437,154312,81765,0.937191
162,1784541766458432520,130578,60062,0.953365
163,1784541766458566747,126811,57346,0.955414
164,1784541766458697195,126265,56720,0.955887
165,1784541766458826859,125085,55856,0.956540
166,1784541766458963209,177936,104538,0.920592
167,1784541766459145320,146862,73143,0.943574
168,1784541766459296021,129918,59148,0.954054
169,1784541766459429369,127216,57751,0.955108
170,1784541766459560151,126783,56870,0.955773
171,1784541766459690304,126272,56824,0.955808
172,1784541766459819910,125163,56096,0.956359
173,1784541766459948447,130335,56668,0.955926
174,1784541766460082327,123999,55451,0.956847
175,1784541766460209695,126537,56616,0.955965
176,1784541766460339481,130848,55834,0.956557
177,1784541766460473697,126326,56796,0.955829
178,1784541766460603471,123949,55655,0.956692
179,1784541766460734474,133884,56617,0.955965
180,1784541766460872063,129202,58260,0.954724
181,1784541766461004586,126011,56577,0.955995
182,1784541766461134076,125744,57071,0.955622
183,1784541766461263076,123988,55120,0.957097
184,1784541766461390594,123210,54783,0.957352
185,1784541766461517210,123675,54609,0.957484
186,1784541766461644264,124070,55342,0.956929
187,1784541766461771748,124374,55488,0.956819
188,1784541766461899467,124184,54698,0.957417
189,1784541766462027249,123101,55225,0.957018
190,1784541766462153788,123873,55426,0.956866
191,1784541766462281064,124243,55692,0.956664
192,1784541766462408686,123099,54814,0.957329
193,1784541766462535312,123100,55103,0.957110
194,1784541766462661986,122531,54519,0.957552
195,1784541766462787972,124907,56597,0.955980
196,1784541766462916285,134956,55044,0.957155
197,1784541766463054587,140292,59250,0.953977
198,1784541766463198671,135609,60799,0.952810
199,1784541766463339092,134080,62954,0.951189
200,1784541766463476880,127804,56987,0.955685
201,1784541766463608224,127256,56259,0.956235
202,1784541766463738943,126660,56582,0.955991
203,1784541766463869052,127453,56744,0.955869
204,1784541766464000125,127223,55681,0.956673
205,1784541766464130724,125990,56052,0.956392
206,1784541766464260176,187184,56141,0.956325
207,1784541766464453428,244649,95629,0.927041
208,1784541766464704421,281286,170667,0.874482
209,1784541766464990976,173299,81126,0.937662
210,1784541766465173784,139177,62755,0.951339
211,1784541766465316775,128487,56305,0.956201
212,1784541766465448686,127668,55842,0.956551
213,1784541766465579822,124295,54417,0.957630
214,1784541766465707825,134788,55150,0.957075
215,1784541766465846189,126113,55537,0.956782
216,1784541766465975787,127496,56119,0.956341
217,1784541766466106881,127174,55922,0.956490
218,1784541766466237603,132585,55471,0.956832
219,1784541766466373779,127768,56206,0.956275
220,1784541766466505256,125924,55229,0.957015
221,1784541766466634803,125803,54960,0.957218
222,1784541766466764082,126006,55031,0.957165
223,1784541766466895400,178022,56074,0.956375
224,1784541766467077601,148598,66991,0.948163
225,1784541766467229752,140740,58418,0.954604
226,1784541766467374454,169940,53584,0.958261
227,1784541766467547529,125489,52286,0.959246
228,1784541766467676604,129849,57272,0.955470
229,1784541766467810201,127369,55880,0.956522
230,1784541766467941202,127946,55696,0.956661
231,1784541766468072742,127450,56332,0.956180
232,1784541766468203988,126323,55652,0.956695
233,1784541766468334011,139238,55399,0.956886
234,1784541766468478595,135008,53513,0.958315
235,1784541766468617915,141649,57735,0.955120
236,1784541766468763238,130506,58284,0.954706
237,1784541766468897670,126352,56566,0.956003
238,1784541766469027366,133349,61452,0.952318
239,1784541766469164234,127557,55876,0.956525
240,1784541766469295632,126944,55563,0.956762
241,1784541766469426199,126087,55144,0.957079
242,1784541766469555811,126498,55674,0.956678
243,1784541766469685796,126939,55854,0.956542
244,1784541766469816268,126039,55526,0.956790
245,1784541766469945500,124858,54473,0.957587
246,1784541766470073754,124371,54481,0.957581
247,1784541766470201687,126027,55249,0.957000
248,1784541766470331207,125512,55201,0.957036
249,1784541766470460173,133808,55166,0.957062
250,1784541766470597828,126696,55706,0.956654
251,1784541766470730072,126941,56258,0.956236
252,1784541766470860928,139098,55163,0.957065
253,1784541766471003956,205137,128230,0.903721
254,1784541766471213444,177112,59845,0.953528
255,1784541766471394946,188737,82946,0.936321
256,1784541766471589598,200809,92582,0.929260
257,1784541766471796466,199668,95252,0.927315
258,1784541766472001461,141314,62118,0.951818
259,1784541766472146968,139505,63092,0.951086
260,1784541766472290221,136446,61884,0.951994
261,1784541766472430199,132372,61377,0.952375
262,1784541766472566026,128518,57513,0.955288
263,1784541766472698026,128294,57562,0.955251
264,1784541766472829895,127930,56729,0.955880
265,1784541766472961196,128186,57274,0.955468
266,1784541766473092687,128185,58039,0.954891
267,1784541766473224339,127402,57534,0.955272
268,1784541766473362721,133479,59275,0.953958
269,1784541766473499981,128841,58372,0.954639
270,1784541766473632226,127005,56640,0.955947
271,1784541766473762718,127717,57025,0.955656
272,1784541766473893996,130230,65608,0.949198
273,1784541766474027457,147402,56967,0.955700
274,1784541766474179690,160655,75658,0.941707
275,1784541766474344708,205334,78634,0.939503
276,1784541766474553086,170998,62664,0.951407
277,1784541766474729341,162173,83690,0.935773
278,1784541766474895763,164907,52331,0.959212
279,1784541766475068631,189099,104785,0.920414
280,1784541766475264623,147296,65701,0.949129
281,1784541766475416941,126554,59477,0.953806
282,1784541766475547224,128543,57402,0.955372
283,1784541766475681085,129268,57976,0.954938
284,1784541766475814115,127525,57115,0.955588
285,1784541766475945429,127017,56891,0.955758
286,1784541766476076281,131154,60601,0.952959
287,1784541766476210901,127695,57176,0.955542
288,1784541766476342520,127140,56474,0.956073
289,1784541766476473393,126317,55919,0.956493
290,1784541766476603355,126413,56458,0.956085
291,1784541766476733218,126235,56196,0.956283
292,1784541766476863275,126530,56326,0.956185
293,1784541766476993330,127210,56920,0.955736
294,1784541766477124240,126247,56043,0.956399
295,1784541766477253819,126982,56508,0.956047
296,1784541766477384352,126286,56339,0.956175
297,1784541766477514328,126198,56065,0.956382
298,1784541766477644108,104985,56629,0.955956
299,1784541766477751997,176142,50198,0.960833
300,1784541766477930859,124847,51880,0.959554
301,1784541766478059162,127494,56841,0.955795
302,1784541766478190361,136637,56515,0.956042
303,1784541766478332017,199422,86137,0.933975
304,1784541766478536966,294185,78613,0.939518
305,1784541766478836471,361248,114942,0.913134
306,1784541766479202680,202784,93549,0.928555
307,1784541766479409212,165040,72530,0.944030
308,1784541766479579380,157011,70055,0.945874
309,1784541766479741553,210936,75366,0.941923
310,1784541766479956807,171952,96117,0.926686
311,1784541766480133513,303923,129618,0.902745
312,1784541766480441911,243440,85578,0.934385
313,1784541766480689802,214015,98084,0.925258
314,1784541766480909309,176270,81097,0.937683
315,1784541766481090067,234804,123654,0.906948
316,1784541766481330252,170036,79343,0.938978
317,1784541766481503829,143043,64781,0.949818
318,1784541766481650137,149779,61247,0.952473
319,1784541766481804441,141302,62063,0.951859
320,1784541766481949103,135189,61078,0.952600
321,1784541766482087622,133760,60739,0.952855
322,1784541766482224425,136189,66953,0.948191
323,1784541766482363864,157309,65929,0.948958
324,1784541766482525460,145864,59925,0.953468
325,1784541766482676696,185329,76677,0.940951
326,1784541766482869842,220597,91996,0.929687
327,1784541766483096318,187075,86977,0.933359
328,1784541766483288190,164014,76017,0.941440
329,1784541766483457491,211179,126571,0.904889
330,1784541766483674146,198206,101284,0.922941
331,1784541766483877863,163124,85292,0.934595
332,1784541766484045254,145754,70757,0.945351
333,1784541766484194782,136521,63051,0.951116
334,1784541766484334764,136582,62659,0.951411
335,1784541766484474744,134115,63293,0.950935
336,1784541766484620310,134738,62973,0.951175
337,1784541766484758379,131228,59857,0.953519
338,1784541766484893194,130963,59289,0.953947
339,1784541766485027520,132571,60096,0.953339
340,1784541766485163469,214389,59953,0.953447
341,1784541766485382472,276125,134933,0.899020
342,1784541766485666804,244659,126955,0.904619
343,1784541766485917830,180003,69140,0.946557
344,1784541766486103469,195045,84477,0.935194
345,1784541766486303514,152947,67436,0.947830
346,1784541766486460846,140177,60625,0.952941
347,1784541766486604682,136698,60140,0.953306
348,1784541766486745245,134351,58385,0.954629
349,1784541766486883322,135413,57525,0.955279
350,1784541766487022500,136013,59138,0.954061
351,1784541766487162394,132229,57979,0.954936
352,1784541766487307044,138742,59173,0.954035
353,1784541766487449676,147721,61039,0.952629
354,1784541766487601401,149841,60968,0.952683
355,1784541766487755142,138706,59345,0.953905
356,1784541766487897553,130157,57504,0.955294
357,1784541766488031461,130007,58040,0.954890
358,1784541766488164925,183772,87280,0.933136
359,1784541766488360698,195748,79060,0.939188
360,1784541766488562195,181976,106957,0.918851
361,1784541766488748912,163181,95237,0.927326
362,1784541766488916168,161666,94362,0.927963
363,1784541766489081686,155501,91303,0.930193
364,1784541766489240796,154585,87061,0.933297
365,1784541766489398766,159888,93731,0.928422
366,1784541766489562082,162605,101147,0.923040
367,1784541766489728184,315980,86068,0.934025
368,1784541766490048617,181451,79019,0.939218
369,1784541766490234652,244135,65240,0.949474
370,1784541766490482290,217073,86023,0.934059
371,1784541766490702588,194312,73602,0.943233
372,1784541766490904695,159204,94697,0.927719
373,1784541766491070864,155341,76592,0.941014
374,1784541766491230178,144543,66520,0.948515
375,1784541766491378224,134211,61832,0.952033
376,1784541766491515628,126559,57479,0.955313
377,1784541766491645137,131826,56612,0.955969
378,1784541766491781105,166768,63197,0.951007
379,1784541766491952246,113931,57311,0.955440
380,1784541766492069294,110687,51508,0.959837
381,1784541766492183595,184778,83014,0.936271
382,1784541766492373730,176660,91619,0.929962
383,1784541766492555001,200054,75479,0.941839
384,1784541766492762877,259210,118989,0.910254
385,1784541766493027888,172753,69300,0.946437
386,1784541766493205955,243624,93530,0.928569
387,1784541766493454825,169157,69178,0.946528
388,1784541766493629421,146060,66243,0.948723
389,1784541766493780380,135200,60235,0.953235
390,1784541766493919650,129682,55951,0.956468
391,1784541766494053149,128033,55650,0.956696
392,1784541766494184858,125640,54604,0.957488
393,1784541766494313932,138925,55276,0.956979
394,1784541766494456461,126241,54826,0.957320
395,1784541766494591278,126382,55449,0.956848
396,1784541766494721416,135030,54164,0.957821
397,1784541766494860140,129934,55766,0.956608
398,1784541766494993833,128863,56708,0.955896
399,1784541766495126149,124672,54670,0.957438
400,1784541766495254361,123046,54424,0.957624
401,1784541766495381003,122312,53721,0.958157
402,1784541766495506719,122879,54523,0.957549
403,1784541766495635922,123343,54302,0.957717
404,1784541766495763143,121845,53359,0.958432
405,1784541766495888547,120930,53587,0.958259
406,1784541766496012836,120398,53094,0.958633
407,1784541766496136759,120838,53380,0.958416
408,1784541766496261047,186192,53765,0.958124
409,1784541766496450668,157868,72463,0.944080
410,1784541766496611550,230914,77326,0.940470
411,1784541766496846438,187731,85008,0.934804
412,1784541766497037559,202776,72033,0.944400
413,1784541766497244147,157713,82855,0.936388
414,1784541766497405811,141119,72570,0.944001
415,1784541766497550361,217972,69606,0.946209
416,1784541766497773234,192929,85172,0.934683
417,1784541766497971149,172641,83198,0.936135
418,1784541766498148939,177815,80398,0.938199
419,1784541766498332051,179665,82251,0.936833
420,1784541766498515131,195806,72312,0.944192
421,1784541766498722222,179802,79892,0.938573
422,1784541766498906927,150624,64819,0.949790
423,1784541766499062640,228686,136285,0.898075
424,1784541766499296194,178887,82954,0.936315
425,1784541766499480356,184021,87821,0.932740
426,1784541766499669413,227874,75813,0.941592
427,1784541766499904644,261114,125011,0.905990
428,1784541766500171897,193542,83296,0.936063
429,1784541766500371281,168949,79209,0.939077
430,1784541766500545363,135769,62244,0.951723
431,1784541766500685143,129759,56663,0.955930
432,1784541766500818621,136445,55083,0.957125
433,1784541766500958671,126357,55912,0.956498
434,1784541766501088500,124226,54806,0.957335
435,1784541766501216347,124294,54692,0.957421
436,1784541766501344148,127876,56250,0.956242
437,1784541766501475687,130670,62228,0.951735
438,1784541766501614735,126446,54783,0.957352
439,1784541766501744613,126477,55116,0.957100
440,1784541766501874445,126435,55166,0.957062
441,1784541766502004292,124977,54505,0.957563
442,1784541766502132654,125270,54281,0.957733
443,1784541766502261357,125886,54901,0.957263
444,1784541766502390744,125509,53784,0.958109
445,1784541766502519838,127327,55044,0.957155
446,1784541766502650667,125365,54760,0.957370
447,1784541766502779450,125895,54784,0.957352
448,1784541766502908808,167813,54758,0.957371
449,1784541766503079907,135642,58137,0.954817
450,1784541766503219259,130731,58135,0.954818
451,1784541766503355925,128542,57108,0.955594
452,1784541766503487904,170642,56328,0.956183
453,1784541766503661439,124410,52141,0.959356
454,1784541766503789345,126954,55373,0.956906
455,1784541766503919647,126017,55196,0.957040
456,1784541766504049236,125974,54528,0.957546
457,1784541766504178868,124676,54201,0.957793
458,1784541766504306899,125791,54490,0.957574
459,1784541766504436537,124745,54327,0.957698
460,1784541766504564686,125015,54070,0.957893
461,1784541766504693176,124271,54257,0.957751
462,1784541766504820956,125208,54400,0.957643
463,1784541766504949428,124975,54270,0.957741
464,1784541766505077874,124412,53876,0.958040
465,1784541766505205956,124822,54423,0.957625
466,1784541766505334078,123839,53534,0.958299
467,1784541766505461397,124985,54528,0.957546
468,1784541766505589917,126722,54421,0.957627
469,1784541766505720280,127480,56018,0.956418
470,1784541766505851365,136711,54172,0.957815
471,1784541766505992675,191123,79950,0.938530
472,1784541766506188188,256930,81766,0.937190
473,1784541766506453199,229510,109441,0.917068
474,1784541766506689273,220332,99053,0.924556
475,1784541766506915087,180538,91500,0.930049
476,1784541766507100500,154880,72247,0.944241
477,1784541766507259677,140793,61597,0.952209
478,1784541766507404165,136124,59331,0.953916
479,1784541766507543825,133742,59575,0.953732
480,1784541766507693457,136232,60726,0.952865
481,1784541766507833389,131729,58310,0.954686
482,1784541766507968708,131381,58243,0.954737
483,1784541766508103597,130994,58411,0.954610
484,1784541766508238326,128706,56688,0.955911
485,1784541766508370498,130289,57832,0.955047
486,1784541766508504296,133382,57345,0.955415
487,1784541766508641567,120518,59756,0.953595
488,1784541766508765276,136932,59229,0.953993
489,1784541766508905348,216235,56719,0.955888
490,1784541766509124361,128820,54831,0.957316
491,1784541766509256504,131624,58297,0.954696
492,1784541766509391516,130162,56968,0.955699
493,1784541766509525209,129359,56506,0.956049
494,1784541766509658097,130007,57411,0.955365
495,1784541766509791591,129428,56904,0.955748
496,1784541766509924494,130050,56802,0.955825
497,1784541766510058098,128910,56188,0.956289
498,1784541766510190435,128641,56501,0.956052
499,1784541766510322602,141355,54755,0.957374
500,1784541766510466571,136930,60296,0.953189
501,1784541766510606757,132515,58678,0.954408
502,1784541766510742564,131615,58058,0.954876
503,1784541766510877576,144905,57677,0.955164
504,1784541766511027312,142810,66376,0.948623
505,1784541766511174809,140370,60701,0.952884
506,1784541766511323915,136150,62271,0.951703
507,1784541766511466785,134572,60714,0.952874
508,1784541766511604882,131422,58315,0.954682
509,1784541766511739863,130124,58007,0.954915
510,1784541766511873364,133851,58239,0.954740
511,1784541766512010776,203431,78722,0.939437
512,1784541766512218743,190149,102986,0.921712
513,1784541766512413743,158809,67830,0.947535
514,1784541766512576497,142584,54018,0.957932
515,1784541766512721690,136851,59434,0.953838
516,1784541766512861938,128505,59185,0.954026
517,1784541766512993328,166904,60977,0.952676
518,1784541766513165322,164022,75655,0.941709
519,1784541766513333511,259312,67561,0.947737
520,1784541766513599055,273929,149504,0.888908
521,1784541766513880900,287309,123103,0.907338
522,1784541766514187002,291322,102312,0.922198
523,1784541766514487189,219970,103869,0.921075
524,1784541766514713324,205483,78688,0.939463
525,1784541766514925967,253129,114257,0.913623
526,1784541766515185426,167313,80754,0.937936
527,1784541766515356791,137503,65132,0.949555
528,1784541766515497737,130159,60946,0.952699
529,1784541766515631221,126843,59250,0.953977
530,1784541766515761104,142468,58882,0.954254
531,1784541766515908646,172944,69320,0.946422
532,1784541766516086548,136124,54334,0.957693
533,1784541766516226900,130392,56104,0.956353
534,1784541766516360771,129338,55601,0.956733
535,1784541766516493679,129375,56424,0.956111
536,1784541766516626480,128513,55345,0.956927
537,1784541766516758425,126842,55299,0.956962
538,1784541766516888690,126542,55116,0.957100
539,1784541766517018351,127238,54816,0.957327
540,1784541766517148894,129500,56122,0.956339
541,1784541766517281676,128482,56474,0.956073
542,1784541766517413423,133642,61307,0.952428
543,1784541766517550361,127758,55802,0.956581
544,1784541766517681420,141358,56030,0.956409
545,1784541766517825820,124011,50707,0.960446
546,1784541766517953012,128147,55760,0.956613
547,1784541766518084594,130852,56297,0.956207
548,1784541766518219368,132074,58398,0.954620
549,1784541766518354849,127513,56134,0.956330
550,1784541766518485648,126329,54790,0.957347
551,1784541766518615165,136762,55546,0.956775
552,1784541766518755352,130082,55765,0.956609
553,1784541766518889074,155794,60605,0.952956
554,1784541766519050076,142854,65794,0.949059
555,1784541766519197709,132198,57475,0.955316
556,1784541766519333376,130426,55896,0.956510
557,1784541766519467697,128360,56233,0.956255
558,1784541766519599603,135468,54827,0.957319
559,1784541766519738680,129265,55755,0.956617
560,1784541766519871578,139709,54912,0.957255
561,1784541766520016054,187031,80444,0.938165
562,1784541766520208431,462936,94488,0.927871
563,1784541766520676704,266755,132956,0.900403
564,1784541766520949143,221079,105328,0.920023
565,1784541766521185469,196440,78387,0.939685
566,1784541766521387691,220747,87028,0.933321
567,1784541766521613637,161408,59138,0.954061
568,1784541766521778150,140276,56363,0.956157
569,1784541766521922150,136456,59618,0.953699
570,1784541766522062298,133121,68326,0.947165
571,1784541766522202513,160497,70751,0.945355
572,1784541766522366758,164166,59130,0.954067
573,1784541766522536151,183116,77178,0.940580
574,1784541766522724427,165168,77735,0.940168
575,1784541766522893535,163601,67908,0.947477
576,1784541766523062270,155111,71615,0.944711
577,1784541766523222407,138267,62596,0.951458
578,1784541766523364624,133346,59602,0.953712
579,1784541766523501741,134692,59204,0.954012
580,1784541766523639944,131890,58788,0.954325
581,1784541766523775593,132975,59578,0.953730
582,1784541766523912262,132345,58467,0.954567
583,1784541766524048168,134188,58959,0.954196
584,1784541766524186008,133573,58493,0.954548
585,1784541766524322939,141777,58654,0.954426
586,1784541766524468203,133680,59633,0.953688
587,1784541766524605259,132023,58460,0.954573
588,1784541766524740735,131055,57774,0.955091
589,1784541766524875090,130155,57646,0.955187
590,1784541766525008707,130845,58007,0.954915
591,1784541766525143089,131976,57989,0.954928
592,1784541766525283621,134129,59357,0.953896
593,1784541766525421375,131927,57659,0.955177
594,1784541766525556699,130751,58112,0.954835
595,1784541766525690850,131254,58017,0.954907
596,1784541766525825287,130425,58106,0.954840
597,1784541766525959137,132829,58976,0.954184
598,1784541766526095270,130900,58751,0.954353
599,1784541766526229480,131133,58125,0.954826
600,1784541766526364038,130253,57836,0.955044
601,1784541766526497747,130271,58321,0.954678
602,1784541766526631556,136321,64305,0.950175
603,1784541766526771248,130467,58608,0.954461
604,1784541766526905148,214727,60782,0.952823
605,1784541766527124926,193912,88929,0.931928
606,1784541766527324017,220093,104002,0.920979
607,1784541766527549137,213743,93382,0.928676
608,1784541766527773066,215536,78581,0.939542
609,1784541766527994157,177029,87531,0.932952
610,1784541766528175976,171765,86949,0.933379
611,1784541766528352854,224002,131323,0.901548
612,1784541766528582154,144812,64585,0.949965
613,1784541766528731939,133887,60134,0.953311
614,1784541766528869911,128819,56545,0.956019
615,1784541766529002292,127600,55645,0.956700
616,1784541766529133439,127205,56126,0.956336
617,1784541766529264240,126138,55116,0.957100
618,1784541766529393937,126165,55428,0.956864
619,1784541766529523464,125597,54797,0.957342
620,1784541766529652332,126047,54832,0.957315
621,1784541766529782076,132337,55063,0.957140
622,1784541766529917697,140192,54819,0.957325
623,1784541766530060886,121284,60716,0.952872
624,1784541766530186857,164967,81905,0.937088
625,1784541766530356897,150599,55998,0.956433
626,1784541766530512553,164740,77851,0.940082
627,1784541766530681269,200860,79146,0.939124
628,1784541766530885213,187298,70344,0.945659
629,1784541766531077550,168861,85319,0.934575
630,1784541766531251312,141139,62239,0.951727
631,1784541766531397782,136301,62940,0.951200
632,1784541766531538870,131303,58180,0.954784
633,1784541766531673750,128954,56118,0.956342
634,1784541766531806104,127589,55874,0.956527
635,1784541766531937004,128049,56068,0.956380
636,1784541766532068565,127669,55270,0.956984
637,1784541766532199896,126757,55185,0.957048
638,1784541766532330139,136572,56269,0.956228
639,1784541766532470952,141830,66427,0.948585
640,1784541766532616798,157358,62834,0.951279
641,1784541766532778011,140818,59692,0.953644
642,1784541766532923826,137624,62616,0.951443
643,1784541766533069090,133855,58738,0.954363
644,1784541766533206900,130158,57234,0.955498
645,1784541766533340710,129107,56927,0.955730
646,1784541766533473483,129740,56515,0.956042
647,1784541766533606816,114283,56941,0.955720
648,1784541766533724402,135062,56927,0.955730
649,1784541766533863465,202974,68289,0.947192
650,1784541766534078327,257805,150020,0.888553
651,1784541766534344296,300324,143857,0.892809
652,1784541766534651735,229307,99718,0.924074
653,1784541766534887262,241442,87926,0.932663
654,1784541766535132769,193973,66708,0.948375
655,1784541766535333815,175218,88908,0.931944
656,1784541766535514638,239545,102928,0.921754
657,1784541766535758798,180960,86524,0.933691
658,1784541766535943877,279861,104861,0.920360
659,1784541766536228872,252430,95615,0.927051
660,1784541766536485085,171394,72882,0.943768
661,1784541766536661455,151707,73654,0.943194
662,1784541766536817428,150112,65143,0.949547
663,1784541766536972594,186146,89405,0.931580
664,1784541766537163743,190645,87563,0.932929
665,1784541766537361275,192801,99366,0.924329
666,1784541766537559957,221164,110711,0.916158
667,1784541766537786250,221844,118133,0.910862
668,1784541766538013236,278476,118736,0.910434
669,1784541766538296792,179470,70962,0.945198
670,1784541766538481616,178536,86652,0.933597
671,1784541766538664679,165580,73076,0.943624
672,1784541766538835608,219642,99554,0.924193
673,1784541766539059712,184028,80733,0.937952
674,1784541766539248735,166961,82918,0.936341
675,1784541766539419729,154110,71603,0.944720
676,1784541766539585595,169151,86089,0.934010
677,1784541766539759764,179183,79011,0.939224
678,1784541766539944428,168529,81143,0.937649
679,1784541766540117175,191077,90704,0.930630
680,1784541766540313406,193055,98831,0.924717
681,1784541766540511029,152011,64337,0.950151
682,1784541766540667021,146047,62343,0.951648
683,1784541766540816748,208896,72188,0.944285
684,1784541766541030555,227867,85453,0.934477
685,1784541766541263450,337317,214757,0.845390
686,1784541766541608734,216456,114738,0.913280
687,1784541766541831752,181802,78113,0.939888
688,1784541766542018927,155193,69197,0.946514
689,1784541766542179245,139854,67353,0.947892
690,1784541766542322745,131473,60090,0.953344
691,1784541766542457556,131064,60271,0.953207
692,1784541766542601650,134451,63051,0.951116
693,1784541766542739483,131226,61426,0.952338
694,1784541766542873723,158798,59525,0.953770
695,1784541766543037820,174931,79439,0.938907
696,1784541766543216430,162690,82296,0.936799
697,1784541766543382101,139419,57374,0.955393
698,1784541766543525307,178402,76171,0.941326
699,1784541766543709076,182142,70259,0.945722
700,1784541766543896401,193334,86022,0.934059
701,1784541766544094764,146390,66394,0.948610
702,1784541766544245001,133906,58734,0.954366
703,1784541766544382611,131476,57683,0.955159
704,1784541766544517519,129000,55783,0.956595
705,1784541766544650012,126536,55135,0.957086
706,1784541766544779984,126922,55683,0.956671
707,1784541766544910469,157032,65254,0.949464
708,1784541766545071397,132203,57281,0.955463
709,1784541766545207354,128805,56033,0.956406
710,1784541766545339611,127668,55117,0.957100
711,1784541766545471189,128375,56042,0.956400
712,1784541766545603154,127845,56271,0.956226
713,1784541766545734532,125526,55221,0.957021
714,1784541766545863726,126161,55353,0.956921
715,1784541766545993714,136910,58457,0.954575
716,1784541766546133819,120209,47516,0.962876
717,1784541766546259452,205703,81941,0.937061
718,1784541766546470590,182618,94227,0.928061
719,1784541766546657523,176060,58812,0.954307
720,1784541766546838109,204569,109350,0.917133
721,1784541766547048052,252642,91445,0.930089
722,1784541766547305946,188455,67570,0.947730
723,1784541766547506671,170989,89966,0.931170
724,1784541766547684186,151060,79279,0.939026
725,1784541766547841459,266604,111507,0.915588
726,1784541766548113608,224276,101805,0.922565
727,1784541766548345537,244968,68375,0.947128
728,1784541766548598902,262074,98638,0.924857
729,1784541766548867344,172040,84209,0.935391
730,1784541766549044276,163790,61480,0.952297
731,1784541766549213326,185170,95177,0.927370
732,1784541766549403487,150189,71899,0.944500
733,1784541766549557910,137179,60081,0.953351
734,1784541766549698720,135182,59371,0.953886
735,1784541766549847201,138928,61174,0.952528
736,1784541766549989927,134514,58956,0.954199
737,1784541766550128147,135975,58702,0.954390
738,1784541766550267590,132454,58121,0.954829
739,1784541766550403860,133127,58863,0.954269
740,1784541766550540537,130534,56471,0.956075
741,1784541766550674783,132197,58792,0.954322
742,1784541766550810602,131114,58091,0.954851
743,1784541766550945201,159221,63824,0.950536
744,1784541766551107701,146214,59171,0.954036
745,1784541766551257645,136649,59629,0.953691
746,1784541766551397955,134955,58694,0.954396
747,1784541766551536821,132966,58805,0.954312
748,1784541766551673477,130583,58170,0.954792
749,1784541766551807724,133045,59272,0.953960
750,1784541766551944464,131707,58619,0.954453
751,1784541766552079938,130522,57987,0.954930
752,1784541766552214121,130123,57777,0.955088
753,1784541766552347649,130515,58024,0.954902
754,1784541766552481779,130624,57761,0.955100
755,1784541766552615830,130816,58140,0.954814
756,1784541766552749944,130177,57807,0.955066
757,1784541766552883704,130426,58110,0.954837
758,1784541766553017779,130022,57945,0.954961
759,1784541766553151403,130294,58297,0.954696
760,1784541766553285127,130703,58005,0.954916
761,1784541766553424422,133747,59181,0.954029
762,1784541766553561879,132291,57808,0.955065
763,1784541766553697887,131099,58503,0.954540
764,1784541766553832527,129993,57617,0.955209
765,1784541766553966003,189926,68958,0.946693
766,1784541766554161060,173815,89922,0.931202
767,1784541766554339674,154253,70469,0.945565
768,1784541766554498968,179625,92804,0.929098
769,1784541766554683596,277672,151175,0.887758
770,1784541766554966561,234559,107070,0.918770
771,1784541766555207093,260657,87268,0.933145
772,1784541766555474197,195045,96720,0.926248
773,1784541766555674313,206144,91239,0.930240
774,1784541766555885740,156539,69190,0.946519
775,1784541766556046846,140941,60968,0.952683
776,1784541766556191526,139887,60544,0.953002
777,1784541766556335200,140488,71027,0.945149
778,1784541766556489326,140984,62308,0.951675
779,1784541766556633994,136882,61828,0.952036
780,1784541766556774434,128160,58115,0.954833
781,1784541766556906148,128922,56300,0.956204
782,1784541766557038502,129909,57206,0.955520
783,1784541766557171845,128187,55948,0.956471
784,1784541766557303453,128523,56210,0.956272
785,1784541766557435494,127116,55688,0.956667
786,1784541766557566130,132943,54775,0.957359
787,1784541766557702740,127667,54750,0.957377
788,1784541766557834065,126109,54199,0.957795
789,1784541766557963489,126142,54810,0.957332
790,1784541766558093033,127224,54648,0.957455
791,1784541766558223652,126143,54718,0.957402
792,1784541766558353279,128116,56692,0.955908
793,1784541766558484967,125411,54594,0.957496
794,1784541766558613723,126443,54884,0.957276
795,1784541766558743611,132868,54476,0.957585
796,1784541766558880008,166026,65064,0.949606
797,1784541766559050640,149551,72028,0.944404
798,1784541766559204274,136015,60358,0.953142
799,1784541766559344169,137619,63156,0.951038
800,1784541766559485215,130271,58829,0.954294
801,1784541766559619022,129790,56820,0.955811
802,1784541766559752789,127984,56269,0.956228
803,1784541766559884176,126324,55722,0.956642
804,1784541766560014108,125738,54788,0.957349
805,1784541766560143249,126437,55547,0.956774
806,1784541766560273250,125588,54490,0.957574
807,1784541766560402294,131640,56697,0.955904
808,1784541766560537509,129340,57038,0.955647
809,1784541766560670363,126430,54472,0.957588
810,1784541766560800368,127326,55368,0.956910
811,1784541766560934368,146762,60602,0.952958
812,1784541766561085321,140961,62055,0.951865
813,1784541766561230057,126185,55500,0.956810
814,1784541766561359817,127750,55385,0.956897
815,1784541766561491210,127088,55972,0.956452
816,1784541766561621648,163080,55639,0.956704
817,1784541766561790526,265858,109484,0.917037
818,1784541766562061903,212056,92047,0.929650
819,1784541766562279597,337584,93329,0.928715
820,1784541766562634964,359365,111110,0.915872
821,1784541766563000722,230380,113916,0.913866
822,1784541766563238845,238968,111825,0.915361
823,1784541766563484240,199848,87019,0.933328
824,1784541766563689055,206926,101672,0.922661
825,1784541766563899844,177832,71971,0.944446
826,1784541766564080905,146254,59067,0.954115
827,1784541766564231148,138811,61016,0.952647
828,1784541766564373988,136084,59696,0.953641
829,1784541766564513881,134086,58643,0.954435
830,1784541766564651689,180682,72055,0.944384
831,1784541766564862774,157724,72652,0.943940
832,1784541766565024729,134745,55623,0.956717
833,1784541766565163266,135873,61233,0.952483
834,1784541766565302738,134399,59552,0.953749
835,1784541766565440868,131890,58765,0.954343
836,1784541766565576375,132386,58533,0.954518
837,1784541766565712291,131213,59056,0.954123
838,1784541766565846845,131778,58225,0.954750
839,1784541766565982074,130161,57965,0.954946
840,1784541766566115638,130983,55300,0.956961
841,1784541766566250011,129968,57740,0.955116
842,1784541766566383356,131532,57583,0.955235
843,1784541766566518480,130998,57974,0.954940
844,1784541766566652909,130688,58218,0.954755
845,1784541766566787294,129272,57364,0.955400
846,1784541766566925401,135140,80677,0.937993
847,1784541766567063856,143540,66843,0.948274
848,1784541766567210731,134928,60921,0.952718
849,1784541766567349184,132208,58753,0.954352
850,1784541766567484779,130676,58638,0.954438
851,1784541766567618955,130607,57838,0.955042
852,1784541766567752951,129003,57190,0.955532
853,1784541766567885606,132476,59691,0.953644
854,1784541766568021663,129992,58254,0.954728
855,1784541766568155149,130562,58574,0.954487
856,1784541766568289169,129662,57928,0.954974
857,1784541766568422312,130502,59509,0.953782
858,1784541766568556380,218098,58132,0.954820
859,1784541766568779800,226916,105829,0.919663
860,1784541766569012218,326828,73790,0.943093
861,1784541766569344175,170239,95850,0.926880
862,1784541766569525492,167928,68546,0.947000
863,1784541766569696723,155947,67942,0.947452
864,1784541766569856492,146567,59431,0.953840
865,1784541766570005948,106810,47586,0.962823
866,1784541766570115989,139867,49159,0.961624
867,1784541766570260876,176245,75946,0.941493
868,1784541766570443095,192961,59677,0.953655
869,1784541766570642043,158784,78726,0.939435
870,1784541766570805057,141162,59843,0.953530
871,1784541766570950481,147679,70488,0.945551
872,1784541766571102031,130996,58635,0.954441
873,1784541766571236464,126647,55677,0.956676
874,1784541766571366589,127297,55476,0.956828
875,1784541766571497272,127207,55966,0.956457
876,1784541766571627980,125238,54194,0.957799
877,1784541766571756692,125597,54625,0.957472
878,1784541766571885666,126283,54862,0.957293
879,1784541766572015570,125658,55034,0.957162
880,1784541766572144724,125102,54234,0.957768
881,1784541766572273192,124944,54758,0.957371
882,1784541766572401682,124921,54603,0.957489
883,1784541766572530154,124605,54306,0.957714
884,1784541766572658224,123688,54132,0.957846
885,1784541766572785348,125832,54818,0.957326
886,1784541766572914484,125996,54975,0.957207
887,1784541766573043911,126288,55657,0.956691
888,1784541766573173762,125181,54375,0.957662
889,1784541766573302281,126368,54214,0.957784
890,1784541766573432199,169254,55330,0.956938
891,1784541766573604591,121448,50533,0.960578
892,1784541766573729551,126513,55548,0.956773
893,1784541766573859730,124906,54368,0.957667
894,1784541766573988007,125488,54204,0.957791
895,1784541766574116958,124611,54924,0.957246
896,1784541766574245083,140860,54205,0.957790
897,1784541766574389742,127802,56401,0.956128
898,1784541766574521027,125425,54877,0.957281
899,1784541766574649864,125501,54878,0.957281
900,1784541766574778718,124920,54718,0.957402
901,1784541766574907162,128620,55092,0.957118
902,1784541766575039223,125830,55593,0.956739
903,1784541766575168881,123534,53364,0.958428
904,1784541766575295850,127596,53126,0.958608
905,1784541766575436389,127205,55358,0.956917
906,1784541766575568016,179322,71442,0.944840
907,1784541766575752389,272979,138884,0.896263
908,1784541766576030837,281736,163723,0.879182
909,1784541766576318347,190038,92204,0.929535
910,1784541766576513623,187836,78897,0.939308
911,1784541766576709312,180354,79889,0.938575
912,1784541766576897304,206704,94086,0.928164
913,1784541766577109572,140154,61602,0.952206
914,1784541766577253698,131569,56402,0.956127
915,1784541766577388622,128411,55357,0.956918
916,1784541766577520581,127049,54960,0.957218
917,1784541766577650868,126462,55512,0.956801
918,1784541766577780831,125475,54074,0.957890
919,1784541766577909809,126117,54792,0.957346
920,1784541766578039585,215994,101715,0.922630
921,1784541766578260622,163066,77114,0.940627
922,1784541766578427665,148141,64822,0.949787
923,1784541766578578837,124143,44732,0.965003
924,1784541766578707233,149756,62332,0.951657
925,1784541766578864076,181039,79872,0.938588
926,1784541766579050756,138655,61889,0.951990
927,1784541766579193547,128897,56777,0.955844
928,1784541766579326177,124358,54750,0.957377
929,1784541766579454172,122778,53600,0.958249
930,1784541766579580482,122987,53480,0.958340
931,1784541766579707336,122933,53607,0.958244
932,1784541766579844262,125665,55202,0.957035
933,1784541766579973704,122714,53768,0.958122
934,1784541766580099863,123104,54041,0.957915
935,1784541766580226509,128580,53250,0.958514
936,1784541766580358591,130207,61117,0.952571
937,1784541766580492497,128713,58664,0.954419
938,1784541766580624537,125269,55625,0.956715
939,1784541766580753349,125381,55621,0.956718
940,1784541766580882185,121391,53780,0.958112
941,1784541766581006911,129660,60828,0.952788
942,1784541766581140379,131031,59565,0.953739
943,1784541766581275006,126649,58176,0.954787
944,1784541766581405100,166413,67956,0.947441
945,1784541766581576261,150312,65881,0.948994
946,1784541766581730708,136089,53984,0.957958
947,1784541766581870678,132220,63369,0.950878
948,1784541766582012393,130579,58181,0.954783
949,1784541766582146577,135312,58185,0.954780
950,1784541766582285462,128347,57009,0.955668
951,1784541766582417242,127847,57029,0.955653
952,1784541766582548486,143366,54165,0.957821
953,1784541766582697229,372073,157719,0.883272
954,1784541766583077439,263713,115201,0.912950
955,1784541766583347319,185353,90086,0.931082
956,1784541766583538137,168045,80586,0.938060
957,1784541766583710997,159290,61140,0.952553
958,1784541766583875242,221304,81737,0.937211
959,1784541766584103558,206480,95150,0.927389
960,1784541766584316626,200325,82536,0.936623
961,1784541766584522358,146377,69846,0.946030
962,1784541766584672899,131086,58990,0.954173
963,1784541766584807544,163863,86918,0.933402
964,1784541766584975053,133829,59986,0.953422
965,1784541766585112273,134533,59500,0.953788
966,1784541766585250359,133509,59662,0.953666
967,1784541766585387472,133523,59884,0.953499
968,1784541766585524593,131368,58497,0.954545
969,1784541766585659535,130433,58074,0.954864
970,1784541766585793556,132359,58316,0.954681
971,1784541766585929627,188179,62831,0.951282
972,1784541766586122800,172151,80689,0.937984
973,1784541766586300315,235404,141108,0.894716
974,1784541766586541079,182652,94253,0.928042
975,1784541766586729438,232749,109930,0.916717
976,1784541766586967238,203653,111262,0.915763
977,1784541766587174989,153407,74715,0.942406
978,1784541766587332338,145914,70914,0.945234
979,1784541766587481890,136426,61629,0.952185
980,1784541766587621871,133389,59157,0.954047
981,1784541766587758660,132590,59344,0.953906
982,1784541766587894795,130932,58569,0.954491
983,1784541766588029340,132435,58995,0.954169
984,1784541766588165218,130575,58510,0.954535
985,1784541766588299297,130328,58136,0.954817
986,1784541766588433017,131350,58616,0.954455
987,1784541766588567718,131122,58663,0.954420
988,1784541766588702448,142962,58521,0.954527
989,1784541766588849208,132203,59211,0.954006
990,1784541766588990941,134352,60546,0.953000
991,1784541766589128927,131498,58781,0.954331
992,1784541766589263933,132796,59479,0.953804
993,1784541766589400079,140880,57877,0.955013
994,1784541766589545973,207229,76358,0.941188
995,1784541766589758655,444190,338957,0.770010
996,1784541766590208653,307415,127305,0.904372
997,1784541766590523640,328214,199759,0.855142
998,1784541766590856763,219546,86592,0.933641
999,1784541766591079689,171690,72227,0.944256
1000,1784541766591255228,141835,61596,0.952210
1001,1784541766591400968,132463,56714,0.955891
1002,1784541766591537390,131038,56915,0.955739
1003,1784541766591672008,129279,57200,0.955524
1004,1784541766591804822,127388,55347,0.956925
1005,1784541766591935523,125593,56073,0.956376
1006,1784541766592064317,129912,57036,0.955648
1007,1784541766592197662,127635,55795,0.956586
1008,1784541766592328828,126860,55407,0.956880
1009,1784541766592459215,127192,55134,0.957087
1010,1784541766592589968,127327,55834,0.956557
1011,1784541766592720638,167114,55425,0.956866
1012,1784541766592892031,133634,61006,0.952654
1013,1784541766593029627,126658,55237,0.957009
1014,1784541766593159926,126314,55196,0.957040
1015,1784541766593290125,126965,55498,0.956811
1016,1784541766593426643,128747,56037,0.956403
1017,1784541766593559145,132729,54611,0.957483
1018,1784541766593695395,126442,54438,0.957614
1019,1784541766593825503,125428,54084,0.957882
1020,1784541766593954620,140798,53763,0.958125
1021,1784541766594100425,160717,73916,0.943000
1022,1784541766594264454,169410,82392,0.936729
1023,1784541766594442825,199199,72263,0.944229
1024,1784541766594647884,181389,84003,0.935543
1025,1784541766594834374,197126,90525,0.930761
1026,1784541766595034941,148018,67745,0.947599
1027,1784541766595186593,133003,58004,0.954917
1028,1784541766595323045,135291,54648,0.957455
1029,1784541766595462148,127227,54692,0.957421
1030,1784541766595592744,125855,54428,0.957621
1031,1784541766595722185,126341,54950,0.957226
1032,1784541766595855947,127666,55478,0.956826
1033,1784541766595987398,123402,54096,0.957873
1034,1784541766596114210,126114,53389,0.958409
1035,1784541766596243928,123602,53869,0.958045
1036,1784541766596371032,137655,53222,0.958536
1037,1784541766596512600,199213,91497,0.930051
1038,1784541766596716829,288963,118146,0.910853
1039,1784541766597013769,356016,173803,0.872370
1040,1784541766597377024,329546,132835,0.900488
1041,1784541766597712173,173202,71737,0.944621
1042,1784541766597890988,272015,104943,0.920301
1043,1784541766598167878,172728,82223,0.936853
1044,1784541766598345887,137842,62995,0.951159
1045,1784541766598487854,151547,55820,0.956567
1046,1784541766598644724,145735,48276,0.962297
1047,1784541766598795796,163399,63512,0.950770
1048,1784541766598963636,201431,111390,0.915672
1049,1784541766599169361,144940,67146,0.948047
1050,1784541766599317955,133957,59086,0.954101
1051,1784541766599455428,131766,57368,0.955397
1052,1784541766599590662,132469,57324,0.955430
1053,1784541766599726619,132505,57740,0.955116
1054,1784541766599862645,128856,55971,0.956453
1055,1784541766599995121,129668,56347,0.956169
1056,1784541766600128298,127796,56296,0.956207
1057,1784541766600259671,129795,56196,0.956283
1058,1784541766600393116,128298,55857,0.956539
1059,1784541766600525201,127024,55404,0.956882
1060,1784541766600655685,127665,55273,0.956981
1061,1784541766600786967,128329,55414,0.956875
1062,1784541766600919058,127760,55177,0.957054
1063,1784541766601050591,127317,54986,0.957199
1064,1784541766601181810,127505,56245,0.956246
1065,1784541766601313050,128346,55828,0.956561
1066,1784541766601444933,128454,55540,0.956779
1067,1784541766601576922,126383,55236,0.957009
1068,1784541766601706929,126340,54801,0.957339
1069,1784541766601837048,137506,55727,0.956638
1070,1784541766601978321,139077,55580,0.956749
1071,1784541766602122829,179895,100264,0.923679
1072,1784541766602308158,153031,68181,0.947273
1073,1784541766602464930,142212,64140,0.950299
1074,1784541766602611189,199804,83547,0.935878
1075,1784541766602819006,226731,76664,0.940961
1076,1784541766603049208,158989,71712,0.944639
1077,1784541766603211515,136845,60484,0.953047
1078,1784541766603351687,152581,54991,0.957195
1079,1784541766603507449,184390,69625,0.946195
1080,1784541766603696911,274945,97794,0.925469
1081,1784541766603978042,317832,172899,0.872978
1082,1784541766604301751,177274,78773,0.939400
1083,1784541766604484769,191071,80906,0.937824
1084,1784541766604681442,176741,84343,0.935293
1085,1784541766604862716,198144,78283,0.939762
1086,1784541766605064995,191838,80760,0.937932
1087,1784541766605262205,148278,66360,0.948635
1088,1784541766605414813,133437,57901,0.954995
1089,1784541766605551878,130571,55929,0.956485
1090,1784541766605686053,127949,55362,0.956914
1091,1784541766605817648,126512,53914,0.958011
1092,1784541766605947767,125911,53908,0.958015
1093,1784541766606077186,125255,54366,0.957668
1094,1784541766606206196,125187,53482,0.958338
1095,1784541766606334897,125462,53947,0.957986
1096,1784541766606463799,124862,53786,0.958108
1097,1784541766606592229,125322,54276,0.957737
1098,1784541766606721035,125783,54290,0.957726
1099,1784541766606850186,153261,54198,0.957796
1100,1784541766607007556,126112,48624,0.962031
1101,1784541766607146149,133888,58783,0.954329
1102,1784541766607283863,128191,55409,0.956878
1103,1784541766607415763,126232,53561,0.958278
1104,1784541766607545578,125674,55355,0.956919
1105,1784541766607674643,169220,53792,0.958103
1106,1784541766607846620,119940,49580,0.961303
1107,1784541766607970068,124689,53214,0.958542
1108,1784541766608098108,124481,53187,0.958562
1109,1784541766608226137,139984,53995,0.957949
1110,1784541766608369661,119230,45241,0.964614
1111,1784541766608492680,126168,53031,0.958680
1112,1784541766608622626,123579,53358,0.958432
1113,1784541766608749738,125478,54220,0.957779
1114,1784541766608878718,123953,52994,0.958709
1115,1784541766609006257,124601,53195,0.958556
1116,1784541766609134279,122650,52828,0.958835
1117,1784541766609260449,127882,59344,0.953906
1118,1784541766609396481,124743,52904,0.958777
1119,1784541766609524766,123303,52519,0.959069
1120,1784541766609651435,123580,52984,0.958716
1121,1784541766609778509,123139,52962,0.958733
1122,1784541766609904979,124922,53691,0.958180
1123,1784541766610033436,151954,51805,0.959611
1124,1784541766610190731,168160,74782,0.942357
1125,1784541766610363952,296397,168568,0.875899
1126,1784541766610668567,263681,117392,0.911389
1127,1784541766610938530,207520,96828,0.926170
1128,1784541766611151125,163958,83129,0.936186
1129,1784541766611319245,153345,75115,0.942109
1130,1784541766611476343,136596,62061,0.951860
1131,1784541766611616205,128822,55851,0.956544
1132,1784541766611748262,135133,60536,0.953008
1133,1784541766611887030,131831,57651,0.955183
1134,1784541766612022336,129911,56302,0.956203
1135,1784541766612155784,129724,56823,0.955809
1136,1784541766612288876,129932,56206,0.956275
1137,1784541766612422453,129915,56488,0.956062
1138,1784541766612555823,138248,57458,0.955329
1139,1784541766612697567,130557,56253,0.956240
1140,1784541766612831459,249796,54609,0.957484
1141,1784541766613084268,130572,55150,0.957075
1142,1784541766613218446,131816,57509,0.955291
1143,1784541766613353905,129801,57453,0.955333
1144,1784541766613487219,128832,56066,0.956381
1145,1784541766613619618,128230,55938,0.956478
1146,1784541766613751433,127426,55902,0.956505
1147,1784541766613882635,127408,55595,0.956738
1148,1784541766614013451,128780,55543,0.956777
1149,1784541766614145573,128466,56007,0.956426
1150,1784541766614277359,128687,55590,0.956742
1151,1784541766614413446,130417,56478,0.956070
1152,1784541766614547353,127478,55173,0.957057
1153,1784541766614678326,138868,56105,0.956352
1154,1784541766614820905,129507,56753,0.955862
1155,1784541766614954045,133852,59886,0.953498
1156,1784541766615091432,131191,58671,0.954414
1157,1784541766615226120,137078,56216,0.956268
1158,1784541766615366664,129836,55954,0.956466
1159,1784541766615500050,127737,55605,0.956730
1160,1784541766615636813,131475,57840,0.955041
1161,1784541766615772166,129305,55599,0.956735
1162,1784541766615905455,128354,55144,0.957079
1163,1784541766616037496,132794,54558,0.957523
1164,1784541766616173111,125258,51763,0.959643
1165,1784541766616301878,130018,56178,0.956297
1166,1784541766616435330,128685,55963,0.956459
1167,1784541766616567678,128203,55440,0.956855
1168,1784541766616699140,127001,54939,0.957234
1169,1784541766616829510,128320,55140,0.957082
1170,1784541766616961106,128708,55634,0.956708
1171,1784541766617093386,127994,55108,0.957106
1172,1784541766617224726,233787,56408,0.956123
1173,1784541766617463151,244330,123445,0.907096
1174,1784541766617712115,244669,148951,0.889289
1175,1784541766617961131,224512,79451,0.938899
1176,1784541766618192386,196108,85726,0.934277
1177,1784541766618393942,167797,79692,0.938721
1178,1784541766618567116,155282,77497,0.940344
1179,1784541766618726992,160951,64049,0.950367
1180,1784541766618891415,333828,149821,0.888690
1181,1784541766619230766,314277,165621,0.877894
1182,1784541766619551087,195350,95122,0.927410
1183,1784541766619750828,146660,68706,0.946881
1184,1784541766619901229,135426,62389,0.951614
1185,1784541766620040004,130812,59502,0.953787
1186,1784541766620185316,131453,61825,0.952038
1187,1784541766620319863,129700,58091,0.954851
1188,1784541766620452676,126564,57011,0.955667
1189,1784541766620582253,126918,57310,0.955441
1190,1784541766620712287,125186,56445,0.956095
1191,1784541766620840649,176210,57229,0.955502
1192,1784541766621020435,136243,60797,0.952811
1193,1784541766621159937,128730,57429,0.955351
1194,1784541766621291639,126917,56391,0.956136
1195,1784541766621421644,126074,56311,0.956196
1196,1784541766621550713,137298,56761,0.955856
1197,1784541766621691050,184246,72051,0.944387
1198,1784541766621880268,181375,77999,0.939972
1199,1784541766622067871,173852,79828,0.938620
1200,1784541766622246916,296151,114809,0.913229
1201,1784541766622548261,193255,95750,0.926953
1202,1784541766622755108,187315,82600,0.936575
1203,1784541766622946625,195509,83408,0.935981
1204,1784541766623146441,196117,83241,0.936103
1205,1784541766623347834,165980,78486,0.939612
1206,1784541766623518045,134489,59464,0.953816
1207,1784541766623656395,125858,54560,0.957521
1208,1784541766623785796,125407,54714,0.957405
1209,1784541766623914690,124190,53825,0.958078
1210,1784541766624042366,123062,53173,0.958573
1211,1784541766624169161,129274,52702,0.958930
1212,1784541766624303557,177132,74282,0.942728
1213,1784541766624485817,177393,69285,0.946449
1214,1784541766624668374,244380,82019,0.937004
1215,1784541766624921871,260043,131300,0.901564
1216,1784541766625189628,286647,97511,0.925674
1217,1784541766625481072,227524,112586,0.914816
1218,1784541766625713493,235421,131859,0.901172
1219,1784541766625953792,162007,75167,0.942071
1220,1784541766626121491,230883,88730,0.932074
1221,1784541766626357986,375091,181019,0.867536
1222,1784541766626739214,275014,106277,0.919340
1223,1784541766627021905,281487,165150,0.878213
1224,1784541766627309618,198511,75849,0.941565
1225,1784541766627514049,162545,72792,0.943835
1226,1784541766627681906,168885,72148,0.944315
1227,1784541766627856725,148781,71313,0.944936
1228,1784541766628009486,108940,57703,0.955144
1229,1784541766628121644,213039,83175,0.936152
1230,1784541766628339951,165205,65989,0.948913
1231,1784541766628510042,134122,70034,0.945890
1232,1784541766628647586,143077,52668,0.958956
1233,1784541766628795625,234244,120681,0.909053
1234,1784541766629037031,169239,66929,0.948209
1235,1784541766629212446,204771,90298,0.930927
1236,1784541766629422799,193709,109127,0.917293
1237,1784541766629620966,181120,70354,0.945651
1238,1784541766629807220,177521,90333,0.930902
1239,1784541766629988889,150197,73779,0.943102
1240,1784541766630142895,140479,67275,0.947950
1241,1784541766630287016,137672,65313,0.949419
1242,1784541766630428437,134811,62805,0.951301
1243,1784541766630566815,136433,65527,0.949259
1244,1784541766630706961,148027,74378,0.942657
1245,1784541766630866208,160224,65383,0.949367
1246,1784541766631031866,154150,65327,0.949409
1247,1784541766631191281,152605,78773,0.939400
1248,1784541766631348239,194111,67505,0.947778
1249,1784541766631546124,207539,90971,0.930435
1250,1784541766631756725,193293,67717,0.947620
1251,1784541766631955958,214784,110002,0.916666
1252,1784541766632176686,305139,114346,0.913559
1253,1784541766632485537,228150,127467,0.904258
1254,1784541766632717837,152384,72898,0.943757
1255,1784541766632874831,147063,69113,0.946577
1256,1784541766633026034,148783,70913,0.945234
1257,1784541766633179037,144104,69405,0.946359
1258,1784541766633327137,157150,75318,0.941959
1259,1784541766633488288,164519,75647,0.941715
1260,1784541766633657647,156066,76610,0.941001
1261,1784541766633818696,164698,70886,0.945254
1262,1784541766633987474,170288,66805,0.948302
1263,1784541766634164407,226156,123288,0.907207
1264,1784541766634396709,194821,99056,0.924554
1265,1784541766634596574,179105,66718,0.948367
1266,1784541766634779170,227226,82937,0.936327
1267,1784541766635011649,176544,108482,0.917756
1268,1784541766635192467,152420,62414,0.951595
1269,1784541766635348883,140613,61938,0.951953
1270,1784541766635493192,135932,60030,0.953389
1271,1784541766635633017,147127,58557,0.954500
1272,1784541766635790608,136868,59925,0.953468
1273,1784541766635931328,133910,58495,0.954546
1274,1784541766636068726,132876,57746,0.955112
1275,1784541766636205287,131785,57283,0.955461
1276,1784541766636340661,131807,57328,0.955427
1277,1784541766636476067,147471,57131,0.955576
1278,1784541766636627161,134095,58838,0.954288
1279,1784541766636765011,130939,57156,0.955557
1280,1784541766636899163,131379,56973,0.955696
1281,1784541766637034062,131305,57189,0.955532
1282,1784541766637168961,130692,57100,0.955600
1283,1784541766637302983,130694,57446,0.955338
1284,1784541766637437070,129865,57102,0.955598
1285,1784541766637570363,131119,57249,0.955487
1286,1784541766637704976,131149,57569,0.955245
1287,1784541766637839500,132862,62090,0.951839
1288,1784541766637979516,130985,56894,0.955755
1289,1784541766638113955,188072,55683,0.956671
1290,1784541766638307353,176456,73288,0.943467
1291,1784541766638489660,165778,77188,0.940573
1292,1784541766638660671,217629,83154,0.936168
1293,1784541766638884705,248129,129209,0.903032
1294,1784541766639138508,212492,89127,0.931784
1295,1784541766639365567,202389,93399,0.928664
1296,1784541766639574095,172557,83270,0.936082
1297,1784541766639750940,114462,69604,0.946210
1298,1784541766639868522,128210,50894,0.960304
1299,1784541766640000169,130842,56892,0.955757
1300,1784541766640134554,126079,54261,0.957748
1301,1784541766640264102,127319,54928,0.957243
1302,1784541766640394875,125857,54184,0.957806
1303,1784541766640524164,124799,53157,0.958585
1304,1784541766640652454,124804,52987,0.958714
1305,1784541766640780513,125702,53972,0.957967
1306,1784541766640909729,125100,53999,0.957946
1307,1784541766641038264,123814,52744,0.958898
1308,1784541766641165583,124365,53380,0.958416
1309,1784541766641293347,173221,53865,0.958048
1310,1784541766641470364,126214,54590,0.957499
1311,1784541766641600008,123099,53466,0.958351
1312,1784541766641726576,122798,53734,0.958147
1313,1784541766641852743,122982,53137,0.958600
1314,1784541766641979073,123090,52621,0.958992
1315,1784541766642105541,155515,68436,0.947083
1316,1784541766642264373,137108,77255,0.940523
1317,1784541766642404696,142798,66699,0.948381
1318,1784541766642552760,124680,70213,0.945756
1319,1784541766642681371,203345,85342,0.934559
1320,1784541766642888930,160690,67225,0.947988
1321,1784541766643053685,137722,62531,0.951507
1322,1784541766643195200,126317,54716,0.957403
1323,1784541766643325034,123941,54268,0.957743
1324,1784541766643452313,122531,53028,0.958683
1325,1784541766643578218,161353,52894,0.958784
1326,1784541766643743370,132631,58569,0.954491
1327,1784541766643879617,125484,55006,0.957184
1328,1784541766644008512,123370,54243,0.957762
1329,1784541766644135152,122384,53624,0.958231
1330,1784541766644274300,125623,55299,0.956962
1331,1784541766644403740,123380,53763,0.958125
1332,1784541766644530710,122065,52335,0.959209
1333,1784541766644656334,122376,52835,0.958829
1334,1784541766644782348,121714,52577,0.959025
1335,1784541766644907701,120677,52324,0.959217
1336,1784541766645031839,125446,51801,0.959614
1337,1784541766645161275,195939,87816,0.932744
1338,1784541766645362893,226167,91866,0.929782
1339,1784541766645595680,339978,127407,0.904300
1340,1784541766645942321,255317,109137,0.917286
1341,1784541766646203075,207436,87498,0.932977
1342,1784541766646415552,160092,68753,0.946846
1343,1784541766646580766,160503,62735,0.951354
1344,1784541766646746011,145476,65024,0.949636
1345,1784541766646895601,174515,62441,0.951575
1346,1784541766647074182,150600,66806,0.948301
1347,1784541766647229067,145325,64186,0.950264
1348,1784541766647377983,143539,63025,0.951136
1349,1784541766647525237,142568,60426,0.953091
1350,1784541766647671312,134656,57614,0.955211
1351,1784541766647809797,137616,61114,0.952573
1352,1784541766647950971,134390,58760,0.954346
1353,1784541766648088927,133481,58021,0.954904
1354,1784541766648226029,132101,57432,0.955349
1355,1784541766648361666,134472,59246,0.953980
1356,1784541766648506991,136840,60491,0.953042
1357,1784541766648647466,133062,57725,0.955128
1358,1784541766648783974,131806,57453,0.955333
1359,1784541766648919370,131667,57560,0.955252
1360,1784541766649054407,130960,57375,0.955392
1361,1784541766649188902,132029,57675,0.955165
1362,1784541766649324445,132207,57440,0.955343
1363,1784541766649460253,131656,57621,0.955206
1364,1784541766649595452,130252,57034,0.955650
1365,1784541766649729221,129463,57362,0.955402
1366,1784541766649862229,150899,56881,0.955765
1367,1784541766650018389,252571,74122,0.942847
1368,1784541766650279095,208068,114221,0.913649
1369,1784541766650493361,182394,63360,0.950884
1370,1784541766650679722,171741,71348,0.944910
1371,1784541766650854569,249356,66410,0.948598
1372,1784541766651114747,171476,76012,0.941444
1373,1784541766651290534,148322,62973,0.951175
1374,1784541766651442453,133858,57807,0.955066
1375,1784541766651579877,132543,58518,0.954529
1376,1784541766651715962,129541,56749,0.955865
1377,1784541766651849121,129760,55463,0.956838
1378,1784541766651982380,128875,56073,0.956376
1379,1784541766652114911,191479,89533,0.931486
1380,1784541766652311361,171012,82518,0.936636
1381,1784541766652487365,174930,57757,0.955103
1382,1784541766652668204,328969,140744,0.894969
1383,1784541766653003034,243843,143440,0.893098
1384,1784541766653251883,158646,68564,0.946987
1385,1784541766653417088,172248,73724,0.943142
1386,1784541766653594496,154484,57593,0.955227
1387,1784541766653753282,156623,74936,0.942242
1388,1784541766653913093,140188,58631,0.954444
1389,1784541766654056861,130884,56540,0.956023
1390,1784541766654191359,128565,55250,0.956999
1391,1784541766654323382,127028,54125,0.957851
1392,1784541766654453862,126717,54020,0.957931
1393,1784541766654584168,126118,54278,0.957735
1394,1784541766654713626,125676,54276,0.957737
1395,1784541766654842765,125811,54263,0.957746
1396,1784541766654972037,174572,100357,0.923612
1397,1784541766655150421,129899,58609,0.954460
1398,1784541766655284001,127988,55777,0.956600
1399,1784541766655415569,126678,54705,0.957412
1400,1784541766655545775,125341,53733,0.958148
1401,1784541766655674832,125069,54050,0.957908
1402,1784541766655803305,124983,52832,0.958831
1403,1784541766655931750,124888,52844,0.958822
1404,1784541766656060038,124796,53825,0.958078
1405,1784541766656188528,125202,53820,0.958082
1406,1784541766656317212,124605,53387,0.958410
1407,1784541766656445583,126269,54059,0.957901
1408,1784541766656575372,124731,53966,0.957971
1409,1784541766656703721,124298,53405,0.958397
1410,1784541766656831702,126258,54554,0.957526
1411,1784541766656961370,129338,56194,0.956285
1412,1784541766657094392,126769,54760,0.957370
1413,1784541766657224665,125567,54268,0.957743
1414,1784541766657353578,124984,53276,0.958495
1415,1784541766657489967,129339,56661,0.955931
1416,1784541766657623008,124567,53302,0.958475
1417,1784541766657751062,126226,54080,0.957885
1418,1784541766657880742,124480,53032,0.958680
1419,1784541766658008506,131915,53595,0.958253
1420,1784541766658145610,146916,66598,0.948457
1421,1784541766658296209,220445,70985,0.945181
1422,1784541766658521292,186993,91535,0.930024
1423,1784541766658711336,145527,64270,0.950201
1424,1784541766658860497,174063,67475,0.947801
1425,1784541766659039817,405750,130602,0.902054
1426,1784541766659454073,462857,164139,0.878899
1427,1784541766659926536,188562,96663,0.926290
1428,1784541766660121219,166800,72898,0.943757
1429,1784541766660292345,185035,72519,0.944038
1430,1784541766660480781,157855,74209,0.942782
1431,1784541766660642401,150205,58685,0.954403
1432,1784541766660795463,131682,50877,0.960316
1433,1784541766660930797,156339,59706,0.953633
1434,1784541766661091124,138369,61226,0.952489
1435,1784541766661233459,133360,57792,0.955077
1436,1784541766661370227,133416,57816,0.955059
1437,1784541766661507419,131043,57816,0.955059
1438,1784541766661641988,130562,56444,0.956096
1439,1784541766661776007,130888,57558,0.955254
1440,1784541766661910332,129937,55901,0.956506
1441,1784541766662049755,131862,57636,0.955195
1442,1784541766662185073,128747,56410,0.956121
1443,1784541766662317415,129116,56344,0.956171
1444,1784541766662449974,129166,55855,0.956541
1445,1784541766662582422,128821,55960,0.956462
1446,1784541766662714771,128363,55710,0.956651
1447,1784541766662847008,128109,55267,0.956986
1448,1784541766663008230,140508,62359,0.951636
1449,1784541766663152787,133444,59275,0.953958
1450,1784541766663290092,130383,57345,0.955415
1451,1784541766663424002,129698,56782,0.955840
1452,1784541766663557231,128514,55745,0.956624
1453,1784541766663689020,129074,56265,0.956231
1454,1784541766663821683,128563,55697,0.956661
1455,1784541766663956914,129124,56427,0.956108
1456,1784541766664089813,129089,56117,0.956343
1457,1784541766664222632,132075,61124,0.952565
1458,1784541766664361812,125343,53696,0.958176
1459,1784541766664490831,128067,55941,0.956476
1460,1784541766664622514,126883,54636,0.957464
1461,1784541766664753048,132458,55207,0.957031
1462,1784541766664888934,128366,55328,0.956940
1463,1784541766665020664,127252,56162,0.956309
1464,1784541766665151338,126902,54838,0.957311
1465,1784541766665281719,127695,55683,0.956671
1466,1784541766665412776,127643,55400,0.956885
1467,1784541766665543971,127316,54862,0.957293
1468,1784541766665674730,126736,55621,0.956718
1469,1784541766665804746,127269,55143,0.957080
1470,1784541766665935565,191288,73685,0.943171
1471,1784541766666132134,248423,86776,0.933506
1472,1784541766666385773,180599,87115,0.933257
1473,1784541766666570577,172172,78069,0.939920
1474,1784541766666746226,172396,84296,0.935327
1475,1784541766666922146,156926,75008,0.942189
1476,1784541766667083021,139683,65460,0.949309
1477,1784541766667226555,135216,59388,0.953873
1478,1784541766667365289,124960,53851,0.958059
1479,1784541766667493844,123345,53338,0.958448
1480,1784541766667620571,123001,53023,0.958687
1481,1784541766667747116,123640,53574,0.958269
1482,1784541766667874293,123097,52668,0.958956
1483,1784541766668000853,122587,53044,0.958671
1484,1784541766668126986,122215,52935,0.958753
1485,1784541766668252514,123294,53548,0.958288
1486,1784541766668379381,121910,52844,0.958822
1487,1784541766668504709,121556,52497,0.959086
1488,1784541766668629766,121775,52671,0.958954
1489,1784541766668755051,122567,52832,0.958831
1490,1784541766668880927,121750,52706,0.958927
1491,1784541766669006294,122469,53011,0.958696
1492,1784541766669132291,121747,52320,0.959220
1493,1784541766669257812,121769,52909,0.958773
1494,1784541766669383207,120794,52161,0.959341
1495,1784541766669507609,122368,52922,0.958763
1496,1784541766669633504,169175,53846,0.958062
1497,1784541766669805866,155840,50392,0.960685
1498,1784541766669964356,136120,48232,0.962330
1499,1784541766670104166,125346,54181,0.957809
1500,1784541766670238973,127232,55891,0.956514
1501,1784541766670370134,123749,54166,0.957820
1502,1784541766670497306,121524,52452,0.959120
1503,1784541766670622328,121820,52393,0.959165
1504,1784541766670747438,122218,53043,0.958671
1505,1784541766670873019,142862,52580,0.959023
1506,1784541766671019719,133015,57236,0.955497
1507,1784541766671156594,127878,56691,0.955909
1508,1784541766671288007,125635,54869,0.957287
1509,1784541766671417163,126678,55195,0.957040
1510,1784541766671547374,124534,53610,0.958241
1511,1784541766671675425,123129,52922,0.958763
1512,1784541766671802143,123223,53120,0.958613
1513,1784541766671928928,123368,53544,0.958291
1514,1784541766672055751,122996,52934,0.958754
1515,1784541766672182167,122885,53200,0.958552
1516,1784541766672308533,122862,53001,0.958703
1517,1784541766672434843,123684,53245,0.958518
1518,1784541766672561993,123270,53411,0.958392
1519,1784541766672688738,122778,53046,0.958669
1520,1784541766672815006,136909,52656,0.958965
1521,1784541766672957745,222227,94702,0.927715
1522,1784541766673185728,261019,98163,0.925201
1523,1784541766673452506,299190,122888,0.907490
1524,1784541766673759436,286529,126305,0.905077
1525,1784541766674051349,209182,72947,0.943720
1526,1784541766674275425,174348,86014,0.934065
1527,1784541766674454431,163222,55412,0.956876
1528,1784541766674622939,141422,80343,0.938240
1529,1784541766674769103,175110,68723,0.946868
1530,1784541766674947376,146911,72829,0.943808
1531,1784541766675096966,127960,54505,0.957563
1532,1784541766675227486,142303,51183,0.960084
1533,1784541766675373311,138205,58953,0.954201
1534,1784541766675515299,130204,55168,0.957061
1535,1784541766675649145,134344,59226,0.953995
1536,1784541766675787109,132690,58149,0.954807
1537,1784541766675923526,142020,57911,0.954987
1538,1784541766676069257,132185,58150,0.954807
1539,1784541766676205146,133270,58641,0.954436
1540,1784541766676341953,131261,57260,0.955479
1541,1784541766676476678,131623,57904,0.954992
1542,1784541766676616304,131799,58467,0.954567
1543,1784541766676752103,131082,57459,0.955328
1544,1784541766676886841,130810,56349,0.956167
1545,1784541766677021192,131267,57392,0.955379
1546,1784541766677155897,130717,57012,0.955666
1547,1784541766677290016,128289,56574,0.955997
1548,1784541766677421798,129061,56195,0.956284
1549,1784541766677554433,131613,57381,0.955387
1550,1784541766677689830,128891,56425,0.956110
1551,1784541766677822414,130457,56347,0.956169
1552,1784541766677956386,130668,56554,0.956012
1553,1784541766678090425,130291,56674,0.955922
1554,1784541766678224394,129274,55484,0.956822
1555,1784541766678357158,130503,56816,0.955814
1556,1784541766678491183,130043,56498,0.956055
1557,1784541766678624868,130287,56961,0.955705
1558,1784541766678758790,129134,56620,0.955962
1559,1784541766678891415,130336,56457,0.956086
1560,1784541766679025402,132059,58169,0.954792
1561,1784541766679161068,129661,56958,0.955707
1562,1784541766679294199,130554,57181,0.955538
1563,1784541766679428285,129806,56547,0.956018
1564,1784541766679561464,130108,56253,0.956240
1565,1784541766679695028,130153,56556,0.956011
1566,1784541766679828643,161946,54289,0.957727
1567,1784541766679996137,185432,70026,0.945896
1568,1784541766680187588,285530,101713,0.922631
1569,1784541766680478705,197814,83429,0.935965
1570,1784541766680682013,175214,86613,0.933626
1571,1784541766680862351,180719,77397,0.940418
1572,1784541766681047491,155854,71842,0.944542
1573,1784541766681207275,236254,81187,0.937617
1574,1784541766681448995,252359,128681,0.903404
1575,1784541766681706883,230632,100868,0.923242
1576,1784541766681942373,152706,70970,0.945192
1577,1784541766682100281,146440,68334,0.947159
1578,1784541766682252276,198489,79174,0.939103
1579,1784541766682458710,218010,97163,0.925926
1580,1784541766682682764,152582,80068,0.938443
1581,1784541766682838994,163464,50548,0.960567
1582,1784541766683006548,147729,66347,0.948645
1583,1784541766683157571,140106,59739,0.953608
1584,1784541766683301292,131801,58342,0.954662
1585,1784541766683444505,189798,59021,0.954150
1586,1784541766683638540,212746,77922,0.940029
1587,1784541766683856352,227871,97137,0.925945
1588,1784541766684089049,217555,100010,0.923863
1589,1784541766684312227,170954,77707,0.940188
1590,1784541766684487055,163712,71698,0.944650
1591,1784541766684655817,193319,100494,0.923512
1592,1784541766684853550,185874,80890,0.937836
1593,1784541766685044282,146418,65983,0.948917
1594,1784541766685194405,132252,57207,0.955519
1595,1784541766685330173,107749,45607,0.964334
1596,1784541766685440765,123996,50117,0.960895
1597,1784541766685568358,126782,54695,0.957419
1598,1784541766685698701,125742,53651,0.958210
1599,1784541766685827956,125108,53780,0.958112
1600,1784541766685956607,124435,53288,0.958486
1601,1784541766686084395,125907,54165,0.957821
1602,1784541766686213863,125321,53814,0.958087
1603,1784541766686342808,123845,53089,0.958636
1604,1784541766686470031,149617,54442,0.957611
1605,1784541766686623570,128146,55410,0.956878
1606,1784541766686755418,134662,54071,0.957892
1607,1784541766686895443,188301,68120,0.947319
1608,1784541766687091167,182647,86288,0.933864
1609,1784541766687280385,189045,81510,0.937379
1610,1784541766687474978,239326,86021,0.934060
1611,1784541766687718795,183653,81405,0.937456
1612,1784541766687916898,207582,99635,0.924134
1613,1784541766688130532,163058,77125,0.940619
1614,1784541766688298802,154176,67041,0.948125
1615,1784541766688457084,135225,60220,0.953246
1616,1784541766688595713,130118,57197,0.955526
1617,1784541766688729245,127816,56522,0.956037
1618,1784541766688860491,127664,56297,0.956207
1619,1784541766688991791,127991,55546,0.956775
1620,1784541766689123486,129021,56623,0.955960
1621,1784541766689255918,128434,56081,0.956370
1622,1784541766689387937,128835,56254,0.956239
1623,1784541766689520333,128100,57054,0.955634
1624,1784541766689652069,128673,55855,0.956541
1625,1784541766689784057,128273,56191,0.956287
1626,1784541766689915675,127881,56088,0.956365
1627,1784541766690047020,128777,62010,0.951899
1628,1784541766690183772,189669,97129,0.925951
1629,1784541766690376777,173266,70187,0.945776
1630,1784541766690554784,151622,63870,0.950502
1631,1784541766690711430,174662,51973,0.959484
1632,1784541766690889340,179418,78168,0.939847
1633,1784541766691072880,148413,66987,0.948166
1634,1784541766691225269,135523,59168,0.954039
1635,1784541766691370452,142743,63775,0.950573
1636,1784541766691516669,132019,58328,0.954672
1637,1784541766691652204,131679,57644,0.955189
1638,1784541766691787429,131480,57211,0.955516
1639,1784541766691922198,130184,56930,0.955728
1640,1784541766692055682,129487,56747,0.955866
1641,1784541766692188386,130672,57417,0.955360
1642,1784541766692322511,130045,56778,0.955843
1643,1784541766692455764,129757,56761,0.955856
1644,1784541766692589097,130265,57037,0.955647
1645,1784541766692722875,129314,56804,0.955823
1646,1784541766692855520,128768,56359,0.956160
1647,1784541766692987691,129465,56318,0.956191
1648,1784541766693120433,134607,56140,0.956325
1649,1784541766693258752,130328,57363,0.955401
1650,1784541766693392683,127439,55945,0.956473
1651,1784541766693523887,128683,55863,0.956535
1652,1784541766693655990,129596,56513,0.956043
1653,1784541766693788856,199549,74825,0.942325
1654,1784541766693993758,219408,93347,0.928702
1655,1784541766694304113,219423,107796,0.918249
1656,1784541766694529489,194386,87973,0.932628
1657,1784541766694728861,162298,81676,0.937256
1658,1784541766694895457,166601,75008,0.942189
1659,1784541766695065332,150229,68644,0.946927
1660,1784541766695218982,130367,56277,0.956222
1661,1784541766695353012,126156,54641,0.957460
1662,1784541766695482476,125569,54059,0.957901
1663,1784541766695611600,124548,53473,0.958345
1664,1784541766695739664,125469,48714,0.961963
1665,1784541766695867976,121526,49345,0.961482
1666,1784541766695992777,124782,54190,0.957802
1667,1784541766696121220,124298,53064,0.958655
1668,1784541766696249023,124137,53586,0.958260
1669,1784541766696376762,124120,53880,0.958037
1670,1784541766696513313,127678,55886,0.956518
1671,1784541766696644697,123243,53923,0.958004
1672,1784541766696771672,124851,54710,0.957408
1673,1784541766696900367,124076,54530,0.957544
1674,1784541766697027973,122439,53207,0.958547
1675,1784541766697153878,122616,54117,0.957857
1676,1784541766697280126,124675,53548,0.958288
1677,1784541766697408334,178131,56391,0.956136
1678,1784541766697589785,206569,80266,0.938297
1679,1784541766697801515,161707,74357,0.942672
1680,1784541766697968817,126954,72407,0.944122
1681,1784541766698099645,167105,82828,0.936408
1682,1784541766698271377,182393,72195,0.944280
1683,1784541766698459289,187933,79016,0.939220
1684,1784541766698652506,271073,95630,0.927040
1685,1784541766698928839,210532,105648,0.919793
1686,1784541766699145001,161419,75113,0.942111
1687,1784541766699311394,140340,65383,0.949367
1688,1784541766699455441,129100,56464,0.956080
1689,1784541766699588156,134552,54792,0.957346
1690,1784541766699726309,127490,54647,0.957455
1691,1784541766699857283,126060,55113,0.957103
1692,1784541766699986701,124291,53816,0.958085
1693,1784541766700114476,125464,54317,0.957705
1694,1784541766700243451,123868,53429,0.958379
1695,1784541766700371047,124769,53357,0.958433
1696,1784541766700504092,126948,55688,0.956667
1697,1784541766700634558,132796,54341,0.957687
1698,1784541766700772010,190530,99366,0.924329
1699,1784541766700967543,212555,94986,0.927509
1700,1784541766701185209,277541,85181,0.934677
1701,1784541766701468183,210473,105981,0.919553
1702,1784541766701684206,195315,98818,0.924726
1703,1784541766701884869,239905,133192,0.900238
1704,1784541766702128355,168252,73372,0.943404
1705,1784541766702301861,149738,69191,0.946519
1706,1784541766702455946,136416,59896,0.953490
1707,1784541766702596345,133174,58331,0.954670
1708,1784541766702733244,132904,57776,0.955089
1709,1784541766702869692,138543,57218,0.955511
1710,1784541766703011889,137208,62677,0.951397
1711,1784541766703152774,133823,58892,0.954247
1712,1784541766703298729,135219,60377,0.953128
1713,1784541766703437868,132432,58203,0.954767
1714,1784541766703573936,128251,56426,0.956109
1715,1784541766703705749,128006,55640,0.956704
1716,1784541766703837245,131686,59146,0.954055
1717,1784541766703972623,128289,55968,0.956456
1718,1784541766704104599,128477,56039,0.956402
1719,1784541766704236756,127317,56038,0.956403
1720,1784541766704367685,127393,55827,0.956562
1721,1784541766704498692,126273,55619,0.956720
1722,1784541766704628565,127511,55173,0.957057
1723,1784541766704759551,125963,55278,0.956978
1724,1784541766704889114,127219,55622,0.956717
1725,1784541766705019946,126795,55727,0.956638
1726,1784541766705150180,125460,54856,0.957297
1727,1784541766705279146,125987,55141,0.957081
1728,1784541766705408528,127060,55397,0.956888
1729,1784541766705539069,126589,55171,0.957059
1730,1784541766705669200,126263,54946,0.957229
1731,1784541766705799085,127102,55192,0.957043
1732,1784541766705929730,127429,55268,0.956985
1733,1784541766706060743,154772,63841,0.950523
1734,1784541766706218679,155920,75039,0.942166
1735,1784541766706379480,167928,83700,0.935766
1736,1784541766706552312,145340,57814,0.955060
1737,1784541766706702946,203636,72327,0.944181
1738,1784541766706910316,178321,88309,0.932382
1739,1784541766707092529,142451,65550,0.949242
1740,1784541766707238780,129848,56245,0.956246
1741,1784541766707372052,127805,55496,0.956813
1742,1784541766707503459,125197,54087,0.957880
1743,1784541766707632231,136157,54071,0.957892
1744,1784541766707773523,205262,82016,0.937006
1745,1784541766707984312,149869,78877,0.939323
1746,1784541766708139583,214875,94261,0.928036
1747,1784541766708359544,215536,86247,0.933894
1748,1784541766708580355,177116,88019,0.932595
1749,1784541766708762525,200571,72489,0.944061
1750,1784541766708968555,165432,71953,0.944460
1751,1784541766709138884,140439,63909,0.950472
1752,1784541766709283245,130388,56327,0.956184
1753,1784541766709417057,128101,55314,0.956950
1754,1784541766709548458,126182,54064,0.957897
1755,1784541766709692096,133142,56633,0.955953
1756,1784541766709828845,135487,62372,0.951627
1757,1784541766709967953,126237,54682,0.957429
1758,1784541766710097610,127976,54925,0.957245
1759,1784541766710229149,127656,55480,0.956825
1760,1784541766710360335,125780,54327,0.957698
1761,1784541766710489743,126378,53754,0.958132
1762,1784541766710619654,126272,53357,0.958433
1763,1784541766710749545,135647,65398,0.949356
1764,1784541766710888537,130489,55119,0.957098
1765,1784541766711022650,137394,63426,0.950835
1766,1784541766711163710,129396,56944,0.955718
1767,1784541766711296496,138194,55346,0.956926
1768,1784541766711437604,123364,51148,0.960110
1769,1784541766711564546,126854,54672,0.957437
1770,1784541766711694813,131398,53624,0.958231
1771,1784541766711829833,124146,53825,0.958078
1772,1784541766711957223,123637,53406,0.958396
1773,1784541766712084356,124391,53230,0.958530
1774,1784541766712212233,123454,52861,0.958809
1775,1784541766712339163,123347,53157,0.958585
1776,1784541766712465875,126702,53288,0.958486
1777,1784541766712595935,125655,55324,0.956943
1778,1784541766712724909,124476,53902,0.958020
1779,1784541766712852817,123973,54374,0.957662
1780,1784541766712980196,124073,54001,0.957945
1781,1784541766713111409,126272,55216,0.957025
1782,1784541766713241350,125452,53702,0.958172
1783,1784541766713370357,123219,53128,0.958607
1784,1784541766713496736,122603,52683,0.958945
1785,1784541766713622961,123402,53299,0.958477
1786,1784541766713749903,121857,52889,0.958788
1787,1784541766713875753,124789,53511,0.958316
1788,1784541766714004016,153319,81739,0.937210
1789,1784541766714161008,203502,100952,0.923181
1790,1784541766714369572,171409,83520,0.935898
1791,1784541766714545812,160971,68651,0.946922
1792,1784541766714711948,216953,86874,0.933434
1793,1784541766714934662,348042,135072,0.898922
1794,1784541766715288375,205188,94420,0.927920
1795,1784541766715501342,195718,100204,0.923722
1796,1784541766715702409,121591,63607,0.950699
1797,1784541766715826947,114942,69820,0.946049
1798,1784541766715952765,106045,58752,0.954352
1799,1784541766716061534,106215,60018,0.953398
1800,1784541766716170391,106802,57018,0.955662
1801,1784541766716279827,106673,57382,0.955387
1802,1784541766716389135,105906,56964,0.955702
1803,1784541766716497784,106170,58112,0.954835
1804,1784541766716606653,110165,59116,0.954078
1805,1784541766716719517,128408,40619,0.968156
1806,1784541766716851770,160715,71768,0.944597
1807,1784541766717018059,173766,90100,0.931072
1808,1784541766717196531,161955,62349,0.951644
1809,1784541766717363871,156735,72528,0.944032
1810,1784541766717525723,136232,60172,0.953282
1811,1784541766717665596,131308,57631,0.955199
1812,1784541766717800384,129230,56421,0.956113
1813,1784541766717932972,128970,57006,0.955671
1814,1784541766718065259,192337,110774,0.916113
1815,1784541766718261128,131615,57656,0.955180
1816,1784541766718396086,131035,57091,0.955606
1817,1784541766718530399,131744,57847,0.955035
1818,1784541766718665543,130551,56646,0.955943
1819,1784541766718799510,130828,56665,0.955928
1820,1784541766718933696,135444,61045,0.952625
1821,1784541766719072733,130719,57594,0.955227
1822,1784541766719207105,129822,56247,0.956244
1823,1784541766719340664,128850,56680,0.955917
1824,1784541766719472987,129168,56008,0.956425
1825,1784541766719605783,130061,56893,0.955756
1826,1784541766719739159,128868,55685,0.956670
1827,1784541766719871445,127527,55414,0.956875
1828,1784541766720002344,129294,55859,0.956538
1829,1784541766720135073,129334,56742,0.955870
1830,1784541766720267895,130295,56614,0.955967
1831,1784541766720401662,128535,56103,0.956353
1832,1784541766720533613,129965,56658,0.955934
1833,1784541766720667203,128239,56009,0.956425
1834,1784541766720798800,128679,55847,0.956547
1835,1784541766720930863,128214,56083,0.956369
1836,1784541766721062449,128528,56323,0.956187
1837,1784541766721194439,129041,56581,0.955992
1838,1784541766721326817,128432,55677,0.956676
1839,1784541766721462103,129145,56839,0.955797
1840,1784541766721601163,126548,67955,0.947442
1841,1784541766721731838,188324,82473,0.936669
1842,1784541766721925544,220903,76619,0.940994
1843,1784541766722152411,270661,96666,0.926287
1844,1784541766722428607,274124,161804,0.880486
1845,1784541766722708203,236173,83575,0.935858
1846,1784541766722950327,164457,69927,0.945970
1847,1784541766723119540,131496,69211,0.946504
1848,1784541766723254224,109893,49672,0.961233
1849,1784541766723366715,107710,48351,0.962239
1850,1784541766723477186,101294,48159,0.962386
1851,1784541766723581118,98995,47409,0.962958
1852,1784541766723682813,98504,49047,0.961709
1853,1784541766723783764,102196,47648,0.962775
1854,1784541766723888561,97722,47103,0.963191
1855,1784541766723988790,96660,47415,0.962953
1856,1784541766724087942,97205,47970,0.962530
1857,1784541766724187717,96894,47431,0.962941
1858,1784541766724287231,96425,47435,0.962938
1859,1784541766724386260,96187,47380,0.962980
1860,1784541766724484945,94633,46600,0.963575
1861,1784541766724582239,95011,47398,0.962966
1862,1784541766724679827,95045,47260,0.963071
1863,1784541766724777714,94016,46478,0.963668
1864,1784541766724874337,95346,47005,0.963266
1865,1784541766724972304,94517,46580,0.963591
1866,1784541766725073712,96977,48604,0.962047
1867,1784541766725173244,94448,47033,0.963245
1868,1784541766725270252,95141,46905,0.963342
1869,1784541766725368080,94922,47790,0.962667
1870,1784541766725465559,94197,46541,0.963620
1871,1784541766725562288,98446,47198,0.963119
1872,1784541766725663301,106708,47495,0.962892
1873,1784541766725772659,95995,47682,0.962750
1874,1784541766725871379,96844,48075,0.962450
1875,1784541766725970837,94782,46981,0.963284
1876,1784541766726068179,96280,47588,0.962821
1877,1784541766726167242,97387,47998,0.962509
1878,1784541766726267283,100464,50179,0.960847
1879,1784541766726370493,96144,47750,0.962698
1880,1784541766726469257,95155,47221,0.963101
1881,1784541766726567009,95834,47577,0.962830
1882,1784541766726667624,97366,49020,0.961730
1883,1784541766726767861,95999,48530,0.962103
1884,1784541766726866381,95502,47402,0.962963
1885,1784541766726964579,98298,47347,0.963005
1886,1784541766727065691,95832,49883,0.961073
1887,1784541766727164196,93023,47409,0.962958
1888,1784541766727259761,94535,47560,0.962843
1889,1784541766727356824,91562,47949,0.962546
1890,1784541766727450899,92767,47936,0.962556
1891,1784541766727546389,93094,48190,0.962362
1892,1784541766727641999,91718,47150,0.963155
1893,1784541766727736251,92819,48148,0.962394
1894,1784541766727831576,92780,47445,0.962930
1895,1784541766727926860,92953,47757,0.962692
1896,1784541766728022345,92005,47434,0.962939
1897,1784541766728116795,92291,47713,0.962726
1898,1784541766728211701,92243,47647,0.962776
1899,1784541766728306504,91912,47075,0.963213
1900,1784541766728400889,91814,47588,0.962821
1901,1784541766728495213,156718,50070,0.960930
1902,1784541766728658399,312002,157056,0.883725
1903,1784541766728979089,347504,129708,0.902681
1904,1784541766729342535,321505,186011,0.864212
1905,1784541766729673761,226789,95837,0.926890
1906,1784541766729906475,234827,98604,0.924881
1907,1784541766730145639,204958,71906,0.944495
1908,1784541766730357223,486814,187314,0.863347
1909,1784541766730850454,364608,162920,0.879727
1910,1784541766731220402,451022,258526,0.817751
1911,1784541766731677170,314802,124106,0.906629
1912,1784541766731997817,224220,105853,0.919645
1913,1784541766732226516,163440,74088,0.942872
1914,1784541766732393651,141290,62349,0.951644
1915,1784541766732538200,139458,59497,0.953791
1916,1784541766732681483,223165,58067,0.954869
1917,1784541766732909849,247489,78260,0.939779
1918,1784541766733162834,254031,107327,0.918586
1919,1784541766733422303,287459,116181,0.912251
1920,1784541766733715301,236264,95813,0.926907
1921,1784541766733956782,230865,103277,0.921502
1922,1784541766734192283,168784,80024,0.938475
1923,1784541766734365210,151119,73354,0.943417
1924,1784541766734520191,143850,69256,0.946470
1925,1784541766734675923,146558,73234,0.943507
1926,1784541766734826305,146566,68225,0.947240
1927,1784541766734976531,150219,94448,0.927900
1928,1784541766735151899,142054,69830,0.946042
1929,1784541766735297852,137032,65753,0.949090
1930,1784541766735438559,214466,66340,0.948650
1931,1784541766735658513,259371,114221,0.913649
1932,1784541766735924075,291759,115698,0.912595
1933,1784541766736222238,360053,204667,0.851935
1934,1784541766736588726,223395,89122,0.931787
1935,1784541766736817643,194554,79258,0.939041
1936,1784541766737017890,196802,79022,0.939216
1937,1784541766737220288,197066,110565,0.916263
1938,1784541766737421399,136130,58648,0.954431
1939,1784541766737561334,128524,55384,0.956897
1940,1784541766737693387,126569,54783,0.957352
1941,1784541766737823407,127618,54964,0.957215
1942,1784541766737954472,125325,53415,0.958389
1943,1784541766738083577,125148,54224,0.957776
1944,1784541766738212031,220727,118684,0.910471
1945,1784541766738437683,167133,87708,0.932823
1946,1784541766738610454,204929,64377,0.950121
1947,1784541766738820597,183981,67210,0.947999
1948,1784541766739009139,160319,80136,0.938393
1949,1784541766739172992,143421,63017,0.951142
1950,1784541766739320092,130354,56360,0.956159
1951,1784541766739454147,128347,55026,0.957168
1952,1784541766739596732,130895,56934,0.955725
1953,1784541766739731404,127415,54359,0.957674
1954,1784541766739862392,126071,54701,0.957415
1955,1784541766739991943,126695,54598,0.957493
1956,1784541766740122110,125029,52909,0.958773
1957,1784541766740250676,127589,54841,0.957309
1958,1784541766740381906,129691,55535,0.956783
1959,1784541766740515300,127431,55629,0.956712
1960,1784541766740646609,126114,54382,0.957656
1961,1784541766740776185,125531,54471,0.957589
1962,1784541766740905340,123404,52878,0.958797
1963,1784541766741032429,123914,52920,0.958765
1964,1784541766741159982,125992,53889,0.958030
1965,1784541766741289452,126502,54689,0.957424
1966,1784541766741419851,125104,53393,0.958406
1967,1784541766741548291,133038,60982,0.952672
1968,1784541766741690651,124785,53932,0.957997
1969,1784541766741818831,125516,53412,0.958391
1970,1784541766741947885,124686,53426,0.958381
1971,1784541766742076093,124922,53050,0.958666
1972,1784541766742204376,123409,52944,0.958746
1973,1784541766742331097,122660,53118,0.958614
1974,1784541766742457102,213492,64499,0.950030
1975,1784541766742675589,226227,102740,0.921889
1976,1784541766742909315,269441,121582,0.908415
1977,1784541766743185277,174151,98848,0.924704
1978,1784541766743364831,174542,88758,0.932054
1979,1784541766743543825,168202,74172,0.942810
1980,1784541766743716848,154908,75094,0.942125
1981,1784541766743876059,176035,77933,0.940021
1982,1784541766744057196,186353,101644,0.922681
1983,1784541766744255871,140962,65073,0.949599
1984,1784541766744400392,129004,55863,0.956535
1985,1784541766744532947,127741,54961,0.957218
1986,1784541766744664264,125613,53201,0.958552
1987,1784541766744793323,124687,53655,0.958207
1988,1784541766744921365,125096,53301,0.958476
1989,1784541766745050049,127223,54776,0.957358
1990,1784541766745180676,127233,53989,0.957954
1991,1784541766745311296,127172,54871,0.957286
1992,1784541766745442069,130459,55233,0.957012
1993,1784541766745575985,126705,54144,0.957837
1994,1784541766745706163,127111,54321,0.957702
1995,1784541766745836748,126381,55539,0.956780
1996,1784541766745966623,126478,54078,0.957887
1997,1784541766746096560,126799,54869,0.957287
1998,1784541766746226635,203130,111446,0.915632
1999,1784541766746434805,173073,74224,0.942771
