count_index,emit_ts_ns,rtt_ns,e2r_ns,werner,success_bit
50,1785838167945318066,374922,159482,0.882068,1
51,1785838167945696048,375882,161712,0.880549,1
52,1785838167946073730,378502,161421,0.880747,1
53,1785838167946454012,389102,170601,0.874526,1
54,1785838167946845414,382962,163321,0.879455,1
55,1785838167947230946,380572,160120,0.881633,1
56,1785838167947613958,397623,173986,0.872247,1
57,1785838167948013471,382322,161073,0.880984,1
58,1785838167948397473,383962,162831,0.879788,1
59,1785838167948784015,386562,163689,0.879205,1
60,1785838167949172737,387122,160567,0.881329,1
61,1785838167949561619,382812,162225,0.880200,1
62,1785838167949945991,383232,162282,0.880161,1
63,1785838167950330733,379702,161050,0.881000,1
64,1785838167950712675,379652,161778,0.880504,1
65,1785838167951093997,382403,160506,0.881370,1
66,1785838167951478840,378092,160043,0.881686,1
67,1785838167951859522,381912,161741,0.880529,1
68,1785838167952243174,378622,159169,0.882282,1
69,1785838167952623986,382102,161237,0.880872,1
70,1785838167953008308,379502,159615,0.881978,1
71,1785838167953389360,387082,169233,0.875450,1
72,1785838167953778182,394392,171721,0.873771,1
73,1785838167954173884,383482,162728,0.879858,1
74,1785838167954558946,379023,160386,0.881452,1
75,1785838167954950499,385512,164653,0.878550,1
76,1785838167955337981,379042,160031,0.881694,1
77,1785838167955718533,376522,158829,0.882514,1
78,1785838167956097345,379782,159487,0.882065,1
79,1785838167956478747,379792,159815,0.881841,1
80,1785838167956860169,383682,161473,0.880712,1
81,1785838167957245341,383932,162621,0.879931,1
82,1785838167957631103,382402,162569,0.879966,1
83,1785838167958016255,382673,162747,0.879845,1
84,1785838167958401678,381402,160523,0.881359,1
85,1785838167958784710,381662,160071,0.881667,1
86,1785838167959167982,381102,160629,0.881286,1
87,1785838167959550504,380552,159927,0.881765,1
88,1785838167959933116,383082,162375,0.880098,1
89,1785838167960317998,381362,161703,0.880555,1
90,1785838167960701570,377892,160161,0.881605,1
91,1785838167961081672,381462,162039,0.880326,1
92,1785838167961464614,381262,162317,0.880137,1
93,1785838167961847226,380653,156165,0.884334,1
94,1785838167962229809,379642,158262,0.882901,1
95,1785838167962610891,375262,156319,0.884229,1
96,1785838167962987623,375282,156167,0.884333,1
97,1785838167963364285,374462,158335,0.882851,1
98,1785838167963740307,373712,154453,0.885507,1
99,1785838167964116289,375102,156211,0.884303,1
100,1785838167964493671,375292,156789,0.883908,1
101,1785838167964871803,377762,155117,0.885052,1
102,1785838167965251205,375822,157085,0.883705,1
103,1785838167965629197,384222,162993,0.879678,1
104,1785838167966015189,386052,163371,0.879421,1
105,1785838167966402751,392993,174119,0.872158,1
106,1785838167966797954,379952,159655,0.881950,1
107,1785838167967179536,381442,163893,0.879066,1
108,1785838167967562668,380552,161431,0.880740,1
109,1785838167967944940,384132,161869,0.880442,1
110,1785838167968330562,381102,161337,0.880804,1
111,1785838167968713144,378562,160585,0.881316,1
112,1785838167969093336,378952,158853,0.882497,1
113,1785838167969473678,385652,167371,0.876709,1
114,1785838167969860820,380132,160929,0.881082,1
115,1785838167970244712,380393,161427,0.880743,1
116,1785838167970626515,377642,160493,0.881379,1
117,1785838167971005687,384412,160061,0.881673,1
118,1785838167971392429,380122,161059,0.880993,1
119,1785838167971774321,382662,163307,0.879464,1
120,1785838167972158513,384992,163635,0.879241,1
121,1785838167972544975,382872,165383,0.878055,1
122,1785838167972929507,380812,161791,0.880495,1
123,1785838167973311819,382142,162949,0.879708,1
124,1785838167973695651,377112,160627,0.881288,1
125,1785838167974074113,381893,160975,0.881051,1
126,1785838167974457736,383432,159732,0.881898,1
127,1785838167974844638,385762,159459,0.882084,1
128,1785838167975232060,384152,162247,0.880185,1
129,1785838167975617852,380002,160905,0.881098,1
130,1785838167975999534,379982,161363,0.880786,1
131,1785838167976381026,375092,159091,0.882335,1
132,1785838167976758088,375392,159749,0.881886,1
133,1785838167977135440,390252,168107,0.876211,1
134,1785838167977527452,380812,161495,0.880697,1
135,1785838167977909874,381133,162803,0.879807,1
136,1785838167978292787,379252,161350,0.880795,1
137,1785838167978673529,375112,158688,0.882610,1
138,1785838167979050511,393022,171875,0.873668,1
139,1785838167979445013,383352,162903,0.879739,1
140,1785838167979829945,394372,172831,0.873024,1
141,1785838167980225927,380032,162499,0.880014,1
142,1785838167980607579,377802,159997,0.881717,1
143,1785838167980992831,382482,163825,0.879112,1
144,1785838167981377003,381622,162613,0.879936,1
145,1785838167981760415,376422,159951,0.881748,1
146,1785838167982138287,383272,161189,0.880905,1
147,1785838167982523239,385233,163177,0.879553,1
148,1785838167982910072,381612,160674,0.881256,1
149,1785838167983293344,383682,161631,0.880604,1
150,1785838167983679186,380512,160969,0.881055,1
151,1785838167984061288,378502,159527,0.882038,1
152,1785838167984441390,383512,162945,0.879710,1
153,1785838167984826412,382432,163163,0.879562,1
154,1785838167985210854,384662,165631,0.877887,1
155,1785838167985597036,382022,165819,0.877760,1
156,1785838167985980698,379242,160677,0.881254,1
157,1785838167986361380,381122,161735,0.880533,1
158,1785838167986744012,380753,160713,0.881229,1
159,1785838167987131045,387062,161160,0.880925,1
160,1785838167987520057,381352,162667,0.879899,1
161,1785838167987902949,385042,164055,0.878956,1
162,1785838167988289831,380372,161123,0.880950,1
163,1785838167988671913,380112,161171,0.880917,1
164,1785838167989053435,381682,160079,0.881661,1
165,1785838167989436507,380002,160777,0.881186,1
166,1785838167989818079,383052,164915,0.878373,1
167,1785838167990203071,382633,164513,0.878645,1
168,1785838167990587254,381382,162570,0.879965,1
169,1785838167990970316,379762,161208,0.880892,1
170,1785838167991351988,379062,160296,0.881513,1
171,1785838167991732740,386832,169633,0.875180,1
172,1785838167992121142,381022,162231,0.880196,1
173,1785838167992503764,375872,160629,0.881286,1
174,1785838167992881226,378282,160427,0.881424,1
175,1785838167993261108,376722,159535,0.882032,1
176,1785838167993639340,378182,161023,0.881018,1
177,1785838167994019032,394862,171901,0.873650,1
178,1785838167994415395,381982,160988,0.881042,1
179,1785838167994805107,388032,167216,0.876813,1
180,1785838167995194709,382262,161894,0.880425,1
181,1785838167995578551,384992,161632,0.880603,1
182,1785838167995965163,383042,162129,0.880265,1
183,1785838167996349785,384192,162577,0.879961,1
184,1785838167996735727,385842,164015,0.878983,1
185,1785838167997123109,390012,167813,0.876410,1
186,1785838167997514611,379663,161581,0.880638,1
187,1785838167997895704,384352,165848,0.877740,1
188,1785838167998282256,381642,161866,0.880444,1
189,1785838167998665788,375082,160054,0.881678,1
190,1785838167999042570,382252,161562,0.880651,1
191,1785838167999426332,380892,161870,0.880441,1
192,1785838167999808764,390872,166518,0.877286,1
193,1785838168000201216,389702,167125,0.876875,1
194,1785838168000592658,380662,161693,0.880562,1
195,1785838168000974770,383402,162631,0.879924,1
196,1785838168001359592,379482,162149,0.880252,1
197,1785838168001740554,382623,160947,0.881070,1
198,1785838168002124607,389742,163394,0.879405,1
199,1785838168002517149,391012,163742,0.879169,1
200,1785838168002909661,394122,166060,0.877596,1
201,1785838168003305453,389612,165348,0.878079,1
202,1785838168003696795,385872,164036,0.878969,1
203,1785838168004084007,389382,167594,0.876558,1
204,1785838168004474819,394522,175461,0.871256,1
205,1785838168004871261,389683,162939,0.879714,1
206,1785838168005263034,387232,164246,0.878827,1
207,1785838168005651826,385092,162994,0.879677,1
208,1785838168006038768,381592,162552,0.879978,1
209,1785838168006421760,380452,162900,0.879741,1
210,1785838168006803832,386272,167498,0.876623,1
211,1785838168007191534,381382,162156,0.880247,1
212,1785838168007574356,381252,161984,0.880364,1
213,1785838168007956988,386222,162592,0.879950,1
214,1785838168008344800,381723,163280,0.879483,1
215,1785838168008727883,379322,161416,0.880750,1
216,1785838168009108725,387272,163854,0.879093,1
217,1785838168009497587,384002,163802,0.879128,1
218,1785838168009883139,382832,161290,0.880836,1
219,1785838168010267371,388132,165778,0.877787,1
220,1785838168010657313,383552,163846,0.879098,1
221,1785838168011042285,384072,164074,0.878943,1
222,1785838168011427877,379952,161912,0.880413,1
223,1785838168011819529,389083,167880,0.876364,1
224,1785838168012210192,388792,169687,0.875143,1
225,1785838168012601034,388582,161974,0.880371,1
226,1785838168012991336,382862,160992,0.881039,1
227,1785838168013375738,382782,164060,0.878953,1
228,1785838168013760150,379902,161998,0.880354,1
229,1785838168014141462,383422,161546,0.880662,1
230,1785838168014526424,380572,161854,0.880452,1
231,1785838168014908536,380413,162582,0.879957,1
232,1785838168015290849,381012,162279,0.880163,1
233,1785838168015673311,376792,160507,0.881369,1
234,1785838168016051713,381262,161805,0.880486,1
235,1785838168016434515,381792,163043,0.879644,1
236,1785838168016818077,387102,168100,0.876215,1
237,1785838168017206639,394952,174738,0.871742,1
238,1785838168017603581,382112,163976,0.879010,1
239,1785838168017987173,380322,162244,0.880187,1
240,1785838168018368905,375942,160522,0.881359,1
241,1785838168018746397,385842,171400,0.873988,1
242,1785838168019133779,379072,160008,0.881710,1
243,1785838168019514291,380132,161696,0.880560,1
244,1785838168019896013,381082,162344,0.880119,1
245,1785838168020278635,382443,161232,0.880876,1
246,1785838168020662798,377872,160889,0.881109,1
247,1785838168021042480,383532,164406,0.878718,1
248,1785838168021427832,381562,163004,0.879670,1
249,1785838168021810764,385682,168322,0.876065,1
250,1785838168022198276,385832,165780,0.877786,1
251,1785838168022587228,381852,163958,0.879022,1
252,1785838168022971000,382432,163166,0.879560,1
253,1785838168023355112,378362,161264,0.880854,1
254,1785838168023735074,377802,160132,0.881625,1
255,1785838168024114226,380613,161990,0.880360,1
256,1785838168024496599,380442,161437,0.880736,1
257,1785838168024878841,379962,162295,0.880152,1
258,1785838168025260623,387002,164382,0.878734,1
259,1785838168025649105,380872,163130,0.879585,1
260,1785838168026031457,382402,163668,0.879219,1
261,1785838168026415399,383792,162666,0.879900,1
262,1785838168026801321,388922,161204,0.880895,1
263,1785838168027191813,384462,163782,0.879142,1
264,1785838168027577975,382623,163580,0.879279,1
265,1785838168027962288,380882,161597,0.880627,1
266,1785838168028345330,379352,162925,0.879724,1
267,1785838168028726632,381882,165183,0.878191,1
268,1785838168029110344,381482,162451,0.880046,1
269,1785838168029493476,382512,163718,0.879185,1
270,1785838168029877628,391892,173276,0.872724,1
271,1785838168030271030,379402,162284,0.880160,1
272,1785838168030651762,379202,162162,0.880243,1
273,1785838168031032544,380762,162080,0.880299,1
274,1785838168031414916,378503,162028,0.880334,1
275,1785838168031795209,377582,161175,0.880914,1
276,1785838168032174261,381922,162683,0.879888,1
277,1785838168032558033,383072,162431,0.880060,1
278,1785838168032942835,381472,161959,0.880381,1
279,1785838168033326107,379392,162227,0.880199,1
280,1785838168033706889,384492,167514,0.876612,1
281,1785838168034092791,380902,161482,0.880705,1
282,1785838168034475843,379642,162090,0.880292,1
283,1785838168034863125,384802,166658,0.877191,1
284,1785838168035250348,382792,163145,0.879574,1
285,1785838168035634620,378572,162853,0.879773,1
286,1785838168036014862,381102,161131,0.880944,1
287,1785838168036397844,379762,161869,0.880442,1
288,1785838168036779896,379062,162337,0.880124,1
289,1785838168037160818,382532,163935,0.879038,1
290,1785838168037545220,376402,160543,0.881345,1
291,1785838168037923002,384102,161280,0.880843,1
292,1785838168038308544,379232,162588,0.879953,1
293,1785838168038689286,380252,161946,0.880390,1
294,1785838168039078798,381722,162494,0.880017,1
295,1785838168039462280,393572,160962,0.881060,1
296,1785838168039857892,385402,164480,0.878668,1
297,1785838168040245404,380943,162138,0.880259,1
298,1785838168040628117,379532,161685,0.880567,1
299,1785838168041009189,385212,166833,0.877073,1
300,1785838168041395981,379472,163081,0.879618,1
301,1785838168041777043,375172,161139,0.880939,1
302,1785838168042154785,382732,163126,0.879587,1
303,1785838168042539057,384712,169094,0.875544,1
304,1785838168042925759,378972,161252,0.880862,1
305,1785838168043306101,389892,172180,0.873462,1
306,1785838168043697443,377132,160528,0.881355,1
307,1785838168044076415,378173,160676,0.881254,1
308,1785838168044456298,378022,162053,0.880317,1
309,1785838168044836000,389442,162691,0.879883,1
310,1785838168045226892,380822,163969,0.879015,1
311,1785838168045609254,376742,160767,0.881192,1
312,1785838168045987566,385072,165595,0.877911,1
313,1785838168046374048,381802,163272,0.879488,1
314,1785838168046757260,375332,160890,0.881109,1
315,1785838168047134042,384712,165958,0.877665,1
316,1785838168047520344,380862,162246,0.880186,1
317,1785838168047903386,378673,162754,0.879840,1
318,1785838168048283919,382432,163681,0.879210,1
319,1785838168048670271,381502,162989,0.879680,1
320,1785838168049053583,378962,161397,0.880763,1
321,1785838168049433955,380542,163115,0.879595,1
322,1785838168049815977,378352,162373,0.880099,1
323,1785838168050195739,381072,161901,0.880420,1
324,1785838168050578791,384302,162908,0.879735,1
325,1785838168050964573,381642,161366,0.880784,1
326,1785838168051347855,376162,162544,0.879983,1
327,1785838168051725717,375572,160532,0.881352,1
328,1785838168052102699,381853,162920,0.879727,1
329,1785838168052486152,378422,162887,0.879750,1
330,1785838168052866154,379612,161185,0.880908,1
331,1785838168053247166,380492,164863,0.878408,1
332,1785838168053629078,377372,162451,0.880046,1
333,1785838168054007890,376982,162439,0.880054,1
334,1785838168054386502,376632,160997,0.881036,1
335,1785838168054764474,374802,161544,0.880663,1
336,1785838168055144726,387982,171462,0.873946,1
337,1785838168055535028,378712,162230,0.880197,1
338,1785838168055915560,381442,163078,0.879620,1
339,1785838168056298432,377932,162136,0.880260,1
340,1785838168056677804,377202,161914,0.880411,1
341,1785838168057056456,382852,165202,0.878178,1
342,1785838168057444038,377152,162680,0.879890,1
343,1785838168057822630,380922,164808,0.878445,1
344,1785838168058205042,387543,170216,0.874786,1
345,1785838168058594455,377202,162173,0.880235,1
346,1785838168058973127,380242,162740,0.879850,1
347,1785838168059355159,379082,163338,0.879443,1
348,1785838168059735881,375802,161556,0.880655,1
349,1785838168060113113,377412,162504,0.880010,1
350,1785838168060492205,377322,160692,0.881243,1
351,1785838168060871207,378182,162760,0.879836,1
352,1785838168061250839,376492,160738,0.881212,1
353,1785838168061628761,375882,162296,0.880152,1
354,1785838168062006073,380312,161814,0.880480,1
355,1785838168062387815,380472,163562,0.879291,1
356,1785838168062770077,378152,162180,0.880231,1
357,1785838168063149990,389672,163256,0.879499,1
358,1785838168063541222,380532,162654,0.879908,1
359,1785838168063931534,381432,164262,0.878816,1
360,1785838168064314726,383062,164180,0.878871,1
361,1785838168064699188,379552,162628,0.879926,1
362,1785838168065080180,379822,162296,0.880152,1
363,1785838168065461492,380032,163954,0.879025,1
364,1785838168065843274,381382,163432,0.879379,1
365,1785838168066226196,385083,165060,0.878274,1
366,1785838168066613059,383082,162477,0.880029,1
367,1785838168066997721,383192,163565,0.879289,1
368,1785838168067382633,381062,164742,0.878490,1
369,1785838168067765365,396722,179190,0.868758,1
370,1785838168068163567,384802,163618,0.879253,1
371,1785838168068550029,383422,163876,0.879078,1
372,1785838168068935511,381842,163894,0.879066,1
373,1785838168069318843,382983,162392,0.880086,1
374,1785838168069703306,377232,162309,0.880143,1
375,1785838168070082028,379272,161947,0.880389,1
376,1785838168070462830,385712,167255,0.876787,1
377,1785838168070850022,381082,161933,0.880399,1
378,1785838168071232644,384252,169801,0.875066,1
379,1785838168071622796,383422,165638,0.877882,1
380,1785838168072007808,382132,164216,0.878847,1
381,1785838168072391690,382712,164104,0.878923,1
382,1785838168072776022,378972,160872,0.881121,1
383,1785838168073156434,382232,162190,0.880224,1
384,1785838168073540136,383942,165348,0.878079,1
385,1785838168073925558,376692,159206,0.882257,1
386,1785838168074304180,373452,158054,0.883043,1
387,1785838168074679162,374132,159282,0.882205,1
388,1785838168075054844,375412,157680,0.883298,1
389,1785838168075431907,384952,164737,0.878493,1
390,1785838168075818559,387052,163024,0.879657,1
391,1785838168076207181,381422,162442,0.880052,1
392,1785838168076590473,378872,160910,0.881095,1
393,1785838168076970925,375912,158458,0.882767,1
394,1785838168077348507,375462,158706,0.882598,1
395,1785838168077725489,383532,167164,0.876849,1
396,1785838168078110421,387032,165062,0.878273,1
397,1785838168078498883,385132,165250,0.878145,1
398,1785838168078885405,388233,165678,0.877855,1
399,1785838168079275068,381722,164425,0.878705,1
400,1785838168079658280,381552,163383,0.879413,1
401,1785838168080041382,386252,165260,0.878139,1
402,1785838168080429064,390792,170948,0.874292,1
403,1785838168080829846,390822,166486,0.877308,1
404,1785838168081222618,382692,165294,0.878116,1
405,1785838168081606770,380792,163742,0.879169,1
406,1785838168081989412,380823,162170,0.880237,1
407,1785838168082372225,379572,162807,0.879804,1
408,1785838168082753797,384642,165555,0.877939,1
409,1785838168083139849,380452,163713,0.879189,1
410,1785838168083521821,379392,163001,0.879672,1
411,1785838168083902693,384172,166458,0.877327,1
412,1785838168084288595,381052,162886,0.879750,1
413,1785838168084671077,375982,160924,0.881085,1
414,1785838168085048489,380882,162262,0.880175,1
415,1785838168085430931,380422,163670,0.879218,1
416,1785838168085812823,387993,168278,0.876095,1
417,1785838168086202196,396132,172345,0.873351,1
418,1785838168086599828,389742,165493,0.877981,1
419,1785838168086991040,389722,167321,0.876742,1
420,1785838168087382272,385952,165409,0.878038,1
421,1785838168087776884,386482,164397,0.878724,1
422,1785838168088165036,384662,166354,0.877397,1
423,1785838168088551278,392692,165072,0.878266,1
424,1785838168088946030,395783,170350,0.874696,1
425,1785838168089343813,385472,165227,0.878161,1
426,1785838168089730795,383452,165035,0.878291,1
427,1785838168090116267,388012,173533,0.872552,1
428,1785838168090510249,381652,163581,0.879278,1
429,1785838168090893501,381042,163969,0.879015,1
430,1785838168091276163,381762,164537,0.878629,1
431,1785838168091659485,381532,163225,0.879520,1
432,1785838168092042467,381482,163583,0.879277,1
433,1785838168092425359,393012,175880,0.870975,1
434,1785838168092819831,385902,169908,0.874994,1
435,1785838168093207173,397493,178666,0.869108,1
436,1785838168093606106,382512,165993,0.877642,1
437,1785838168093990038,386962,162991,0.879679,1
438,1785838168094378660,382312,165709,0.877834,1
439,1785838168094762672,376792,162627,0.879927,1
440,1785838168095140884,384482,166175,0.877518,1
441,1785838168095526966,382582,165463,0.878001,1
442,1785838168095911068,377022,163901,0.879061,1
443,1785838168096289820,381032,168079,0.876230,1
444,1785838168096672392,372923,162606,0.879941,1
445,1785838168097046765,374262,161923,0.880405,1
446,1785838168097422527,375672,163721,0.879183,1
447,1785838168097799669,379522,163759,0.879157,1
448,1785838168098180591,377152,166007,0.877632,1
449,1785838168098559073,374652,163785,0.879140,1
450,1785838168098935385,376202,163783,0.879141,1
451,1785838168099322347,376152,164371,0.878742,1
452,1785838168099700199,380392,163849,0.879096,1
453,1785838168100082511,386502,164197,0.878860,1
454,1785838168100470673,381202,163245,0.879506,1
455,1785838168100853695,382243,164792,0.878456,1
456,1785838168101237348,391052,166509,0.877292,1
457,1785838168101630000,380722,164487,0.878663,1
458,1785838168102012212,382432,163665,0.879221,1
459,1785838168102396134,383302,167323,0.876741,1
460,1785838168102780916,375922,162611,0.879937,1
461,1785838168103158328,379382,163279,0.879483,1
462,1785838168103539140,380492,162917,0.879729,1
463,1785838168103921192,381712,164414,0.878713,1
464,1785838168104308374,379782,163912,0.879053,1
465,1785838168104689776,378563,163700,0.879197,1
466,1785838168105070079,381432,163797,0.879131,1
467,1785838168105453121,380992,163745,0.879167,1
468,1785838168105835613,391262,173213,0.872767,1
469,1785838168106228345,385562,165151,0.878213,1
470,1785838168106615357,378702,164348,0.878757,1
471,1785838168106995839,381832,165436,0.878019,1
472,1785838168107379371,385012,165774,0.877790,1
473,1785838168107765773,378982,162872,0.879760,1
474,1785838168108146205,381082,164010,0.878987,1
475,1785838168108528887,380942,165398,0.878045,1
476,1785838168108911450,379052,162625,0.879928,1
477,1785838168109292252,379012,164193,0.878863,1
478,1785838168109672724,376022,163040,0.879646,1
479,1785838168110050186,381392,164478,0.878669,1
480,1785838168110433108,380692,163876,0.879078,1
481,1785838168110815730,382362,165604,0.877905,1
482,1785838168111199602,386662,170862,0.874350,1
483,1785838168111587714,378382,163450,0.879367,1
484,1785838168111967626,380762,163688,0.879205,1
485,1785838168112350328,384072,164506,0.878650,1
486,1785838168112736160,376552,162744,0.879847,1
487,1785838168113114292,381342,164252,0.878823,1
488,1785838168113497094,388802,168330,0.876060,1
489,1785838168113887306,384893,164647,0.878554,1
490,1785838168114273969,378712,164444,0.878692,1
491,1785838168114654151,379402,165952,0.877670,1
492,1785838168115035033,379082,163000,0.879673,1
493,1785838168115415865,379862,163918,0.879049,1
494,1785838168115797207,383602,163506,0.879329,1
495,1785838168116182449,381072,164424,0.878706,1
496,1785838168116564991,377722,163722,0.879182,1
497,1785838168116944443,389622,173950,0.872271,1
498,1785838168117335575,378192,163488,0.879341,1
499,1785838168117715167,378092,164696,0.878521,1
500,1785838168118094619,379832,162073,0.880303,1
501,1785838168118476712,395692,175420,0.871284,1
502,1785838168118874174,379252,163468,0.879355,1
503,1785838168119255546,378922,163806,0.879125,1
504,1785838168119635988,385122,167354,0.876720,1
505,1785838168120022760,380212,163642,0.879237,1
506,1785838168120409142,376132,162040,0.880326,1
507,1785838168120793594,385192,166468,0.877320,1
508,1785838168121180616,380473,164616,0.878575,1
509,1785838168121562729,379362,164183,0.878869,1
510,1785838168121943531,383952,164880,0.878396,1
511,1785838168122328903,379672,167858,0.876379,1
512,1785838168122713135,379262,164336,0.878766,1
513,1785838168123093797,378862,163664,0.879222,1
514,1785838168123474429,379562,163802,0.879128,1
515,1785838168123856211,380502,164030,0.878973,1
516,1785838168124238273,376712,162988,0.879681,1
517,1785838168124616585,375712,162665,0.879901,1
518,1785838168124993837,375462,162973,0.879691,1
519,1785838168125370719,383982,171341,0.874027,1
520,1785838168125756351,377132,166679,0.877177,1
521,1785838168126135833,383252,164387,0.878731,1
522,1785838168126520805,377022,166895,0.877031,1
523,1785838168126899657,375542,164563,0.878611,1
524,1785838168127276749,374292,163331,0.879448,1
525,1785838168127652431,371792,162928,0.879722,1
526,1785838168128026313,375863,163906,0.879057,1
527,1785838168128404076,375222,164053,0.878958,1
528,1785838168128781248,372502,163161,0.879564,1
529,1785838168129155120,378572,166949,0.876994,1
530,1785838168129535102,375832,164737,0.878493,1
531,1785838168129912444,376022,164955,0.878345,1
532,1785838168130289866,374402,163153,0.879569,1
533,1785838168130665608,383352,170890,0.874331,1
534,1785838168131050320,373902,162878,0.879756,1
535,1785838168131425622,380112,167346,0.876726,1
536,1785838168131807784,379742,169704,0.875132,1
537,1785838168132189666,376982,165632,0.877886,1
538,1785838168132569508,375962,165490,0.877983,1
539,1785838168132947120,375953,164748,0.878486,1
540,1785838168133324633,375912,164865,0.878407,1
541,1785838168133702025,374042,164383,0.878734,1
542,1785838168134077487,374672,163621,0.879251,1
543,1785838168134454079,376142,164999,0.878316,1
544,1785838168134831701,374882,164996,0.878318,1
545,1785838168135208353,381932,169294,0.875409,1
546,1785838168135591965,373582,163062,0.879631,1
547,1785838168135967177,374592,163540,0.879306,1
548,1785838168136343339,373972,171078,0.874205,1
549,1785838168136726381,375602,162386,0.880090,1
550,1785838168137103373,374582,162994,0.879677,1
551,1785838168137479425,377832,166292,0.877439,1
552,1785838168137858787,377672,165080,0.878261,1
553,1785838168138237829,375683,165388,0.878052,1
554,1785838168138614892,380992,166935,0.877004,1
555,1785838168138997574,375592,164262,0.878816,1
556,1785838168139375256,374672,164150,0.878892,1
557,1785838168139751528,375692,162068,0.880307,1
558,1785838168140128830,381222,163566,0.879288,1
559,1785838168140511482,379192,164504,0.878651,1
560,1785838168140892164,381222,165142,0.878219,1
561,1785838168141274946,383862,168950,0.875641,1
562,1785838168141660378,379232,164778,0.878466,1
563,1785838168142041200,381752,164146,0.878894,1
564,1785838168142424962,378582,162984,0.879684,1
565,1785838168142804914,385732,169102,0.875538,1
566,1785838168143192176,392552,176369,0.870647,1
567,1785838168143586428,386472,168607,0.875873,1
568,1785838168143974360,384173,167045,0.876929,1
569,1785838168144360033,378082,163702,0.879196,1
570,1785838168144739765,378452,165920,0.877691,1
571,1785838168145121887,382202,163978,0.879009,1
572,1785838168145505609,381162,165556,0.877938,1
573,1785838168145888161,383642,165544,0.877946,1
574,1785838168146273443,381062,164752,0.878483,1
575,1785838168146656235,379292,164450,0.878688,1
576,1785838168147037287,381332,165688,0.877848,1
577,1785838168147420019,379022,163965,0.879017,1
578,1785838168147800631,384653,163913,0.879053,1
579,1785838168148186704,381052,164840,0.878424,1
580,1785838168148569286,378252,163238,0.879511,1
581,1785838168148948948,383922,164646,0.878555,1
582,1785838168149334390,379322,164644,0.878556,1
583,1785838168149715332,380832,165102,0.878246,1
584,1785838168150097504,388422,168050,0.876249,1
585,1785838168150487736,384962,165858,0.877733,1
586,1785838168150874428,384862,166876,0.877044,1
587,1785838168151261000,385853,166383,0.877378,1
588,1785838168151648653,378682,163740,0.879170,1
589,1785838168152028975,380602,163908,0.879056,1
590,1785838168152411267,380882,164386,0.878732,1
591,1785838168152798599,384022,163554,0.879297,1
592,1785838168153184331,383562,166582,0.877243,1
593,1785838168153569473,379992,164700,0.878518,1
594,1785838168153951025,381482,165047,0.878283,1
595,1785838168154333987,379942,164985,0.878325,1
596,1785838168154715449,377882,166413,0.877357,1
597,1785838168155097801,383593,164041,0.878966,1
598,1785838168155483084,380242,164488,0.878662,1
599,1785838168155864766,396472,178336,0.869329,1
600,1785838168156263038,386632,168144,0.876186,1
601,1785838168156651430,381082,163782,0.879142,1
602,1785838168157033972,387472,167660,0.876513,1
603,1785838168157422864,382582,166148,0.877537,1
604,1785838168157807086,384152,169366,0.875360,1
605,1785838168158193098,379783,163663,0.879222,1
606,1785838168158574431,380962,165280,0.878125,1
607,1785838168158957003,382012,165448,0.878011,1
608,1785838168159340705,379882,164626,0.878569,1
609,1785838168159722377,378742,165184,0.878190,1
610,1785838168160102679,378512,162812,0.879801,1
611,1785838168160483051,381362,165570,0.877928,1
612,1785838168160866103,382032,165108,0.878242,1
613,1785838168161249965,384882,165246,0.878148,1
614,1785838168161636487,382842,166844,0.877065,1
615,1785838168162020959,388212,166102,0.877568,1
616,1785838168162410651,385932,167879,0.876365,1
617,1785838168162798043,389142,167167,0.876847,1
618,1785838168163188635,385603,169345,0.875374,1
619,1785838168163575808,379112,164212,0.878850,1
620,1785838168163956480,389382,164230,0.878837,1
621,1785838168164347442,383832,166448,0.877333,1
622,1785838168164733084,383222,165056,0.878277,1
623,1785838168165117736,380922,164584,0.878597,1
624,1785838168165500158,380142,166492,0.877304,1
625,1785838168165882290,390412,173890,0.872311,1
626,1785838168166274342,376082,161108,0.880960,1
627,1785838168166652224,372952,160935,0.881078,1
628,1785838168167026536,375252,159863,0.881808,1
629,1785838168167403368,379013,160511,0.881367,1
630,1785838168167783881,374762,160898,0.881103,1
631,1785838168168160453,384832,165216,0.878168,1
632,1785838168168546835,387402,171914,0.873641,1
633,1785838168168935837,378572,162742,0.879848,1
634,1785838168169322409,380482,164170,0.878878,1
635,1785838168169704581,387652,167828,0.876399,1
636,1785838168170093873,391992,167496,0.876624,1
637,1785838168170487335,387122,165203,0.878177,1
638,1785838168170875958,388592,168110,0.876209,1
639,1785838168171266200,385932,167058,0.876920,1
640,1785838168171653562,384702,164656,0.878548,1
641,1785838168172039794,385982,169014,0.875598,1
642,1785838168172427276,386462,165392,0.878049,1
643,1785838168172836768,394652,169170,0.875492,1
644,1785838168173233540,382783,164347,0.878758,1
645,1785838168173617823,389452,170164,0.874821,1
646,1785838168174008825,379782,164632,0.878565,1
647,1785838168174390237,379902,164080,0.878939,1
648,1785838168174771569,377452,164628,0.878567,1
649,1785838168175150361,380302,164716,0.878508,1
650,1785838168175532233,381542,166094,0.877573,1
651,1785838168175915205,378912,162682,0.879889,1
652,1785838168176295517,378752,164020,0.878980,1
653,1785838168176675659,378212,160478,0.881389,1
654,1785838168177055431,383342,164035,0.878970,1
655,1785838168177440183,384792,166263,0.877459,1
656,1785838168177826465,392492,168191,0.876154,1
657,1785838168178220558,384312,169148,0.875507,1
658,1785838168178606660,379602,164226,0.878840,1
659,1785838168178987712,384442,166194,0.877506,1
660,1785838168179373604,381592,166112,0.877561,1
661,1785838168179756596,380672,163280,0.879483,1
662,1785838168180139008,381162,164668,0.878540,1
663,1785838168180522090,383582,165536,0.877951,1
664,1785838168180907102,380982,166044,0.877607,1
665,1785838168181289814,389452,175201,0.871431,1
666,1785838168181680706,380822,166079,0.877583,1
667,1785838168182062918,378372,163497,0.879335,1
668,1785838168182442700,378243,164005,0.878990,1
669,1785838168182822573,378742,164892,0.878388,1
670,1785838168183202765,381422,165810,0.877766,1
671,1785838168183585777,377202,163798,0.879131,1
672,1785838168183964769,379272,162946,0.879710,1
673,1785838168184345441,376602,163874,0.879079,1
674,1785838168184723843,376132,164012,0.878985,1
675,1785838168185101315,378462,163340,0.879442,1
676,1785838168185486517,380082,164977,0.878331,1
677,1785838168185868279,384712,165725,0.877823,1
678,1785838168186254441,377842,163663,0.879222,1
679,1785838168186633923,379152,163741,0.879169,1
680,1785838168187014605,383772,166149,0.877536,1
681,1785838168187399818,376232,167876,0.876367,1
682,1785838168187781900,376812,166514,0.877289,1
683,1785838168188160222,381692,166472,0.877317,1
684,1785838168188543494,379712,165470,0.877996,1
685,1785838168188925076,381362,166768,0.877117,1
686,1785838168189308198,386022,164396,0.878725,1
687,1785838168189695720,379162,164693,0.878523,1
688,1785838168190076422,378122,163181,0.879550,1
689,1785838168190456104,387852,174399,0.871969,1
690,1785838168190845657,377352,162896,0.879744,1
691,1785838168191224879,381342,166884,0.877038,1
692,1785838168191607741,377582,163752,0.879162,1
693,1785838168191986763,385442,167050,0.876926,1
694,1785838168192373745,379432,164808,0.878445,1
695,1785838168192754787,380672,164986,0.878324,1
696,1785838168193136849,381322,166834,0.877072,1
697,1785838168193519711,379782,165702,0.877839,1
698,1785838168193900973,387522,175379,0.871311,1
699,1785838168194290075,377782,163827,0.879111,1
700,1785838168194669787,373013,161855,0.880452,1
701,1785838168195044400,377992,163752,0.879162,1
702,1785838168195423812,378692,164090,0.878933,1
703,1785838168195804174,383132,168598,0.875879,1
704,1785838168196189526,380822,166046,0.877606,1
705,1785838168196572358,378172,163924,0.879045,1
706,1785838168196952220,378252,163762,0.879155,1
707,1785838168197331842,375692,163740,0.879170,1
708,1785838168197708954,373852,163118,0.879593,1
709,1785838168198084436,380262,163315,0.879459,1
710,1785838168198466298,379642,165453,0.878008,1
711,1785838168198847630,382062,165131,0.878226,1
712,1785838168199231242,380462,166699,0.877163,1
713,1785838168199613254,378982,164717,0.878507,1
714,1785838168199993686,382192,167475,0.876638,1
715,1785838168200377438,378532,165243,0.878150,1
716,1785838168200757460,373922,163691,0.879203,1
717,1785838168201133102,378743,163659,0.879225,1
718,1785838168201513445,380882,169486,0.875279,1
719,1785838168201899637,383432,163564,0.879290,1
720,1785838168202285319,378832,165461,0.878002,1
721,1785838168202666041,378312,164619,0.878573,1
722,1785838168203046683,376072,163857,0.879091,1
723,1785838168203432605,379122,165605,0.877905,1
724,1785838168203813427,380012,166363,0.877391,1
725,1785838168204195379,384932,165181,0.878192,1
726,1785838168204582631,379342,165069,0.878268,1
727,1785838168204963883,381953,165907,0.877700,1
728,1785838168205347556,378922,165554,0.877939,1
729,1785838168205727918,378792,165232,0.878158,1
730,1785838168206108150,381352,166610,0.877224,1
731,1785838168206491052,388462,176187,0.870769,1
732,1785838168206880964,377242,164435,0.878698,1
733,1785838168207259796,378272,164043,0.878964,1
734,1785838168207639898,380522,165711,0.877833,1
735,1785838168208022550,380862,163979,0.879008,1
736,1785838168208404942,378652,165307,0.878107,1
737,1785838168208785074,378583,164485,0.878664,1
738,1785838168209165097,379822,165422,0.878029,1
739,1785838168209546439,379222,165830,0.877752,1
740,1785838168209928181,380462,165378,0.878059,1
741,1785838168210310543,380272,164595,0.878590,1
742,1785838168210692555,376522,164473,0.878673,1
743,1785838168211070567,379482,165051,0.878280,1
744,1785838168211451549,378102,164749,0.878485,1
745,1785838168211848821,379672,164897,0.878385,1
746,1785838168212230643,383942,169495,0.875273,1
747,1785838168212616325,375922,164693,0.878523,1
748,1785838168212993767,378302,163810,0.879123,1
749,1785838168213373499,377252,164828,0.878432,1
750,1785838168213752261,376082,163736,0.879173,1
751,1785838168214129743,378612,164934,0.878360,1
752,1785838168214509865,382532,163842,0.879101,1
753,1785838168214893938,387742,174009,0.872231,1
754,1785838168215283120,379122,164237,0.878833,1
755,1785838168215664282,372532,161855,0.880452,1
756,1785838168216038634,379392,163772,0.879148,1
757,1785838168216420846,381952,164720,0.878505,1
758,1785838168216804758,383752,170148,0.874832,1
759,1785838168217190170,388122,169746,0.875103,1
760,1785838168217579932,380782,167324,0.876740,1
761,1785838168217965944,381342,165842,0.877744,1
762,1785838168218349436,383452,169190,0.875479,1
763,1785838168218734438,375403,163988,0.879002,1
764,1785838168219111501,384072,171024,0.874241,1
765,1785838168219497283,379392,164732,0.878497,1
766,1785838168219878095,378722,164380,0.878736,1
767,1785838168220258657,378212,169108,0.875534,1
768,1785838168220641969,376522,164156,0.878888,1
769,1785838168221020181,381772,166754,0.877126,1
770,1785838168221403553,379512,165272,0.878130,1
771,1785838168221784605,374512,163660,0.879225,1
772,1785838168222160567,378532,164438,0.878696,1
773,1785838168222540539,381552,164586,0.878596,1
774,1785838168222923871,379353,164674,0.878536,1
775,1785838168223305404,380142,165430,0.878023,1
776,1785838168223687206,378892,165118,0.878235,1
777,1785838168224067708,379492,164976,0.878331,1
778,1785838168224448610,381172,168444,0.875983,1
779,1785838168224831222,376892,165562,0.877934,1
780,1785838168225209794,382742,169530,0.875249,1
781,1785838168225594116,380062,165528,0.877957,1
782,1785838168225975758,380882,165656,0.877870,1
783,1785838168226358470,375892,164584,0.878597,1
784,1785838168226735772,373762,162732,0.879855,1
785,1785838168227111084,381613,164140,0.878899,1
786,1785838168227494407,378432,165076,0.878263,1
787,1785838168227874269,376612,162614,0.879935,1
788,1785838168228252371,376912,164182,0.878870,1
789,1785838168228631163,382172,165600,0.877908,1
790,1785838168229014755,382722,167608,0.876548,1
791,1785838168229399017,379852,166926,0.877010,1
792,1785838168229780349,379432,167364,0.876713,1
793,1785838168230161181,378572,165362,0.878069,1
794,1785838168230541743,380122,168160,0.876175,1
795,1785838168230923545,379232,164728,0.878499,1
796,1785838168231304157,376992,164166,0.878881,1
797,1785838168231682699,388603,175183,0.871443,1
798,1785838168232072782,381452,165510,0.877969,1
799,1785838168232455654,378032,164288,0.878798,1
800,1785838168232835186,381822,165906,0.877701,1
801,1785838168233218588,380402,165484,0.877987,1
802,1785838168233600640,376442,165662,0.877866,1
803,1785838168233978472,383012,165430,0.878023,1
804,1785838168234367414,384232,166288,0.877442,1
805,1785838168234753616,381772,165586,0.877918,1
806,1785838168235137258,382352,167064,0.876916,1
807,1785838168235521480,382312,165262,0.878137,1
808,1785838168235905462,384922,167249,0.876791,1
809,1785838168236291904,381872,165167,0.878202,1
810,1785838168236675616,377462,165685,0.877850,1
811,1785838168237060939,382712,165962,0.877663,1
812,1785838168237445171,377922,164430,0.878702,1
813,1785838168237824613,378162,166658,0.877191,1
814,1785838168238204215,381522,168206,0.876144,1
815,1785838168238587217,374822,162794,0.879813,1
816,1785838168238963489,379442,165092,0.878253,1
817,1785838168239344561,387492,174260,0.872063,1
818,1785838168239733483,383532,165088,0.878255,1
819,1785838168240118805,383402,166335,0.877410,1
820,1785838168240504017,382373,166203,0.877499,1
821,1785838168240888030,386452,166030,0.877617,1
822,1785838168241275982,383712,169158,0.875500,1
823,1785838168241661224,380252,165126,0.878230,1
824,1785838168242043296,381472,166774,0.877113,1
825,1785838168242426238,379992,166082,0.877581,1
826,1785838168242807730,384042,170700,0.874460,1
827,1785838168243193452,382372,166948,0.876995,1
828,1785838168243577654,379632,164616,0.878575,1
829,1785838168243958876,377762,164564,0.878611,1
830,1785838168244338258,392273,178171,0.869439,1
831,1785838168244732101,378852,165598,0.877909,1
832,1785838168245112583,379582,164666,0.878542,1
833,1785838168245493675,382212,167904,0.876348,1
834,1785838168245877297,382852,165772,0.877792,1
835,1785838168246261609,382672,167030,0.876939,1
836,1785838168246645681,381402,166758,0.877124,1
837,1785838168247028643,384142,167256,0.876786,1
838,1785838168247414195,380282,165154,0.878211,1
839,1785838168247796057,383462,163572,0.879284,1
840,1785838168248180999,383112,168040,0.876256,1
841,1785838168248565812,381012,167016,0.876949,1
842,1785838168248948294,383572,167874,0.876368,1
843,1785838168249333246,378542,165992,0.877642,1
844,1785838168249713598,379302,167080,0.876906,1
845,1785838168250094610,379302,166078,0.877584,1
846,1785838168250485492,379562,165696,0.877843,1
847,1785838168250866654,382392,167344,0.876727,1
848,1785838168251250546,379162,165682,0.877853,1
849,1785838168251631178,379462,165590,0.877915,1
850,1785838168252012280,381002,166058,0.877598,1
851,1785838168252394632,383802,168916,0.875664,1
852,1785838168252783114,375672,165043,0.878286,1
853,1785838168253160626,387292,166931,0.877006,1
854,1785838168253549418,388333,170679,0.874474,1
855,1785838168253939271,393042,169706,0.875130,1
856,1785838168254333773,389862,168694,0.875814,1
857,1785838168254725125,387252,168422,0.875998,1
858,1785838168255113877,386782,169670,0.875155,1
859,1785838168255502099,383892,166258,0.877462,1
860,1785838168255887511,440233,212325,0.846961,1
861,1785838168256329554,436132,202352,0.853446,1
862,1785838168256767726,433183,195100,0.858202,1
863,1785838168257202989,432742,206397,0.850808,1
864,1785838168257637441,415642,193575,0.859206,1
865,1785838168258054553,416792,193943,0.858964,1
866,1785838168258473005,416733,194241,0.858768,1
867,1785838168258891148,414462,192177,0.860129,1
868,1785838168259307040,415292,194175,0.858811,1
869,1785838168259723852,389022,169693,0.875139,1
870,1785838168260114344,384593,169361,0.875363,1
871,1785838168260500417,382462,168018,0.876271,1
872,1785838168260884259,386882,169646,0.875171,1
873,1785838168261272551,383852,167084,0.876903,1
874,1785838168261657813,385072,171302,0.874054,1
875,1785838168262044425,383122,166470,0.877319,1
876,1785838168262429107,381282,167618,0.876541,1
877,1785838168262811949,387012,171946,0.873620,1
878,1785838168263200471,389893,174473,0.871920,1
879,1785838168263591894,380692,166610,0.877224,1
880,1785838168263974296,385632,168938,0.875649,1
881,1785838168264361678,390962,176666,0.870448,1
882,1785838168264754130,377752,165804,0.877770,1
883,1785838168265133462,379412,164782,0.878463,1
884,1785838168265514434,388162,166830,0.877075,1
885,1785838168265904196,384682,166918,0.877015,1
886,1785838168266290378,383152,169976,0.874948,1
887,1785838168266675190,382383,167184,0.876835,1
888,1785838168267059343,381612,175881,0.870974,1
889,1785838168267449785,377992,166858,0.877056,1
890,1785838168267829327,403172,186376,0.863969,1
891,1785838168268234159,377192,167084,0.876903,1
892,1785838168268613341,375162,164382,0.878734,1
893,1785838168268990003,380032,166330,0.877413,1
894,1785838168269371535,382122,168018,0.876271,1
895,1785838168269755137,379342,166626,0.877213,1
896,1785838168270135959,389312,177034,0.870201,1
897,1785838168270526791,378512,165852,0.877737,1
898,1785838168270906933,379902,166730,0.877142,1
899,1785838168271288365,375712,165118,0.878235,1
900,1785838168271665627,377462,166085,0.877579,1
901,1785838168272044509,388573,171683,0.873797,1
902,1785838168272434602,378262,165420,0.878030,1
903,1785838168272814614,381672,167978,0.876298,1
904,1785838168273197956,386292,171166,0.874145,1
905,1785838168273585838,376742,164434,0.878699,1
906,1785838168273964030,381212,167772,0.876437,1
907,1785838168274346642,375512,164150,0.878892,1
908,1785838168274723934,371732,163148,0.879572,1
909,1785838168275097276,375532,161935,0.880397,1
910,1785838168275474318,376642,162793,0.879814,1
911,1785838168275862030,380452,165381,0.878057,1
912,1785838168276244282,377003,163799,0.879130,1
913,1785838168276622805,373142,162606,0.879941,1
914,1785838168276997467,375942,163824,0.879113,1
915,1785838168277374849,384552,172272,0.873400,1
916,1785838168277761541,391702,168840,0.875715,1
917,1785838168278155093,382602,168617,0.875866,1
918,1785838168278539805,383142,168475,0.875962,1
919,1785838168278924467,382382,168763,0.875767,1
920,1785838168279308279,381062,168161,0.876174,1
921,1785838168279691021,381592,170409,0.874656,1
922,1785838168280074673,378733,166377,0.877382,1
923,1785838168280455486,381882,168444,0.875983,1
924,1785838168280839138,381552,167641,0.876526,1
925,1785838168281222250,383082,167369,0.876710,1
926,1785838168281606932,378942,167257,0.876786,1
927,1785838168281987434,380082,167095,0.876895,1
928,1785838168282368976,385252,174333,0.872014,1
929,1785838168282755948,380722,170581,0.874540,1
930,1785838168283138110,381672,168409,0.876007,1
931,1785838168283525392,380062,167347,0.876725,1
932,1785838168283907034,382623,167205,0.876821,1
933,1785838168284291317,382642,168391,0.876019,1
934,1785838168284675499,381792,168439,0.875986,1
935,1785838168285059081,382102,169117,0.875528,1
936,1785838168285442683,379182,172735,0.873088,1
937,1785838168285826535,388822,172693,0.873117,1
938,1785838168286217547,380572,169131,0.875519,1
939,1785838168286600339,379822,167419,0.876676,1
940,1785838168286982231,380612,167127,0.876874,1
941,1785838168287364313,381752,168755,0.875773,1
942,1785838168287747675,379162,167903,0.876349,1
943,1785838168288128977,391312,179111,0.868810,1
944,1785838168288522769,380702,168238,0.876122,1
945,1785838168288905101,382472,169376,0.875353,1
946,1785838168289289273,376313,167404,0.876686,1
947,1785838168289667076,377442,167331,0.876736,1
948,1785838168290046018,383002,166249,0.877468,1
949,1785838168290430500,382672,167287,0.876765,1
950,1785838168290814672,383422,170535,0.874571,1
951,1785838168291199794,387352,173673,0.872457,1
952,1785838168291589566,381732,169971,0.874951,1
953,1785838168291973058,385662,170079,0.874879,1
954,1785838168292360160,382482,168367,0.876035,1
955,1785838168292744202,377162,168074,0.876233,1
956,1785838168293122784,380483,167542,0.876593,1
957,1785838168293505187,381472,168649,0.875844,1
958,1785838168293889209,381662,168737,0.875785,1
959,1785838168294272441,378292,168055,0.876246,1
960,1785838168294652353,380462,168243,0.876119,1
961,1785838168295034215,392782,178791,0.869025,1
962,1785838168295428427,380002,166969,0.876981,1
963,1785838168295810259,382332,171777,0.873734,1
964,1785838168296194211,385772,167505,0.876618,1
965,1785838168296581933,380033,167723,0.876470,1
966,1785838168296963466,381112,167569,0.876575,1
967,1785838168297346248,378622,168527,0.875927,1
968,1785838168297726470,379702,169825,0.875050,1
969,1785838168298107672,385132,171453,0.873952,1
970,1785838168298494304,380802,168411,0.876005,1
971,1785838168298876556,379492,168299,0.876081,1
972,1785838168299257528,383272,169197,0.875474,1
973,1785838168299643390,379302,168635,0.875854,1
974,1785838168300029132,384552,170703,0.874458,1
975,1785838168300416714,379613,167931,0.876330,1
976,1785838168300798067,386502,168078,0.876230,1
977,1785838168301186229,381782,169305,0.875401,1
978,1785838168301569551,377352,167603,0.876552,1
979,1785838168301948453,377802,164681,0.878531,1
980,1785838168302328185,385632,170239,0.874771,1
981,1785838168302715297,391182,167597,0.876556,1
982,1785838168303108209,392552,170495,0.874598,1
983,1785838168303503011,383733,168933,0.875652,1
984,1785838168303888354,382562,169390,0.875344,1
985,1785838168304272466,383182,170398,0.874663,1
986,1785838168304657078,376872,166726,0.877145,1
987,1785838168305035350,377752,167684,0.876497,1
988,1785838168305414462,375092,165661,0.877867,1
989,1785838168305791064,377132,164639,0.878560,1
990,1785838168306169646,377392,165567,0.877930,1
991,1785838168306548588,379132,166375,0.877383,1
992,1785838168306930030,380042,167653,0.876518,1
993,1785838168307311862,380192,168301,0.876080,1
994,1785838168307693484,386022,173499,0.872574,1
995,1785838168308080946,381382,168467,0.875967,1
996,1785838168308463758,381912,168045,0.876253,1
997,1785838168308847160,381812,167963,0.876308,1
998,1785838168309230662,381392,167501,0.876621,1
999,1785838168309613564,377312,167668,0.876508,1
