count_idx,delay_ns,delay_center_ns,delay_centered_ns,delay_physical_ns,clock_offset_ns,clock_sync_path_delay_ns,success
51,129014,0,129014,129014,0,0,0
52,145336,0,145336,145336,0,0,1
53,1355092,0,1355092,1355092,0,0,0
54,846267,0,846267,846267,0,0,0
55,341738,0,341738,341738,0,0,1
56,1149093,0,1149093,1149093,0,0,1
57,642048,0,642048,642048,0,0,0
58,138332,0,138332,138332,0,0,1
59,119339,0,119339,119339,0,0,1
60,846111,0,846111,846111,0,0,0
61,333634,0,333634,333634,0,0,1
62,152929,0,152929,152929,0,0,0
63,131731,0,131731,131731,0,0,0
64,148076,0,148076,148076,0,0,1
65,173398,0,173398,173398,0,0,0
66,547875,0,547875,547875,0,0,0
67,71399,0,71399,71399,0,0,1
68,1903498,0,1903498,1903498,0,0,0
69,1396512,0,1396512,1396512,0,0,0
70,891957,0,891957,891957,0,0,0
71,388557,0,388557,388557,0,0,1
72,292325,0,292325,292325,0,0,0
73,434812,0,434812,434812,0,0,1
74,99511,0,99511,99511,0,0,1
75,90418,0,90418,90418,0,0,1
76,188653,0,188653,188653,0,0,1
77,884670,0,884670,884670,0,0,1
78,377754,0,377754,377754,0,0,0
79,1367021,0,1367021,1367021,0,0,0
80,859784,0,859784,859784,0,0,1
81,355633,0,355633,355633,0,0,1
82,153485,0,153485,153485,0,0,0
83,868045,0,868045,868045,0,0,1
84,359656,0,359656,359656,0,0,0
85,105310,0,105310,105310,0,0,0
86,199583,0,199583,199583,0,0,0
87,1020877,0,1020877,1020877,0,0,0
88,510444,0,510444,510444,0,0,0
89,92805,0,92805,92805,0,0,1
90,132378,0,132378,132378,0,0,0
91,139571,0,139571,139571,0,0,0
92,161646,0,161646,161646,0,0,0
93,503727,0,503727,503727,0,0,1
94,100615,0,100615,100615,0,0,0
95,610378,0,610378,610378,0,0,0
96,103191,0,103191,103191,0,0,1
97,183786,0,183786,183786,0,0,0
98,259579,0,259579,259579,0,0,1
99,134807,0,134807,134807,0,0,0
100,566640,0,566640,566640,0,0,0
101,54517,0,54517,54517,0,0,0
102,327013,0,327013,327013,0,0,0
103,166030,0,166030,166030,0,0,1
104,642563,0,642563,642563,0,0,1
105,133563,0,133563,133563,0,0,0
106,155330,0,155330,155330,0,0,0
107,455512,0,455512,455512,0,0,1
108,124150,0,124150,124150,0,0,0
109,265177,0,265177,265177,0,0,0
110,103676,0,103676,103676,0,0,1
111,1441108,0,1441108,1441108,0,0,0
112,935951,0,935951,935951,0,0,0
113,431541,0,431541,431541,0,0,1
114,55403,0,55403,55403,0,0,1
115,629236,0,629236,629236,0,0,0
116,121715,0,121715,121715,0,0,0
117,504434,0,504434,504434,0,0,0
118,94944,0,94944,94944,0,0,0
119,742697,0,742697,742697,0,0,1
120,236577,0,236577,236577,0,0,1
121,130795,0,130795,130795,0,0,1
122,236614,0,236614,236614,0,0,1
123,162021,0,162021,162021,0,0,1
124,157497,0,157497,157497,0,0,0
125,102465,0,102465,102465,0,0,1
126,295181,0,295181,295181,0,0,1
127,182354,0,182354,182354,0,0,0
128,207444,0,207444,207444,0,0,1
129,468855,0,468855,468855,0,0,0
130,146239,0,146239,146239,0,0,1
131,263838,0,263838,263838,0,0,1
132,242528,0,242528,242528,0,0,0
133,98302,0,98302,98302,0,0,1
134,147123,0,147123,147123,0,0,0
135,865598,0,865598,865598,0,0,0
136,358301,0,358301,358301,0,0,1
137,113552,0,113552,113552,0,0,0
138,121879,0,121879,121879,0,0,1
139,2218598,0,2218598,2218598,0,0,1
140,1713641,0,1713641,1713641,0,0,1
141,1209788,0,1209788,1209788,0,0,1
142,703879,0,703879,703879,0,0,1
143,199907,0,199907,199907,0,0,1
144,224132,0,224132,224132,0,0,0
145,273508,0,273508,273508,0,0,1
146,127875,0,127875,127875,0,0,1
147,200210,0,200210,200210,0,0,0
148,1652411,0,1652411,1652411,0,0,0
149,1143708,0,1143708,1143708,0,0,0
150,639351,0,639351,639351,0,0,0
151,120467,0,120467,120467,0,0,0
152,210993,0,210993,210993,0,0,1
153,111686,0,111686,111686,0,0,0
154,365675,0,365675,365675,0,0,1
155,1421241,0,1421241,1421241,0,0,0
156,913388,0,913388,913388,0,0,1
157,409570,0,409570,409570,0,0,1
158,422002,0,422002,422002,0,0,1
159,1227530,0,1227530,1227530,0,0,1
160,718062,0,718062,718062,0,0,1
161,197107,0,197107,197107,0,0,0
162,432619,0,432619,432619,0,0,1
163,120915,0,120915,120915,0,0,1
164,202531,0,202531,202531,0,0,0
165,140921,0,140921,140921,0,0,1
166,1128135,0,1128135,1128135,0,0,0
167,618777,0,618777,618777,0,0,1
168,130320,0,130320,130320,0,0,1
169,118759,0,118759,118759,0,0,1
170,479285,0,479285,479285,0,0,1
171,170629,0,170629,170629,0,0,0
172,493435,0,493435,493435,0,0,1
173,172706,0,172706,172706,0,0,1
174,249981,0,249981,249981,0,0,1
175,226048,0,226048,226048,0,0,1
176,444996,0,444996,444996,0,0,1
177,243844,0,243844,243844,0,0,0
178,104716,0,104716,104716,0,0,0
179,110713,0,110713,110713,0,0,1
180,1687554,0,1687554,1687554,0,0,1
181,1180593,0,1180593,1180593,0,0,1
182,673772,0,673772,673772,0,0,1
183,241553,0,241553,241553,0,0,1
184,103418,0,103418,103418,0,0,0
185,114352,0,114352,114352,0,0,0
186,116892,0,116892,116892,0,0,0
187,142591,0,142591,142591,0,0,0
188,2309493,0,2309493,2309493,0,0,1
189,1802149,0,1802149,1802149,0,0,1
190,1290885,0,1290885,1290885,0,0,1
191,784895,0,784895,784895,0,0,1
192,281118,0,281118,281118,0,0,1
193,1355788,0,1355788,1355788,0,0,0
194,847977,0,847977,847977,0,0,0
195,342218,0,342218,342218,0,0,1
196,878933,0,878933,878933,0,0,0
197,373701,0,373701,373701,0,0,0
198,178905,0,178905,178905,0,0,1
199,177887,0,177887,177887,0,0,1
200,123695,0,123695,123695,0,0,0
201,338369,0,338369,338369,0,0,1
202,249118,0,249118,249118,0,0,1
203,587974,0,587974,587974,0,0,1
204,81605,0,81605,81605,0,0,1
205,584752,0,584752,584752,0,0,1
206,80568,0,80568,80568,0,0,1
207,127249,0,127249,127249,0,0,1
208,104860,0,104860,104860,0,0,0
209,221956,0,221956,221956,0,0,1
210,690046,0,690046,690046,0,0,0
211,182989,0,182989,182989,0,0,1
212,108632,0,108632,108632,0,0,0
213,269646,0,269646,269646,0,0,1
214,139100,0,139100,139100,0,0,1
215,87480,0,87480,87480,0,0,0
216,90289,0,90289,90289,0,0,1
217,96923,0,96923,96923,0,0,0
218,201378,0,201378,201378,0,0,1
219,173323,0,173323,173323,0,0,1
220,106148,0,106148,106148,0,0,1
221,190191,0,190191,190191,0,0,0
222,137817,0,137817,137817,0,0,0
223,162207,0,162207,162207,0,0,1
224,131285,0,131285,131285,0,0,0
225,156724,0,156724,156724,0,0,0
226,92530,0,92530,92530,0,0,1
227,170123,0,170123,170123,0,0,0
228,494347,0,494347,494347,0,0,0
229,89913,0,89913,89913,0,0,0
230,440295,0,440295,440295,0,0,1
231,87260,0,87260,87260,0,0,1
232,1411985,0,1411985,1411985,0,0,0
233,902467,0,902467,902467,0,0,1
234,398656,0,398656,398656,0,0,1
235,854963,0,854963,854963,0,0,0
236,347993,0,347993,347993,0,0,1
237,884057,0,884057,884057,0,0,1
238,378793,0,378793,378793,0,0,1
239,296557,0,296557,296557,0,0,1
240,200471,0,200471,200471,0,0,1
241,97511,0,97511,97511,0,0,0
242,782501,0,782501,782501,0,0,0
243,265677,0,265677,265677,0,0,1
244,165850,0,165850,165850,0,0,1
245,843220,0,843220,843220,0,0,0
246,336605,0,336605,336605,0,0,0
247,109992,0,109992,109992,0,0,1
248,1292963,0,1292963,1292963,0,0,1
249,777918,0,777918,777918,0,0,1
250,274384,0,274384,274384,0,0,0
251,133894,0,133894,133894,0,0,1
252,430860,0,430860,430860,0,0,1
253,192155,0,192155,192155,0,0,1
254,587515,0,587515,587515,0,0,0
255,79921,0,79921,79921,0,0,0
256,332577,0,332577,332577,0,0,1
257,134030,0,134030,134030,0,0,1
258,150774,0,150774,150774,0,0,0
259,150316,0,150316,150316,0,0,0
260,561801,0,561801,561801,0,0,0
261,64749,0,64749,64749,0,0,1
262,126532,0,126532,126532,0,0,1
263,122603,0,122603,122603,0,0,0
264,1026653,0,1026653,1026653,0,0,0
265,517440,0,517440,517440,0,0,1
266,143180,0,143180,143180,0,0,1
267,161450,0,161450,161450,0,0,1
268,160955,0,160955,160955,0,0,0
269,996665,0,996665,996665,0,0,1
270,490200,0,490200,490200,0,0,1
271,67848,0,67848,67848,0,0,1
272,2296110,0,2296110,2296110,0,0,0
273,1791381,0,1791381,1791381,0,0,0
274,1287971,0,1287971,1287971,0,0,1
275,784237,0,784237,784237,0,0,1
276,278445,0,278445,278445,0,0,1
277,642415,0,642415,642415,0,0,1
278,137593,0,137593,137593,0,0,0
279,300926,0,300926,300926,0,0,1
280,113113,0,113113,113113,0,0,1
281,133966,0,133966,133966,0,0,1
282,503793,0,503793,503793,0,0,0
283,72070,0,72070,72070,0,0,1
284,181949,0,181949,181949,0,0,1
285,206113,0,206113,206113,0,0,1
286,189839,0,189839,189839,0,0,0
287,92837,0,92837,92837,0,0,1
288,104359,0,104359,104359,0,0,0
289,1467827,0,1467827,1467827,0,0,0
290,950959,0,950959,950959,0,0,1
291,444906,0,444906,444906,0,0,1
292,120993,0,120993,120993,0,0,0
293,100573,0,100573,100573,0,0,0
294,125376,0,125376,125376,0,0,0
295,98784,0,98784,98784,0,0,1
296,702666,0,702666,702666,0,0,1
297,195135,0,195135,195135,0,0,1
298,558261,0,558261,558261,0,0,0
299,51777,0,51777,51777,0,0,0
300,651701,0,651701,651701,0,0,1
301,144429,0,144429,144429,0,0,0
302,146141,0,146141,146141,0,0,0
303,746598,0,746598,746598,0,0,1
304,239509,0,239509,239509,0,0,0
305,296141,0,296141,296141,0,0,0
306,90615,0,90615,90615,0,0,0
307,534716,0,534716,534716,0,0,1
308,143457,0,143457,143457,0,0,1
309,105778,0,105778,105778,0,0,1
310,97027,0,97027,97027,0,0,1
311,3384799,0,3384799,3384799,0,0,0
312,2879591,0,2879591,2879591,0,0,1
313,2375950,0,2375950,2375950,0,0,1
314,1871887,0,1871887,1871887,0,0,0
315,1382391,0,1382391,1382391,0,0,0
316,924538,0,924538,924538,0,0,1
317,420469,0,420469,420469,0,0,0
318,82197,0,82197,82197,0,0,0
319,446281,0,446281,446281,0,0,1
320,215024,0,215024,215024,0,0,0
321,105965,0,105965,105965,0,0,1
322,199997,0,199997,199997,0,0,1
323,225294,0,225294,225294,0,0,0
324,529365,0,529365,529365,0,0,1
325,119214,0,119214,119214,0,0,1
326,116521,0,116521,116521,0,0,0
327,621152,0,621152,621152,0,0,0
328,115545,0,115545,115545,0,0,1
329,2374106,0,2374106,2374106,0,0,0
330,1868627,0,1868627,1868627,0,0,0
331,1365053,0,1365053,1365053,0,0,1
332,860159,0,860159,860159,0,0,0
333,354128,0,354128,354128,0,0,0
334,85533,0,85533,85533,0,0,0
335,127508,0,127508,127508,0,0,0
336,1252394,0,1252394,1252394,0,0,1
337,744035,0,744035,744035,0,0,0
338,239352,0,239352,239352,0,0,0
339,392222,0,392222,392222,0,0,1
340,170171,0,170171,170171,0,0,0
341,71784,0,71784,71784,0,0,0
342,2945627,0,2945627,2945627,0,0,0
343,2428281,0,2428281,2428281,0,0,0
344,1923637,0,1923637,1923637,0,0,1
345,1419648,0,1419648,1419648,0,0,1
346,914053,0,914053,914053,0,0,1
347,410021,0,410021,410021,0,0,0
348,265735,0,265735,265735,0,0,1
349,155917,0,155917,155917,0,0,1
350,153760,0,153760,153760,0,0,1
351,2830478,0,2830478,2830478,0,0,0
352,2313074,0,2313074,2313074,0,0,0
353,1809105,0,1809105,1809105,0,0,1
354,1305208,0,1305208,1305208,0,0,0
355,801282,0,801282,801282,0,0,0
356,295690,0,295690,295690,0,0,1
357,72662,0,72662,72662,0,0,0
358,336296,0,336296,336296,0,0,1
359,258940,0,258940,258940,0,0,0
360,703926,0,703926,703926,0,0,1
361,197447,0,197447,197447,0,0,1
362,140866,0,140866,140866,0,0,0
363,1118738,0,1118738,1118738,0,0,1
364,610221,0,610221,610221,0,0,1
365,159494,0,159494,159494,0,0,0
366,2513597,0,2513597,2513597,0,0,0
367,2007679,0,2007679,2007679,0,0,0
368,1503832,0,1503832,1503832,0,0,0
369,998095,0,998095,998095,0,0,1
370,494302,0,494302,494302,0,0,1
371,65568,0,65568,65568,0,0,0
372,174340,0,174340,174340,0,0,1
373,117848,0,117848,117848,0,0,0
374,113896,0,113896,113896,0,0,1
375,257591,0,257591,257591,0,0,0
376,221310,0,221310,221310,0,0,1
377,147317,0,147317,147317,0,0,1
378,458855,0,458855,458855,0,0,0
379,91306,0,91306,91306,0,0,1
380,396987,0,396987,396987,0,0,0
381,91272,0,91272,91272,0,0,0
382,862460,0,862460,862460,0,0,1
383,357117,0,357117,357117,0,0,0
384,95885,0,95885,95885,0,0,0
385,116970,0,116970,116970,0,0,1
386,121768,0,121768,121768,0,0,0
387,96992,0,96992,96992,0,0,0
388,101949,0,101949,101949,0,0,0
389,177296,0,177296,177296,0,0,1
390,103292,0,103292,103292,0,0,0
391,112002,0,112002,112002,0,0,0
392,196369,0,196369,196369,0,0,0
393,141688,0,141688,141688,0,0,0
394,266530,0,266530,266530,0,0,0
395,144148,0,144148,144148,0,0,1
396,154289,0,154289,154289,0,0,0
397,282365,0,282365,282365,0,0,0
398,134032,0,134032,134032,0,0,1
399,656399,0,656399,656399,0,0,1
400,148805,0,148805,148805,0,0,1
401,693556,0,693556,693556,0,0,1
402,186685,0,186685,186685,0,0,1
403,127282,0,127282,127282,0,0,1
404,201023,0,201023,201023,0,0,0
405,126550,0,126550,126550,0,0,0
406,43201,0,43201,43201,0,0,0
407,2170481,0,2170481,2170481,0,0,1
408,1662358,0,1662358,1662358,0,0,1
409,1158637,0,1158637,1158637,0,0,1
410,655087,0,655087,655087,0,0,1
411,150683,0,150683,150683,0,0,1
412,201269,0,201269,201269,0,0,0
413,174770,0,174770,174770,0,0,0
414,925390,0,925390,925390,0,0,0
415,418439,0,418439,418439,0,0,1
416,169378,0,169378,169378,0,0,0
417,230114,0,230114,230114,0,0,0
418,179819,0,179819,179819,0,0,0
419,96729,0,96729,96729,0,0,1
420,93153,0,93153,93153,0,0,0
421,1446758,0,1446758,1446758,0,0,1
422,929514,0,929514,929514,0,0,1
423,424059,0,424059,424059,0,0,0
424,115258,0,115258,115258,0,0,1
425,1517536,0,1517536,1517536,0,0,1
426,1008700,0,1008700,1008700,0,0,0
427,504716,0,504716,504716,0,0,0
428,68826,0,68826,68826,0,0,1
429,330772,0,330772,330772,0,0,1
430,181678,0,181678,181678,0,0,1
431,115672,0,115672,115672,0,0,0
432,1528816,0,1528816,1528816,0,0,1
433,1011456,0,1011456,1011456,0,0,0
434,507659,0,507659,507659,0,0,0
435,109298,0,109298,109298,0,0,0
436,100621,0,100621,100621,0,0,1
437,532317,0,532317,532317,0,0,0
438,94568,0,94568,94568,0,0,1
439,285730,0,285730,285730,0,0,0
440,233992,0,233992,233992,0,0,1
441,1237211,0,1237211,1237211,0,0,0
442,732800,0,732800,732800,0,0,1
443,242020,0,242020,242020,0,0,1
444,571999,0,571999,571999,0,0,1
445,76146,0,76146,76146,0,0,1
446,137346,0,137346,137346,0,0,0
447,241554,0,241554,241554,0,0,0
448,1368134,0,1368134,1368134,0,0,1
449,859631,0,859631,859631,0,0,1
450,355776,0,355776,355776,0,0,0
451,76603,0,76603,76603,0,0,0
452,2501303,0,2501303,2501303,0,0,0
453,1986933,0,1986933,1986933,0,0,1
454,1482050,0,1482050,1482050,0,0,0
455,978264,0,978264,978264,0,0,1
456,472682,0,472682,472682,0,0,1
457,129749,0,129749,129749,0,0,1
458,174407,0,174407,174407,0,0,1
459,155427,0,155427,155427,0,0,1
460,3159454,0,3159454,3159454,0,0,1
461,2652036,0,2652036,2652036,0,0,0
462,2147892,0,2147892,2147892,0,0,1
463,1642110,0,1642110,1642110,0,0,1
464,1138367,0,1138367,1138367,0,0,0
465,634689,0,634689,634689,0,0,1
466,130638,0,130638,130638,0,0,1
467,87973,0,87973,87973,0,0,0
468,1213974,0,1213974,1213974,0,0,0
469,709057,0,709057,709057,0,0,0
470,202443,0,202443,202443,0,0,0
471,139054,0,139054,139054,0,0,0
472,1036533,0,1036533,1036533,0,0,1
473,531102,0,531102,531102,0,0,1
474,113944,0,113944,113944,0,0,1
475,785092,0,785092,785092,0,0,1
476,274447,0,274447,274447,0,0,0
477,250190,0,250190,250190,0,0,0
478,550594,0,550594,550594,0,0,0
479,111172,0,111172,111172,0,0,1
480,206617,0,206617,206617,0,0,0
481,574189,0,574189,574189,0,0,1
482,68059,0,68059,68059,0,0,0
483,131355,0,131355,131355,0,0,0
484,115674,0,115674,115674,0,0,1
485,160848,0,160848,160848,0,0,0
486,122031,0,122031,122031,0,0,1
487,1827452,0,1827452,1827452,0,0,1
488,1320441,0,1320441,1320441,0,0,1
489,815306,0,815306,815306,0,0,0
490,324704,0,324704,324704,0,0,1
491,786388,0,786388,786388,0,0,0
492,279927,0,279927,279927,0,0,0
493,1395549,0,1395549,1395549,0,0,1
494,888777,0,888777,888777,0,0,0
495,384357,0,384357,384357,0,0,0
496,402778,0,402778,402778,0,0,1
497,537971,0,537971,537971,0,0,0
498,126517,0,126517,126517,0,0,0
499,109690,0,109690,109690,0,0,1
500,241700,0,241700,241700,0,0,0
501,112603,0,112603,112603,0,0,1
502,136368,0,136368,136368,0,0,1
503,196697,0,196697,196697,0,0,1
504,175508,0,175508,175508,0,0,0
505,575491,0,575491,575491,0,0,0
506,146371,0,146371,146371,0,0,0
507,2255607,0,2255607,2255607,0,0,0
508,1747215,0,1747215,1747215,0,0,1
509,1241245,0,1241245,1241245,0,0,1
510,737484,0,737484,737484,0,0,0
511,233966,0,233966,233966,0,0,1
512,97691,0,97691,97691,0,0,0
513,703138,0,703138,703138,0,0,1
514,193336,0,193336,193336,0,0,1
515,470184,0,470184,470184,0,0,0
516,191361,0,191361,191361,0,0,1
517,693174,0,693174,693174,0,0,0
518,180067,0,180067,180067,0,0,0
519,178882,0,178882,178882,0,0,1
520,466900,0,466900,466900,0,0,0
521,103212,0,103212,103212,0,0,1
522,239829,0,239829,239829,0,0,1
523,377753,0,377753,377753,0,0,0
524,56070,0,56070,56070,0,0,1
525,210044,0,210044,210044,0,0,1
526,192063,0,192063,192063,0,0,1
527,128628,0,128628,128628,0,0,1
528,93289,0,93289,93289,0,0,1
529,87062,0,87062,87062,0,0,0
530,54719,0,54719,54719,0,0,1
531,130693,0,130693,130693,0,0,1
532,284152,0,284152,284152,0,0,1
533,75408,0,75408,75408,0,0,1
534,872090,0,872090,872090,0,0,0
535,357308,0,357308,357308,0,0,1
536,855115,0,855115,855115,0,0,0
537,340078,0,340078,340078,0,0,1
538,48262,0,48262,48262,0,0,0
539,123770,0,123770,123770,0,0,1
540,802269,0,802269,802269,0,0,0
541,295120,0,295120,295120,0,0,1
542,505756,0,505756,505756,0,0,1
543,120289,0,120289,120289,0,0,0
544,432890,0,432890,432890,0,0,0
545,113516,0,113516,113516,0,0,1
546,1247672,0,1247672,1247672,0,0,0
547,737580,0,737580,737580,0,0,1
548,230043,0,230043,230043,0,0,0
549,786824,0,786824,786824,0,0,1
550,279422,0,279422,279422,0,0,1
551,189517,0,189517,189517,0,0,1
552,166264,0,166264,166264,0,0,0
553,256515,0,256515,256515,0,0,0
554,236137,0,236137,236137,0,0,1
555,115287,0,115287,115287,0,0,1
556,534851,0,534851,534851,0,0,0
557,196040,0,196040,196040,0,0,1
558,364479,0,364479,364479,0,0,0
559,122445,0,122445,122445,0,0,1
560,270608,0,270608,270608,0,0,1
561,109392,0,109392,109392,0,0,0
562,521954,0,521954,521954,0,0,0
563,72901,0,72901,72901,0,0,1
564,109783,0,109783,109783,0,0,1
565,63994,0,63994,63994,0,0,0
566,238667,0,238667,238667,0,0,1
567,147554,0,147554,147554,0,0,1
568,83186,0,83186,83186,0,0,0
569,99479,0,99479,99479,0,0,1
570,83701,0,83701,83701,0,0,0
571,69528,0,69528,69528,0,0,0
572,84397,0,84397,84397,0,0,0
573,89666,0,89666,89666,0,0,1
574,62366,0,62366,62366,0,0,1
575,86650,0,86650,86650,0,0,0
576,133854,0,133854,133854,0,0,0
577,87995,0,87995,87995,0,0,0
578,82076,0,82076,82076,0,0,1
579,135237,0,135237,135237,0,0,0
580,88976,0,88976,88976,0,0,0
581,83593,0,83593,83593,0,0,0
582,91631,0,91631,91631,0,0,0
583,89154,0,89154,89154,0,0,1
584,86176,0,86176,86176,0,0,1
585,74324,0,74324,74324,0,0,1
586,65905,0,65905,65905,0,0,0
587,82303,0,82303,82303,0,0,1
588,76388,0,76388,76388,0,0,1
589,61829,0,61829,61829,0,0,1
590,65719,0,65719,65719,0,0,1
591,76775,0,76775,76775,0,0,0
592,111032,0,111032,111032,0,0,0
593,98049,0,98049,98049,0,0,1
594,153432,0,153432,153432,0,0,0
595,99773,0,99773,99773,0,0,1
596,248642,0,248642,248642,0,0,0
597,294671,0,294671,294671,0,0,1
598,61337,0,61337,61337,0,0,0
599,165398,0,165398,165398,0,0,1
600,215578,0,215578,215578,0,0,1
601,743348,0,743348,743348,0,0,0
602,236823,0,236823,236823,0,0,0
603,972559,0,972559,972559,0,0,1
604,465519,0,465519,465519,0,0,0
605,93827,0,93827,93827,0,0,0
606,247221,0,247221,247221,0,0,1
607,184337,0,184337,184337,0,0,0
608,122616,0,122616,122616,0,0,0
609,1708446,0,1708446,1708446,0,0,1
610,1184809,0,1184809,1184809,0,0,0
611,680720,0,680720,680720,0,0,0
612,175915,0,175915,175915,0,0,1
613,230703,0,230703,230703,0,0,1
614,397359,0,397359,397359,0,0,1
615,346487,0,346487,346487,0,0,0
616,193288,0,193288,193288,0,0,0
617,211385,0,211385,211385,0,0,1
618,544168,0,544168,544168,0,0,0
619,116864,0,116864,116864,0,0,1
620,293577,0,293577,293577,0,0,1
621,99194,0,99194,99194,0,0,0
622,185973,0,185973,185973,0,0,0
623,238551,0,238551,238551,0,0,1
624,242132,0,242132,242132,0,0,1
625,122314,0,122314,122314,0,0,1
626,162820,0,162820,162820,0,0,0
627,2197444,0,2197444,2197444,0,0,1
628,1690643,0,1690643,1690643,0,0,1
629,1187118,0,1187118,1187118,0,0,1
630,680919,0,680919,680919,0,0,1
631,170231,0,170231,170231,0,0,0
632,843370,0,843370,843370,0,0,1
633,334739,0,334739,334739,0,0,1
634,98267,0,98267,98267,0,0,1
635,225579,0,225579,225579,0,0,0
636,190559,0,190559,190559,0,0,0
637,1074242,0,1074242,1074242,0,0,1
638,566226,0,566226,566226,0,0,1
639,186626,0,186626,186626,0,0,1
640,134653,0,134653,134653,0,0,0
641,130447,0,130447,130447,0,0,1
642,115071,0,115071,115071,0,0,0
643,134715,0,134715,134715,0,0,1
644,1599797,0,1599797,1599797,0,0,1
645,1092538,0,1092538,1092538,0,0,1
646,588840,0,588840,588840,0,0,1
647,84803,0,84803,84803,0,0,1
648,258189,0,258189,258189,0,0,0
649,406487,0,406487,406487,0,0,1
650,505471,0,505471,505471,0,0,1
651,94677,0,94677,94677,0,0,0
652,503702,0,503702,503702,0,0,0
653,128963,0,128963,128963,0,0,0
654,177412,0,177412,177412,0,0,0
655,122719,0,122719,122719,0,0,0
656,2478559,0,2478559,2478559,0,0,0
657,1972610,0,1972610,1972610,0,0,1
658,1468659,0,1468659,1468659,0,0,0
659,980427,0,980427,980427,0,0,1
660,474409,0,474409,474409,0,0,0
661,88213,0,88213,88213,0,0,0
662,274460,0,274460,274460,0,0,0
663,1748589,0,1748589,1748589,0,0,1
664,1238900,0,1238900,1238900,0,0,0
665,735057,0,735057,735057,0,0,1
666,230501,0,230501,230501,0,0,1
667,244352,0,244352,244352,0,0,0
668,1163976,0,1163976,1163976,0,0,0
669,658337,0,658337,658337,0,0,0
670,153148,0,153148,153148,0,0,1
671,198640,0,198640,198640,0,0,1
672,397982,0,397982,397982,0,0,1
673,510802,0,510802,510802,0,0,1
674,121729,0,121729,121729,0,0,0
675,129255,0,129255,129255,0,0,0
676,216788,0,216788,216788,0,0,1
677,184693,0,184693,184693,0,0,1
678,163217,0,163217,163217,0,0,1
679,3474224,0,3474224,3474224,0,0,1
680,2964904,0,2964904,2964904,0,0,1
681,2461370,0,2461370,2461370,0,0,1
682,1957615,0,1957615,1957615,0,0,1
683,1451803,0,1451803,1451803,0,0,1
684,947959,0,947959,947959,0,0,0
685,444755,0,444755,444755,0,0,1
686,160805,0,160805,160805,0,0,1
687,443709,0,443709,443709,0,0,1
688,111926,0,111926,111926,0,0,1
689,1444908,0,1444908,1444908,0,0,0
690,937578,0,937578,937578,0,0,0
691,433378,0,433378,433378,0,0,1
692,86842,0,86842,86842,0,0,1
693,575299,0,575299,575299,0,0,1
694,117494,0,117494,117494,0,0,0
695,1168831,0,1168831,1168831,0,0,1
696,677580,0,677580,677580,0,0,0
697,207742,0,207742,207742,0,0,1
698,538889,0,538889,538889,0,0,1
699,127297,0,127297,127297,0,0,0
700,133035,0,133035,133035,0,0,0
701,343749,0,343749,343749,0,0,0
702,82590,0,82590,82590,0,0,0
703,127264,0,127264,127264,0,0,1
704,974196,0,974196,974196,0,0,0
705,465801,0,465801,465801,0,0,1
706,64009,0,64009,64009,0,0,0
707,498653,0,498653,498653,0,0,0
708,187341,0,187341,187341,0,0,1
709,368645,0,368645,368645,0,0,0
710,787842,0,787842,787842,0,0,0
711,278413,0,278413,278413,0,0,0
712,330843,0,330843,330843,0,0,1
713,513101,0,513101,513101,0,0,1
714,134611,0,134611,134611,0,0,1
715,322020,0,322020,322020,0,0,1
716,118525,0,118525,118525,0,0,0
717,188617,0,188617,188617,0,0,0
718,126925,0,126925,126925,0,0,0
719,395176,0,395176,395176,0,0,0
720,340242,0,340242,340242,0,0,0
721,489752,0,489752,489752,0,0,1
722,94697,0,94697,94697,0,0,1
723,267220,0,267220,267220,0,0,0
724,741895,0,741895,741895,0,0,1
725,236569,0,236569,236569,0,0,0
726,1233261,0,1233261,1233261,0,0,1
727,725675,0,725675,725675,0,0,0
728,218954,0,218954,218954,0,0,0
729,241668,0,241668,241668,0,0,1
730,229478,0,229478,229478,0,0,1
731,248777,0,248777,248777,0,0,0
732,273071,0,273071,273071,0,0,0
733,102002,0,102002,102002,0,0,0
734,107121,0,107121,107121,0,0,1
735,74074,0,74074,74074,0,0,1
736,112752,0,112752,112752,0,0,1
737,133537,0,133537,133537,0,0,1
738,1618864,0,1618864,1618864,0,0,1
739,1114425,0,1114425,1114425,0,0,1
740,610290,0,610290,610290,0,0,1
741,119151,0,119151,119151,0,0,0
742,481010,0,481010,481010,0,0,0
743,99837,0,99837,99837,0,0,0
744,125650,0,125650,125650,0,0,0
745,140402,0,140402,140402,0,0,1
746,602582,0,602582,602582,0,0,1
747,81430,0,81430,81430,0,0,1
748,309302,0,309302,309302,0,0,1
749,102897,0,102897,102897,0,0,1
750,136054,0,136054,136054,0,0,1
751,126501,0,126501,126501,0,0,1
752,646416,0,646416,646416,0,0,0
753,138833,0,138833,138833,0,0,1
754,205694,0,205694,205694,0,0,0
755,716426,0,716426,716426,0,0,0
756,209337,0,209337,209337,0,0,1
757,313298,0,313298,313298,0,0,0
758,294392,0,294392,294392,0,0,0
759,239357,0,239357,239357,0,0,1
760,1970985,0,1970985,1970985,0,0,0
761,1462963,0,1462963,1462963,0,0,0
762,958037,0,958037,958037,0,0,0
763,454346,0,454346,454346,0,0,1
764,99903,0,99903,99903,0,0,1
765,57141,0,57141,57141,0,0,0
766,670413,0,670413,670413,0,0,1
767,163061,0,163061,163061,0,0,0
768,591965,0,591965,591965,0,0,0
769,84900,0,84900,84900,0,0,0
770,74555,0,74555,74555,0,0,0
771,97554,0,97554,97554,0,0,0
772,161050,0,161050,161050,0,0,0
773,136513,0,136513,136513,0,0,0
774,3165339,0,3165339,3165339,0,0,0
775,2659768,0,2659768,2659768,0,0,0
776,2155535,0,2155535,2155535,0,0,1
777,1649560,0,1649560,1649560,0,0,1
778,1146017,0,1146017,1146017,0,0,1
779,640788,0,640788,640788,0,0,0
780,136589,0,136589,136589,0,0,1
781,135851,0,135851,135851,0,0,0
782,1033740,0,1033740,1033740,0,0,1
783,528147,0,528147,528147,0,0,0
784,101352,0,101352,101352,0,0,0
785,158537,0,158537,158537,0,0,1
786,572363,0,572363,572363,0,0,1
787,67901,0,67901,67901,0,0,0
788,155046,0,155046,155046,0,0,0
789,467351,0,467351,467351,0,0,0
790,88745,0,88745,88745,0,0,0
791,151809,0,151809,151809,0,0,1
792,363735,0,363735,363735,0,0,1
793,106596,0,106596,106596,0,0,1
794,790913,0,790913,790913,0,0,0
795,285130,0,285130,285130,0,0,0
796,185864,0,185864,185864,0,0,1
797,207814,0,207814,207814,0,0,0
798,194552,0,194552,194552,0,0,1
799,145957,0,145957,145957,0,0,1
800,144812,0,144812,144812,0,0,1
801,138685,0,138685,138685,0,0,1
802,626722,0,626722,626722,0,0,0
803,121167,0,121167,121167,0,0,0
804,141796,0,141796,141796,0,0,0
805,155178,0,155178,155178,0,0,1
806,309579,0,309579,309579,0,0,0
807,1893913,0,1893913,1893913,0,0,0
808,1386615,0,1386615,1386615,0,0,1
809,881323,0,881323,881323,0,0,1
810,374931,0,374931,374931,0,0,0
811,140389,0,140389,140389,0,0,1
812,210928,0,210928,210928,0,0,1
813,264384,0,264384,264384,0,0,1
814,166727,0,166727,166727,0,0,0
815,1546901,0,1546901,1546901,0,0,1
816,1040736,0,1040736,1040736,0,0,1
817,535673,0,535673,535673,0,0,0
818,135872,0,135872,135872,0,0,0
819,325432,0,325432,325432,0,0,0
820,2242431,0,2242431,2242431,0,0,0
821,1736363,0,1736363,1736363,0,0,1
822,1229449,0,1229449,1229449,0,0,0
823,724738,0,724738,724738,0,0,1
824,241313,0,241313,241313,0,0,0
825,128119,0,128119,128119,0,0,1
826,142437,0,142437,142437,0,0,1
827,84793,0,84793,84793,0,0,1
828,99323,0,99323,99323,0,0,1
829,538516,0,538516,538516,0,0,1
830,70907,0,70907,70907,0,0,0
831,285858,0,285858,285858,0,0,1
832,76448,0,76448,76448,0,0,0
833,1200381,0,1200381,1200381,0,0,0
834,694882,0,694882,694882,0,0,1
835,191399,0,191399,191399,0,0,0
836,1169004,0,1169004,1169004,0,0,0
837,661928,0,661928,661928,0,0,0
838,157142,0,157142,157142,0,0,1
839,173351,0,173351,173351,0,0,1
840,130030,0,130030,130030,0,0,1
841,1049880,0,1049880,1049880,0,0,0
842,544451,0,544451,544451,0,0,1
843,102811,0,102811,102811,0,0,0
844,100471,0,100471,100471,0,0,1
845,2302898,0,2302898,2302898,0,0,1
846,1797617,0,1797617,1797617,0,0,0
847,1290349,0,1290349,1290349,0,0,0
848,784517,0,784517,784517,0,0,1
849,279958,0,279958,279958,0,0,0
850,601885,0,601885,601885,0,0,1
851,96538,0,96538,96538,0,0,1
852,183374,0,183374,183374,0,0,1
853,153594,0,153594,153594,0,0,1
854,192454,0,192454,192454,0,0,0
855,1929882,0,1929882,1929882,0,0,1
856,1437050,0,1437050,1437050,0,0,0
857,969599,0,969599,969599,0,0,0
858,497560,0,497560,497560,0,0,1
859,97116,0,97116,97116,0,0,0
860,118259,0,118259,118259,0,0,1
861,1784496,0,1784496,1784496,0,0,0
862,1252302,0,1252302,1252302,0,0,0
863,748409,0,748409,748409,0,0,0
864,244048,0,244048,244048,0,0,0
865,259860,0,259860,259860,0,0,1
866,87258,0,87258,87258,0,0,0
867,95275,0,95275,95275,0,0,0
868,137771,0,137771,137771,0,0,0
869,343753,0,343753,343753,0,0,0
870,739218,0,739218,739218,0,0,0
871,232621,0,232621,232621,0,0,1
872,1257559,0,1257559,1257559,0,0,0
873,748503,0,748503,748503,0,0,1
874,242908,0,242908,242908,0,0,1
875,71204,0,71204,71204,0,0,0
876,1553728,0,1553728,1553728,0,0,0
877,1044807,0,1044807,1044807,0,0,1
878,538797,0,538797,538797,0,0,1
879,66610,0,66610,66610,0,0,0
880,71547,0,71547,71547,0,0,0
881,141548,0,141548,141548,0,0,1
882,235845,0,235845,235845,0,0,1
883,1077929,0,1077929,1077929,0,0,1
884,558588,0,558588,558588,0,0,0
885,54129,0,54129,54129,0,0,0
886,995697,0,995697,995697,0,0,1
887,490051,0,490051,490051,0,0,0
888,168299,0,168299,168299,0,0,1
889,687710,0,687710,687710,0,0,1
890,181491,0,181491,181491,0,0,0
891,85575,0,85575,85575,0,0,1
892,466305,0,466305,466305,0,0,0
893,152711,0,152711,152711,0,0,1
894,151264,0,151264,151264,0,0,0
895,159244,0,159244,159244,0,0,1
896,368238,0,368238,368238,0,0,0
897,119153,0,119153,119153,0,0,1
898,1295284,0,1295284,1295284,0,0,0
899,786591,0,786591,786591,0,0,1
900,279585,0,279585,279585,0,0,1
901,464021,0,464021,464021,0,0,1
902,103729,0,103729,103729,0,0,0
903,726749,0,726749,726749,0,0,0
904,218799,0,218799,218799,0,0,0
905,403596,0,403596,403596,0,0,1
906,150670,0,150670,150670,0,0,0
907,152968,0,152968,152968,0,0,1
908,124172,0,124172,124172,0,0,0
909,702358,0,702358,702358,0,0,0
910,197340,0,197340,197340,0,0,0
911,250030,0,250030,250030,0,0,1
912,116345,0,116345,116345,0,0,1
913,151232,0,151232,151232,0,0,0
914,106527,0,106527,106527,0,0,0
915,1280644,0,1280644,1280644,0,0,0
916,774300,0,774300,774300,0,0,1
917,270593,0,270593,270593,0,0,0
918,1038845,0,1038845,1038845,0,0,1
919,532046,0,532046,532046,0,0,1
920,137322,0,137322,137322,0,0,0
921,97977,0,97977,97977,0,0,0
922,139043,0,139043,139043,0,0,1
923,145881,0,145881,145881,0,0,0
924,1252745,0,1252745,1252745,0,0,1
925,746032,0,746032,746032,0,0,0
926,241930,0,241930,241930,0,0,1
927,823565,0,823565,823565,0,0,0
928,307022,0,307022,307022,0,0,1
929,294550,0,294550,294550,0,0,1
930,153681,0,153681,153681,0,0,1
931,291856,0,291856,291856,0,0,0
932,354093,0,354093,354093,0,0,1
933,304943,0,304943,304943,0,0,1
934,165378,0,165378,165378,0,0,1
935,150371,0,150371,150371,0,0,0
936,183981,0,183981,183981,0,0,0
937,130888,0,130888,130888,0,0,1
938,174598,0,174598,174598,0,0,1
939,530264,0,530264,530264,0,0,0
940,101836,0,101836,101836,0,0,1
941,426093,0,426093,426093,0,0,0
942,855307,0,855307,855307,0,0,1
943,348001,0,348001,348001,0,0,0
944,406435,0,406435,406435,0,0,1
945,100081,0,100081,100081,0,0,0
946,682795,0,682795,682795,0,0,1
947,164457,0,164457,164457,0,0,1
948,160076,0,160076,160076,0,0,0
949,159865,0,159865,159865,0,0,1
950,176788,0,176788,176788,0,0,0
951,491216,0,491216,491216,0,0,1
952,92101,0,92101,92101,0,0,1
953,112415,0,112415,112415,0,0,0
954,2443969,0,2443969,2443969,0,0,1
955,1928395,0,1928395,1928395,0,0,1
956,1424768,0,1424768,1424768,0,0,0
957,920780,0,920780,920780,0,0,0
958,415097,0,415097,415097,0,0,1
959,805446,0,805446,805446,0,0,1
960,301583,0,301583,301583,0,0,1
961,144630,0,144630,144630,0,0,0
962,178655,0,178655,178655,0,0,0
963,101633,0,101633,101633,0,0,1
964,150705,0,150705,150705,0,0,1
965,453296,0,453296,453296,0,0,1
966,74170,0,74170,74170,0,0,0
967,437661,0,437661,437661,0,0,1
968,379775,0,379775,379775,0,0,0
969,72777,0,72777,72777,0,0,1
970,239151,0,239151,239151,0,0,0
971,424971,0,424971,424971,0,0,1
972,76835,0,76835,76835,0,0,0
973,967645,0,967645,967645,0,0,0
974,462476,0,462476,462476,0,0,0
975,103425,0,103425,103425,0,0,0
976,347637,0,347637,347637,0,0,1
977,1360268,0,1360268,1360268,0,0,1
978,853663,0,853663,853663,0,0,1
979,350047,0,350047,350047,0,0,0
980,1325636,0,1325636,1325636,0,0,1
981,819175,0,819175,819175,0,0,0
982,314250,0,314250,314250,0,0,1
983,730255,0,730255,730255,0,0,1
984,223182,0,223182,223182,0,0,0
985,100547,0,100547,100547,0,0,1
986,371887,0,371887,371887,0,0,1
987,422489,0,422489,422489,0,0,0
988,70552,0,70552,70552,0,0,1
989,157394,0,157394,157394,0,0,1
990,255105,0,255105,255105,0,0,0
991,308879,0,308879,308879,0,0,1
992,203791,0,203791,203791,0,0,1
993,130500,0,130500,130500,0,0,0
994,206617,0,206617,206617,0,0,0
995,2532144,0,2532144,2532144,0,0,0
996,2027297,0,2027297,2027297,0,0,1
997,1523638,0,1523638,1523638,0,0,1
998,1019817,0,1019817,1019817,0,0,0
999,513860,0,513860,513860,0,0,1
1000,76455,0,76455,76455,0,0,1
1001,480639,0,480639,480639,0,0,0
1002,64410,0,64410,64410,0,0,0
1003,144362,0,144362,144362,0,0,0
1004,1240690,0,1240690,1240690,0,0,0
1005,719778,0,719778,719778,0,0,0
1006,215957,0,215957,215957,0,0,1
1007,272112,0,272112,272112,0,0,1
1008,169002,0,169002,169002,0,0,1
1009,177254,0,177254,177254,0,0,1
1010,428750,0,428750,428750,0,0,1
1011,140010,0,140010,140010,0,0,0
1012,253125,0,253125,253125,0,0,1
1013,560501,0,560501,560501,0,0,1
1014,54200,0,54200,54200,0,0,0
1015,184436,0,184436,184436,0,0,1
1016,199425,0,199425,199425,0,0,0
1017,111025,0,111025,111025,0,0,0
1018,136779,0,136779,136779,0,0,1
1019,311032,0,311032,311032,0,0,1
1020,150264,0,150264,150264,0,0,1
1021,168463,0,168463,168463,0,0,0
1022,181725,0,181725,181725,0,0,0
1023,118709,0,118709,118709,0,0,0
1024,121362,0,121362,121362,0,0,0
1025,197030,0,197030,197030,0,0,0
1026,116473,0,116473,116473,0,0,1
1027,250824,0,250824,250824,0,0,1
1028,150271,0,150271,150271,0,0,0
1029,157157,0,157157,157157,0,0,1
1030,146053,0,146053,146053,0,0,0
1031,127191,0,127191,127191,0,0,1
1032,146796,0,146796,146796,0,0,0
1033,855051,0,855051,855051,0,0,0
1034,347891,0,347891,347891,0,0,1
1035,460027,0,460027,460027,0,0,0
1036,115364,0,115364,115364,0,0,1
1037,448675,0,448675,448675,0,0,0
1038,427501,0,427501,427501,0,0,1
1039,143024,0,143024,143024,0,0,0
1040,168967,0,168967,168967,0,0,0
1041,345663,0,345663,345663,0,0,1
1042,143878,0,143878,143878,0,0,0
1043,275054,0,275054,275054,0,0,0
1044,138463,0,138463,138463,0,0,1
1045,309429,0,309429,309429,0,0,1
1046,110619,0,110619,110619,0,0,1
1047,118629,0,118629,118629,0,0,0
1048,109164,0,109164,109164,0,0,1
1049,329670,0,329670,329670,0,0,1
1050,144040,0,144040,144040,0,0,0
1051,551312,0,551312,551312,0,0,1
1052,169361,0,169361,169361,0,0,0
1053,322677,0,322677,322677,0,0,0
1054,167689,0,167689,167689,0,0,0
1055,542696,0,542696,542696,0,0,0
1056,88339,0,88339,88339,0,0,1
1057,145291,0,145291,145291,0,0,0
1058,130010,0,130010,130010,0,0,0
1059,108091,0,108091,108091,0,0,0
1060,1177479,0,1177479,1177479,0,0,0
1061,668878,0,668878,668878,0,0,0
1062,164846,0,164846,164846,0,0,0
1063,118920,0,118920,118920,0,0,1
1064,823652,0,823652,823652,0,0,0
1065,316059,0,316059,316059,0,0,1
1066,405709,0,405709,405709,0,0,1
1067,133392,0,133392,133392,0,0,1
1068,817692,0,817692,817692,0,0,1
1069,321093,0,321093,321093,0,0,1
1070,85354,0,85354,85354,0,0,1
1071,176000,0,176000,176000,0,0,0
1072,213533,0,213533,213533,0,0,0
1073,130264,0,130264,130264,0,0,0
1074,125202,0,125202,125202,0,0,0
1075,233386,0,233386,233386,0,0,1
1076,269537,0,269537,269537,0,0,0
1077,115450,0,115450,115450,0,0,0
1078,133347,0,133347,133347,0,0,1
1079,830775,0,830775,830775,0,0,1
1080,324280,0,324280,324280,0,0,1
1081,1003621,0,1003621,1003621,0,0,1
1082,496405,0,496405,496405,0,0,0
1083,89161,0,89161,89161,0,0,0
1084,143205,0,143205,143205,0,0,1
1085,165505,0,165505,165505,0,0,0
1086,180106,0,180106,180106,0,0,1
1087,123464,0,123464,123464,0,0,1
1088,104047,0,104047,104047,0,0,1
1089,137204,0,137204,137204,0,0,1
1090,147263,0,147263,147263,0,0,1
1091,1303978,0,1303978,1303978,0,0,0
1092,797502,0,797502,797502,0,0,1
1093,292587,0,292587,292587,0,0,0
1094,92297,0,92297,92297,0,0,0
1095,441486,0,441486,441486,0,0,1
1096,253406,0,253406,253406,0,0,0
1097,125961,0,125961,125961,0,0,1
1098,154506,0,154506,154506,0,0,0
1099,191719,0,191719,191719,0,0,1
1100,730768,0,730768,730768,0,0,0
1101,219715,0,219715,219715,0,0,0
1102,1229228,0,1229228,1229228,0,0,0
1103,722428,0,722428,722428,0,0,0
1104,218434,0,218434,218434,0,0,0
1105,580629,0,580629,580629,0,0,0
1106,76077,0,76077,76077,0,0,1
1107,1256568,0,1256568,1256568,0,0,0
1108,752887,0,752887,752887,0,0,1
1109,249156,0,249156,249156,0,0,1
1110,105660,0,105660,105660,0,0,1
1111,109653,0,109653,109653,0,0,1
1112,951422,0,951422,951422,0,0,0
1113,445250,0,445250,445250,0,0,0
1114,118573,0,118573,118573,0,0,0
1115,146354,0,146354,146354,0,0,1
1116,614080,0,614080,614080,0,0,0
1117,90163,0,90163,90163,0,0,0
1118,2325817,0,2325817,2325817,0,0,0
1119,1818137,0,1818137,1818137,0,0,1
1120,1313694,0,1313694,1313694,0,0,1
1121,810167,0,810167,810167,0,0,1
1122,306323,0,306323,306323,0,0,0
1123,475583,0,475583,475583,0,0,0
1124,75223,0,75223,75223,0,0,0
1125,109445,0,109445,109445,0,0,1
1126,114063,0,114063,114063,0,0,0
1127,3108301,0,3108301,3108301,0,0,1
1128,2601330,0,2601330,2601330,0,0,1
1129,2097308,0,2097308,2097308,0,0,1
1130,1591406,0,1591406,1591406,0,0,0
1131,1086047,0,1086047,1086047,0,0,0
1132,582668,0,582668,582668,0,0,0
1133,78385,0,78385,78385,0,0,0
1134,262680,0,262680,262680,0,0,1
1135,1294279,0,1294279,1294279,0,0,0
1136,787135,0,787135,787135,0,0,1
1137,282098,0,282098,282098,0,0,0
1138,99531,0,99531,99531,0,0,1
1139,200620,0,200620,200620,0,0,0
1140,133755,0,133755,133755,0,0,0
1141,136495,0,136495,136495,0,0,0
1142,140149,0,140149,140149,0,0,0
1143,1347873,0,1347873,1347873,0,0,0
1144,841234,0,841234,841234,0,0,0
1145,337225,0,337225,337225,0,0,1
1146,66846,0,66846,66846,0,0,1
1147,801163,0,801163,801163,0,0,1
1148,292756,0,292756,292756,0,0,1
1149,1142380,0,1142380,1142380,0,0,1
1150,652122,0,652122,652122,0,0,0
1151,162357,0,162357,162357,0,0,0
1152,226664,0,226664,226664,0,0,1
1153,127988,0,127988,127988,0,0,0
1154,443907,0,443907,443907,0,0,1
1155,96674,0,96674,96674,0,0,1
1156,220256,0,220256,220256,0,0,0
1157,117191,0,117191,117191,0,0,1
1158,1521660,0,1521660,1521660,0,0,1
1159,1014863,0,1014863,1014863,0,0,1
1160,509019,0,509019,509019,0,0,0
1161,52960,0,52960,52960,0,0,1
1162,439001,0,439001,439001,0,0,1
1163,73108,0,73108,73108,0,0,1
1164,179062,0,179062,179062,0,0,0
1165,164478,0,164478,164478,0,0,0
1166,110770,0,110770,110770,0,0,1
1167,140682,0,140682,140682,0,0,0
1168,2162233,0,2162233,2162233,0,0,0
1169,1656622,0,1656622,1656622,0,0,1
1170,1150729,0,1150729,1150729,0,0,0
1171,645165,0,645165,645165,0,0,1
1172,105204,0,105204,105204,0,0,0
1173,121984,0,121984,121984,0,0,0
1174,756942,0,756942,756942,0,0,1
1175,249434,0,249434,249434,0,0,1
1176,943833,0,943833,943833,0,0,1
1177,439401,0,439401,439401,0,0,1
1178,181814,0,181814,181814,0,0,0
1179,90655,0,90655,90655,0,0,1
1180,232976,0,232976,232976,0,0,0
1181,388598,0,388598,388598,0,0,1
1182,102144,0,102144,102144,0,0,1
1183,749760,0,749760,749760,0,0,0
1184,244011,0,244011,244011,0,0,0
1185,107405,0,107405,107405,0,0,1
1186,151494,0,151494,151494,0,0,1
1187,71814,0,71814,71814,0,0,1
1188,114391,0,114391,114391,0,0,0
1189,125155,0,125155,125155,0,0,0
1190,1148426,0,1148426,1148426,0,0,1
1191,630715,0,630715,630715,0,0,0
1192,126188,0,126188,126188,0,0,0
1193,149008,0,149008,149008,0,0,0
1194,874500,0,874500,874500,0,0,1
1195,369654,0,369654,369654,0,0,0
1196,2041875,0,2041875,2041875,0,0,0
1197,1533881,0,1533881,1533881,0,0,0
1198,1028666,0,1028666,1028666,0,0,0
1199,524854,0,524854,524854,0,0,0
1200,60931,0,60931,60931,0,0,0
1201,676623,0,676623,676623,0,0,0
1202,168688,0,168688,168688,0,0,0
1203,359482,0,359482,359482,0,0,1
1204,204091,0,204091,204091,0,0,1
1205,406738,0,406738,406738,0,0,0
1206,516106,0,516106,516106,0,0,0
1207,96785,0,96785,96785,0,0,0
1208,488021,0,488021,488021,0,0,1
1209,115492,0,115492,115492,0,0,1
1210,148451,0,148451,148451,0,0,1
1211,124313,0,124313,124313,0,0,0
1212,581760,0,581760,581760,0,0,0
1213,74446,0,74446,74446,0,0,0
1214,657150,0,657150,657150,0,0,1
1215,149626,0,149626,149626,0,0,1
1216,191586,0,191586,191586,0,0,0
1217,259939,0,259939,259939,0,0,0
1218,246432,0,246432,246432,0,0,0
1219,176581,0,176581,176581,0,0,0
1220,138118,0,138118,138118,0,0,0
1221,59169,0,59169,59169,0,0,0
1222,147866,0,147866,147866,0,0,1
1223,199586,0,199586,199586,0,0,0
1224,119895,0,119895,119895,0,0,0
1225,170254,0,170254,170254,0,0,0
1226,149111,0,149111,149111,0,0,1
1227,106825,0,106825,106825,0,0,0
1228,109728,0,109728,109728,0,0,1
1229,189443,0,189443,189443,0,0,1
1230,79155,0,79155,79155,0,0,0
1231,278272,0,278272,278272,0,0,1
1232,431066,0,431066,431066,0,0,1
1233,142405,0,142405,142405,0,0,0
1234,104737,0,104737,104737,0,0,0
1235,93347,0,93347,93347,0,0,1
1236,116255,0,116255,116255,0,0,0
1237,390189,0,390189,390189,0,0,1
1238,410031,0,410031,410031,0,0,0
1239,979718,0,979718,979718,0,0,1
1240,474998,0,474998,474998,0,0,0
1241,89368,0,89368,89368,0,0,1
1242,445550,0,445550,445550,0,0,1
1243,469287,0,469287,469287,0,0,1
1244,81485,0,81485,81485,0,0,1
1245,897920,0,897920,897920,0,0,0
1246,391957,0,391957,391957,0,0,0
1247,113193,0,113193,113193,0,0,1
1248,164131,0,164131,164131,0,0,1
1249,950467,0,950467,950467,0,0,0
1250,442525,0,442525,442525,0,0,0
1251,98526,0,98526,98526,0,0,0
1252,2474238,0,2474238,2474238,0,0,1
1253,1962129,0,1962129,1962129,0,0,1
1254,1458565,0,1458565,1458565,0,0,1
1255,954673,0,954673,954673,0,0,1
1256,448844,0,448844,448844,0,0,0
1257,141496,0,141496,141496,0,0,0
1258,329685,0,329685,329685,0,0,1
1259,388538,0,388538,388538,0,0,0
1260,143448,0,143448,143448,0,0,0
1261,116908,0,116908,116908,0,0,1
1262,252910,0,252910,252910,0,0,1
1263,164788,0,164788,164788,0,0,0
1264,937008,0,937008,937008,0,0,1
1265,432349,0,432349,432349,0,0,0
1266,92095,0,92095,92095,0,0,0
1267,110788,0,110788,110788,0,0,1
1268,154463,0,154463,154463,0,0,1
1269,2522383,0,2522383,2522383,0,0,0
1270,2014260,0,2014260,2014260,0,0,0
1271,1509901,0,1509901,1509901,0,0,1
1272,1005484,0,1005484,1005484,0,0,0
1273,517413,0,517413,517413,0,0,0
1274,121235,0,121235,121235,0,0,1
1275,133954,0,133954,133954,0,0,0
1276,881627,0,881627,881627,0,0,1
1277,371871,0,371871,371871,0,0,1
1278,1516929,0,1516929,1516929,0,0,0
1279,1010938,0,1010938,1010938,0,0,0
1280,506225,0,506225,506225,0,0,1
1281,75613,0,75613,75613,0,0,0
1282,97481,0,97481,97481,0,0,0
1283,143277,0,143277,143277,0,0,1
1284,75865,0,75865,75865,0,0,0
1285,259136,0,259136,259136,0,0,1
1286,142193,0,142193,142193,0,0,1
1287,416169,0,416169,416169,0,0,0
1288,145154,0,145154,145154,0,0,0
1289,180014,0,180014,180014,0,0,1
1290,1757018,0,1757018,1757018,0,0,0
1291,1240890,0,1240890,1240890,0,0,0
1292,735724,0,735724,735724,0,0,1
1293,231208,0,231208,231208,0,0,1
1294,1762324,0,1762324,1762324,0,0,0
1295,1255756,0,1255756,1255756,0,0,0
1296,751730,0,751730,751730,0,0,0
1297,247377,0,247377,247377,0,0,0
1298,81846,0,81846,81846,0,0,1
1299,362202,0,362202,362202,0,0,0
1300,435819,0,435819,435819,0,0,1
1301,104033,0,104033,104033,0,0,0
1302,165511,0,165511,165511,0,0,1
1303,307687,0,307687,307687,0,0,1
1304,438499,0,438499,438499,0,0,0
1305,83528,0,83528,83528,0,0,1
1306,2187552,0,2187552,2187552,0,0,0
1307,1678097,0,1678097,1678097,0,0,0
1308,1174260,0,1174260,1174260,0,0,1
1309,670820,0,670820,670820,0,0,1
1310,166781,0,166781,166781,0,0,0
1311,1101624,0,1101624,1101624,0,0,0
1312,595693,0,595693,595693,0,0,0
1313,89735,0,89735,89735,0,0,0
1314,119754,0,119754,119754,0,0,0
1315,146966,0,146966,146966,0,0,1
1316,139221,0,139221,139221,0,0,1
1317,139953,0,139953,139953,0,0,1
1318,178778,0,178778,178778,0,0,0
1319,178061,0,178061,178061,0,0,1
1320,148401,0,148401,148401,0,0,1
1321,137531,0,137531,137531,0,0,0
1322,141871,0,141871,141871,0,0,0
1323,954222,0,954222,954222,0,0,0
1324,448122,0,448122,448122,0,0,0
1325,105702,0,105702,105702,0,0,1
1326,1089220,0,1089220,1089220,0,0,1
1327,583876,0,583876,583876,0,0,0
1328,80024,0,80024,80024,0,0,0
1329,299004,0,299004,299004,0,0,0
1330,209836,0,209836,209836,0,0,0
1331,1393297,0,1393297,1393297,0,0,0
1332,887759,0,887759,887759,0,0,1
1333,378306,0,378306,378306,0,0,1
1334,1470193,0,1470193,1470193,0,0,0
1335,975339,0,975339,975339,0,0,1
1336,505914,0,505914,505914,0,0,0
1337,87855,0,87855,87855,0,0,0
1338,370427,0,370427,370427,0,0,1
1339,401473,0,401473,401473,0,0,1
1340,522450,0,522450,522450,0,0,0
1341,130786,0,130786,130786,0,0,1
1342,174165,0,174165,174165,0,0,0
1343,102550,0,102550,102550,0,0,0
1344,358163,0,358163,358163,0,0,1
1345,141636,0,141636,141636,0,0,0
1346,114428,0,114428,114428,0,0,1
1347,2256284,0,2256284,2256284,0,0,1
1348,1750374,0,1750374,1750374,0,0,1
1349,1244863,0,1244863,1244863,0,0,1
1350,740685,0,740685,740685,0,0,1
1351,237275,0,237275,237275,0,0,1
1352,145018,0,145018,145018,0,0,0
1353,104185,0,104185,104185,0,0,0
1354,112574,0,112574,112574,0,0,1
1355,200017,0,200017,200017,0,0,1
1356,278833,0,278833,278833,0,0,0
1357,180408,0,180408,180408,0,0,0
1358,99881,0,99881,99881,0,0,1
1359,135163,0,135163,135163,0,0,1
1360,142168,0,142168,142168,0,0,0
1361,110585,0,110585,110585,0,0,1
1362,130010,0,130010,130010,0,0,0
1363,230743,0,230743,230743,0,0,0
1364,238756,0,238756,238756,0,0,0
1365,458132,0,458132,458132,0,0,1
1366,195420,0,195420,195420,0,0,0
1367,166583,0,166583,166583,0,0,0
1368,126643,0,126643,126643,0,0,0
1369,260690,0,260690,260690,0,0,1
1370,140196,0,140196,140196,0,0,1
1371,166055,0,166055,166055,0,0,0
1372,92943,0,92943,92943,0,0,1
1373,201649,0,201649,201649,0,0,1
1374,196499,0,196499,196499,0,0,0
1375,300870,0,300870,300870,0,0,0
1376,95103,0,95103,95103,0,0,0
1377,108442,0,108442,108442,0,0,1
1378,108201,0,108201,108201,0,0,1
1379,673817,0,673817,673817,0,0,1
1380,176652,0,176652,176652,0,0,0
1381,91333,0,91333,91333,0,0,1
1382,237768,0,237768,237768,0,0,1
1383,191856,0,191856,191856,0,0,1
1384,122344,0,122344,122344,0,0,1
1385,464756,0,464756,464756,0,0,0
1386,119240,0,119240,119240,0,0,1
1387,252023,0,252023,252023,0,0,0
1388,246881,0,246881,246881,0,0,0
1389,156265,0,156265,156265,0,0,0
1390,607999,0,607999,607999,0,0,1
1391,98569,0,98569,98569,0,0,1
1392,120927,0,120927,120927,0,0,1
1393,150113,0,150113,150113,0,0,0
1394,123518,0,123518,123518,0,0,0
1395,435050,0,435050,435050,0,0,0
1396,203315,0,203315,203315,0,0,1
1397,127874,0,127874,127874,0,0,1
1398,314338,0,314338,314338,0,0,0
1399,429921,0,429921,429921,0,0,1
1400,149178,0,149178,149178,0,0,0
1401,598124,0,598124,598124,0,0,1
1402,105107,0,105107,105107,0,0,1
1403,503541,0,503541,503541,0,0,0
1404,100134,0,100134,100134,0,0,1
1405,891753,0,891753,891753,0,0,1
1406,384369,0,384369,384369,0,0,0
1407,87937,0,87937,87937,0,0,0
1408,673452,0,673452,673452,0,0,0
1409,154301,0,154301,154301,0,0,0
1410,276076,0,276076,276076,0,0,1
1411,232289,0,232289,232289,0,0,0
1412,1312217,0,1312217,1312217,0,0,1
1413,807341,0,807341,807341,0,0,1
1414,301421,0,301421,301421,0,0,0
1415,82007,0,82007,82007,0,0,0
1416,721704,0,721704,721704,0,0,0
1417,213663,0,213663,213663,0,0,1
1418,860819,0,860819,860819,0,0,1
1419,354443,0,354443,354443,0,0,0
1420,187323,0,187323,187323,0,0,1
1421,809134,0,809134,809134,0,0,1
1422,303823,0,303823,303823,0,0,0
1423,84331,0,84331,84331,0,0,0
1424,1807125,0,1807125,1807125,0,0,0
1425,1298576,0,1298576,1298576,0,0,1
1426,795062,0,795062,795062,0,0,1
1427,291792,0,291792,291792,0,0,1
1428,478229,0,478229,478229,0,0,1
1429,108759,0,108759,108759,0,0,1
1430,92778,0,92778,92778,0,0,1
1431,211156,0,211156,211156,0,0,1
1432,2339043,0,2339043,2339043,0,0,1
1433,1831472,0,1831472,1831472,0,0,1
1434,1325789,0,1325789,1325789,0,0,1
1435,820073,0,820073,820073,0,0,1
1436,316403,0,316403,316403,0,0,0
1437,137508,0,137508,137508,0,0,1
1438,111710,0,111710,111710,0,0,0
1439,131008,0,131008,131008,0,0,0
1440,1654787,0,1654787,1654787,0,0,1
1441,1136702,0,1136702,1136702,0,0,1
1442,630889,0,630889,630889,0,0,0
1443,126714,0,126714,126714,0,0,0
1444,1086752,0,1086752,1086752,0,0,0
1445,581323,0,581323,581323,0,0,0
1446,76965,0,76965,76965,0,0,0
1447,137540,0,137540,137540,0,0,0
1448,999604,0,999604,999604,0,0,0
1449,494188,0,494188,494188,0,0,1
1450,51324,0,51324,51324,0,0,1
1451,101122,0,101122,101122,0,0,0
1452,103936,0,103936,103936,0,0,1
1453,94233,0,94233,94233,0,0,0
1454,72437,0,72437,72437,0,0,0
1455,85754,0,85754,85754,0,0,0
1456,78870,0,78870,78870,0,0,1
1457,83383,0,83383,83383,0,0,1
1458,126167,0,126167,126167,0,0,0
1459,97687,0,97687,97687,0,0,0
1460,946209,0,946209,946209,0,0,0
1461,441396,0,441396,441396,0,0,1
1462,83174,0,83174,83174,0,0,1
1463,380256,0,380256,380256,0,0,1
1464,238785,0,238785,238785,0,0,0
1465,104359,0,104359,104359,0,0,1
1466,87970,0,87970,87970,0,0,0
1467,1309791,0,1309791,1309791,0,0,1
1468,804418,0,804418,804418,0,0,0
1469,300645,0,300645,300645,0,0,1
1470,85910,0,85910,85910,0,0,0
1471,772460,0,772460,772460,0,0,1
1472,263974,0,263974,263974,0,0,0
1473,1422347,0,1422347,1422347,0,0,1
1474,917525,0,917525,917525,0,0,0
1475,411576,0,411576,411576,0,0,0
1476,374793,0,374793,374793,0,0,0
1477,115356,0,115356,115356,0,0,0
1478,218278,0,218278,218278,0,0,1
1479,213487,0,213487,213487,0,0,0
1480,292758,0,292758,292758,0,0,0
1481,96488,0,96488,96488,0,0,1
1482,384608,0,384608,384608,0,0,0
1483,1095009,0,1095009,1095009,0,0,1
1484,590305,0,590305,590305,0,0,0
1485,98181,0,98181,98181,0,0,0
1486,66106,0,66106,66106,0,0,0
1487,2011211,0,2011211,2011211,0,0,0
1488,1506516,0,1506516,1506516,0,0,1
1489,1000473,0,1000473,1000473,0,0,0
1490,495943,0,495943,495943,0,0,0
1491,118400,0,118400,118400,0,0,1
1492,123683,0,123683,123683,0,0,0
1493,172522,0,172522,172522,0,0,1
1494,1225261,0,1225261,1225261,0,0,1
1495,718138,0,718138,718138,0,0,0
1496,213013,0,213013,213013,0,0,1
1497,564729,0,564729,564729,0,0,1
1498,91737,0,91737,91737,0,0,0
1499,807438,0,807438,807438,0,0,0
1500,299542,0,299542,299542,0,0,1
1501,90071,0,90071,90071,0,0,1
1502,97604,0,97604,97604,0,0,0
1503,895896,0,895896,895896,0,0,0
1504,389274,0,389274,389274,0,0,1
1505,102452,0,102452,102452,0,0,0
1506,138335,0,138335,138335,0,0,1
1507,699338,0,699338,699338,0,0,1
1508,174807,0,174807,174807,0,0,0
1509,2506707,0,2506707,2506707,0,0,0
1510,1999011,0,1999011,1999011,0,0,1
1511,1492393,0,1492393,1492393,0,0,1
1512,987978,0,987978,987978,0,0,0
1513,483732,0,483732,483732,0,0,0
1514,75385,0,75385,75385,0,0,1
1515,344185,0,344185,344185,0,0,1
1516,341821,0,341821,341821,0,0,1
1517,120465,0,120465,120465,0,0,1
1518,171379,0,171379,171379,0,0,0
1519,142412,0,142412,142412,0,0,1
1520,164865,0,164865,164865,0,0,1
1521,261960,0,261960,261960,0,0,1
1522,363798,0,363798,363798,0,0,1
1523,362573,0,362573,362573,0,0,1
1524,108282,0,108282,108282,0,0,1
1525,200335,0,200335,200335,0,0,0
1526,200075,0,200075,200075,0,0,0
1527,387040,0,387040,387040,0,0,1
1528,419626,0,419626,419626,0,0,1
1529,338249,0,338249,338249,0,0,0
1530,450109,0,450109,450109,0,0,0
1531,59492,0,59492,59492,0,0,0
1532,93944,0,93944,93944,0,0,1
1533,168866,0,168866,168866,0,0,0
1534,110612,0,110612,110612,0,0,0
1535,326992,0,326992,326992,0,0,1
1536,627348,0,627348,627348,0,0,1
1537,119759,0,119759,119759,0,0,1
1538,198985,0,198985,198985,0,0,0
1539,555633,0,555633,555633,0,0,1
1540,98627,0,98627,98627,0,0,1
1541,656561,0,656561,656561,0,0,0
1542,149919,0,149919,149919,0,0,1
1543,278807,0,278807,278807,0,0,1
1544,223468,0,223468,223468,0,0,1
1545,201802,0,201802,201802,0,0,1
1546,283687,0,283687,283687,0,0,0
1547,136991,0,136991,136991,0,0,1
1548,110913,0,110913,110913,0,0,1
1549,181690,0,181690,181690,0,0,0
1550,548340,0,548340,548340,0,0,0
1551,97595,0,97595,97595,0,0,0
1552,1082049,0,1082049,1082049,0,0,1
1553,574853,0,574853,574853,0,0,0
1554,70745,0,70745,70745,0,0,1
1555,366187,0,366187,366187,0,0,0
1556,213700,0,213700,213700,0,0,1
1557,245013,0,245013,245013,0,0,0
1558,231100,0,231100,231100,0,0,0
1559,209049,0,209049,209049,0,0,0
1560,269292,0,269292,269292,0,0,1
1561,135831,0,135831,135831,0,0,1
1562,165723,0,165723,165723,0,0,0
1563,109224,0,109224,109224,0,0,1
1564,120660,0,120660,120660,0,0,1
1565,148080,0,148080,148080,0,0,1
1566,142199,0,142199,142199,0,0,1
1567,432239,0,432239,432239,0,0,0
1568,66958,0,66958,66958,0,0,1
1569,313967,0,313967,313967,0,0,0
1570,552750,0,552750,552750,0,0,0
1571,44841,0,44841,44841,0,0,0
1572,180758,0,180758,180758,0,0,0
1573,143522,0,143522,143522,0,0,0
1574,344415,0,344415,344415,0,0,0
1575,321954,0,321954,321954,0,0,1
1576,174306,0,174306,174306,0,0,1
1577,145747,0,145747,145747,0,0,1
1578,228594,0,228594,228594,0,0,0
1579,208231,0,208231,208231,0,0,0
1580,1403580,0,1403580,1403580,0,0,0
1581,896323,0,896323,896323,0,0,1
1582,389981,0,389981,389981,0,0,0
1583,248474,0,248474,248474,0,0,0
1584,205929,0,205929,205929,0,0,0
1585,342239,0,342239,342239,0,0,1
1586,541857,0,541857,541857,0,0,1
1587,94796,0,94796,94796,0,0,1
1588,337147,0,337147,337147,0,0,1
1589,124245,0,124245,124245,0,0,1
1590,204054,0,204054,204054,0,0,1
1591,128065,0,128065,128065,0,0,0
1592,309135,0,309135,309135,0,0,0
1593,173082,0,173082,173082,0,0,1
1594,312965,0,312965,312965,0,0,0
1595,1186563,0,1186563,1186563,0,0,0
1596,680086,0,680086,680086,0,0,0
1597,174322,0,174322,174322,0,0,0
1598,274058,0,274058,274058,0,0,1
1599,152906,0,152906,152906,0,0,1
1600,253987,0,253987,253987,0,0,1
1601,195994,0,195994,195994,0,0,0
1602,391177,0,391177,391177,0,0,0
1603,577527,0,577527,577527,0,0,0
1604,214344,0,214344,214344,0,0,0
1605,228840,0,228840,228840,0,0,1
1606,982433,0,982433,982433,0,0,1
1607,475079,0,475079,475079,0,0,0
1608,90820,0,90820,90820,0,0,0
1609,188248,0,188248,188248,0,0,0
1610,392481,0,392481,392481,0,0,0
1611,85786,0,85786,85786,0,0,1
1612,186704,0,186704,186704,0,0,0
1613,166809,0,166809,166809,0,0,0
1614,107324,0,107324,107324,0,0,1
1615,172046,0,172046,172046,0,0,1
1616,67949,0,67949,67949,0,0,1
1617,246527,0,246527,246527,0,0,1
1618,1514822,0,1514822,1514822,0,0,1
1619,1008462,0,1008462,1008462,0,0,0
1620,504409,0,504409,504409,0,0,0
1621,125971,0,125971,125971,0,0,1
1622,405554,0,405554,405554,0,0,1
1623,324532,0,324532,324532,0,0,1
1624,148096,0,148096,148096,0,0,1
1625,163469,0,163469,163469,0,0,1
1626,188189,0,188189,188189,0,0,0
1627,2067999,0,2067999,2067999,0,0,0
1628,1563294,0,1563294,1563294,0,0,1
1629,1059127,0,1059127,1059127,0,0,1
1630,553609,0,553609,553609,0,0,0
1631,66015,0,66015,66015,0,0,0
1632,424129,0,424129,424129,0,0,0
1633,472823,0,472823,472823,0,0,1
1634,85869,0,85869,85869,0,0,1
1635,1663045,0,1663045,1663045,0,0,1
1636,1156264,0,1156264,1156264,0,0,1
1637,652691,0,652691,652691,0,0,0
1638,148880,0,148880,148880,0,0,1
1639,145872,0,145872,145872,0,0,0
1640,107210,0,107210,107210,0,0,0
1641,110294,0,110294,110294,0,0,0
1642,613914,0,613914,613914,0,0,0
1643,104701,0,104701,104701,0,0,1
1644,345852,0,345852,345852,0,0,0
1645,1228540,0,1228540,1228540,0,0,1
1646,721451,0,721451,721451,0,0,1
1647,198626,0,198626,198626,0,0,1
1648,1559928,0,1559928,1559928,0,0,1
1649,1053883,0,1053883,1053883,0,0,1
1650,546577,0,546577,546577,0,0,0
1651,141322,0,141322,141322,0,0,0
1652,363193,0,363193,363193,0,0,0
1653,116010,0,116010,116010,0,0,1
1654,301050,0,301050,301050,0,0,1
1655,236845,0,236845,236845,0,0,1
1656,114040,0,114040,114040,0,0,0
1657,92698,0,92698,92698,0,0,0
1658,679880,0,679880,679880,0,0,1
1659,170983,0,170983,170983,0,0,0
1660,1028865,0,1028865,1028865,0,0,1
1661,521689,0,521689,521689,0,0,0
1662,123511,0,123511,123511,0,0,0
1663,616733,0,616733,616733,0,0,1
1664,109728,0,109728,109728,0,0,1
1665,541154,0,541154,541154,0,0,0
1666,159837,0,159837,159837,0,0,1
1667,90821,0,90821,90821,0,0,0
1668,92903,0,92903,92903,0,0,0
1669,168632,0,168632,168632,0,0,1
1670,119453,0,119453,119453,0,0,1
1671,114620,0,114620,114620,0,0,1
1672,132346,0,132346,132346,0,0,0
1673,136409,0,136409,136409,0,0,0
1674,425911,0,425911,425911,0,0,1
1675,729022,0,729022,729022,0,0,1
1676,223675,0,223675,223675,0,0,0
1677,763903,0,763903,763903,0,0,0
1678,257103,0,257103,257103,0,0,0
1679,83914,0,83914,83914,0,0,1
1680,130836,0,130836,130836,0,0,1
1681,158478,0,158478,158478,0,0,1
1682,1001794,0,1001794,1001794,0,0,0
1683,495022,0,495022,495022,0,0,0
1684,118227,0,118227,118227,0,0,1
1685,697584,0,697584,697584,0,0,1
1686,191375,0,191375,191375,0,0,0
1687,112403,0,112403,112403,0,0,0
1688,178447,0,178447,178447,0,0,1
1689,136073,0,136073,136073,0,0,0
1690,808352,0,808352,808352,0,0,1
1691,261362,0,261362,261362,0,0,1
1692,518739,0,518739,518739,0,0,0
1693,87135,0,87135,87135,0,0,1
1694,101033,0,101033,101033,0,0,1
1695,958835,0,958835,958835,0,0,1
1696,450613,0,450613,450613,0,0,1
1697,65976,0,65976,65976,0,0,1
1698,199947,0,199947,199947,0,0,1
1699,142860,0,142860,142860,0,0,0
1700,1008847,0,1008847,1008847,0,0,0
1701,497955,0,497955,497955,0,0,1
1702,83372,0,83372,83372,0,0,0
1703,162727,0,162727,162727,0,0,0
1704,1168271,0,1168271,1168271,0,0,1
1705,658860,0,658860,658860,0,0,0
1706,152389,0,152389,152389,0,0,0
1707,120376,0,120376,120376,0,0,0
1708,159775,0,159775,159775,0,0,1
1709,433585,0,433585,433585,0,0,0
1710,415599,0,415599,415599,0,0,0
1711,110840,0,110840,110840,0,0,1
1712,1151809,0,1151809,1151809,0,0,0
1713,643642,0,643642,643642,0,0,1
1714,139709,0,139709,139709,0,0,1
1715,1357731,0,1357731,1357731,0,0,0
1716,850457,0,850457,850457,0,0,0
1717,346187,0,346187,346187,0,0,0
1718,143744,0,143744,143744,0,0,0
1719,632809,0,632809,632809,0,0,0
1720,124418,0,124418,124418,0,0,1
1721,431840,0,431840,431840,0,0,0
1722,147925,0,147925,147925,0,0,1
1723,174436,0,174436,174436,0,0,0
1724,103537,0,103537,103537,0,0,0
1725,319238,0,319238,319238,0,0,1
1726,242236,0,242236,242236,0,0,0
1727,80909,0,80909,80909,0,0,0
1728,251578,0,251578,251578,0,0,0
1729,531511,0,531511,531511,0,0,0
1730,62966,0,62966,62966,0,0,1
1731,169288,0,169288,169288,0,0,0
1732,794092,0,794092,794092,0,0,1
1733,289975,0,289975,289975,0,0,0
1734,149048,0,149048,149048,0,0,0
1735,200636,0,200636,200636,0,0,0
1736,1388086,0,1388086,1388086,0,0,0
1737,882445,0,882445,882445,0,0,0
1738,378500,0,378500,378500,0,0,0
1739,117104,0,117104,117104,0,0,0
1740,619160,0,619160,619160,0,0,1
1741,99022,0,99022,99022,0,0,1
1742,1302473,0,1302473,1302473,0,0,0
1743,795101,0,795101,795101,0,0,1
1744,290815,0,290815,290815,0,0,0
1745,267297,0,267297,267297,0,0,0
1746,741308,0,741308,741308,0,0,0
1747,234099,0,234099,234099,0,0,0
1748,117297,0,117297,117297,0,0,0
1749,91457,0,91457,91457,0,0,1
1750,112503,0,112503,112503,0,0,0
1751,887644,0,887644,887644,0,0,1
1752,381405,0,381405,381405,0,0,0
1753,2071258,0,2071258,2071258,0,0,1
1754,1563557,0,1563557,1563557,0,0,1
1755,1058504,0,1058504,1058504,0,0,0
1756,553925,0,553925,553925,0,0,1
1757,50002,0,50002,50002,0,0,0
1758,1495190,0,1495190,1495190,0,0,0
1759,989323,0,989323,989323,0,0,1
1760,485358,0,485358,485358,0,0,0
1761,79082,0,79082,79082,0,0,1
1762,153729,0,153729,153729,0,0,1
1763,180772,0,180772,180772,0,0,1
1764,243412,0,243412,243412,0,0,0
1765,83480,0,83480,83480,0,0,0
1766,92481,0,92481,92481,0,0,0
1767,390049,0,390049,390049,0,0,0
1768,260023,0,260023,260023,0,0,0
1769,604303,0,604303,604303,0,0,1
1770,112316,0,112316,112316,0,0,0
1771,106176,0,106176,106176,0,0,1
1772,109359,0,109359,109359,0,0,0
1773,123367,0,123367,123367,0,0,1
1774,304750,0,304750,304750,0,0,1
1775,248751,0,248751,248751,0,0,1
1776,102428,0,102428,102428,0,0,0
1777,152341,0,152341,152341,0,0,1
1778,1215370,0,1215370,1215370,0,0,0
1779,709060,0,709060,709060,0,0,0
1780,205513,0,205513,205513,0,0,0
1781,119925,0,119925,119925,0,0,0
1782,902336,0,902336,902336,0,0,1
1783,383435,0,383435,383435,0,0,1
1784,407609,0,407609,407609,0,0,1
1785,1452878,0,1452878,1452878,0,0,0
1786,946351,0,946351,946351,0,0,1
1787,442416,0,442416,442416,0,0,0
1788,117436,0,117436,117436,0,0,0
1789,108620,0,108620,108620,0,0,0
1790,92403,0,92403,92403,0,0,1
1791,197851,0,197851,197851,0,0,1
1792,800854,0,800854,800854,0,0,1
1793,294903,0,294903,294903,0,0,0
1794,1136733,0,1136733,1136733,0,0,1
1795,629475,0,629475,629475,0,0,0
1796,126317,0,126317,126317,0,0,0
1797,96094,0,96094,96094,0,0,0
1798,1888832,0,1888832,1888832,0,0,1
1799,1382956,0,1382956,1382956,0,0,0
1800,901414,0,901414,901414,0,0,1
1801,396983,0,396983,396983,0,0,0
1802,76889,0,76889,76889,0,0,1
1803,153555,0,153555,153555,0,0,1
1804,153404,0,153404,153404,0,0,1
1805,216277,0,216277,216277,0,0,1
1806,129680,0,129680,129680,0,0,1
1807,122983,0,122983,122983,0,0,0
1808,103708,0,103708,103708,0,0,1
1809,141204,0,141204,141204,0,0,0
1810,891666,0,891666,891666,0,0,0
1811,382885,0,382885,382885,0,0,1
1812,100991,0,100991,100991,0,0,0
1813,206287,0,206287,206287,0,0,1
1814,671937,0,671937,671937,0,0,1
1815,155091,0,155091,155091,0,0,1
1816,114363,0,114363,114363,0,0,1
1817,143178,0,143178,143178,0,0,0
1818,130563,0,130563,130563,0,0,1
1819,318294,0,318294,318294,0,0,1
1820,1133320,0,1133320,1133320,0,0,1
1821,623788,0,623788,623788,0,0,0
1822,118111,0,118111,118111,0,0,1
1823,1188697,0,1188697,1188697,0,0,0
1824,683392,0,683392,683392,0,0,0
1825,179266,0,179266,179266,0,0,1
1826,216549,0,216549,216549,0,0,0
1827,293086,0,293086,293086,0,0,1
1828,127836,0,127836,127836,0,0,0
1829,240386,0,240386,240386,0,0,0
1830,97348,0,97348,97348,0,0,0
1831,2371371,0,2371371,2371371,0,0,0
1832,1865617,0,1865617,1865617,0,0,1
1833,1359607,0,1359607,1359607,0,0,0
1834,855288,0,855288,855288,0,0,1
1835,351701,0,351701,351701,0,0,0
1836,93013,0,93013,93013,0,0,1
1837,109036,0,109036,109036,0,0,0
1838,108609,0,108609,108609,0,0,1
1839,193716,0,193716,193716,0,0,0
1840,1440139,0,1440139,1440139,0,0,0
1841,923620,0,923620,923620,0,0,0
1842,419816,0,419816,419816,0,0,0
1843,145416,0,145416,145416,0,0,1
1844,82866,0,82866,82866,0,0,1
1845,154526,0,154526,154526,0,0,0
1846,265924,0,265924,265924,0,0,0
1847,444572,0,444572,444572,0,0,0
1848,184951,0,184951,184951,0,0,0
1849,151458,0,151458,151458,0,0,1
1850,682682,0,682682,682682,0,0,1
1851,175788,0,175788,175788,0,0,1
1852,2235656,0,2235656,2235656,0,0,1
1853,1728784,0,1728784,1728784,0,0,1
1854,1225024,0,1225024,1225024,0,0,1
1855,721049,0,721049,721049,0,0,1
1856,228106,0,228106,228106,0,0,1
1857,95451,0,95451,95451,0,0,1
1858,492639,0,492639,492639,0,0,0
1859,114640,0,114640,114640,0,0,0
1860,254198,0,254198,254198,0,0,1
1861,164437,0,164437,164437,0,0,0
1862,129871,0,129871,129871,0,0,0
1863,257108,0,257108,257108,0,0,1
1864,336118,0,336118,336118,0,0,1
1865,237782,0,237782,237782,0,0,1
1866,192344,0,192344,192344,0,0,0
1867,166022,0,166022,166022,0,0,1
1868,278867,0,278867,278867,0,0,0
1869,382649,0,382649,382649,0,0,1
1870,113275,0,113275,113275,0,0,1
1871,102216,0,102216,102216,0,0,1
1872,220349,0,220349,220349,0,0,1
1873,142270,0,142270,142270,0,0,0
1874,389247,0,389247,389247,0,0,1
1875,507248,0,507248,507248,0,0,0
1876,116198,0,116198,116198,0,0,0
1877,247228,0,247228,247228,0,0,0
1878,117973,0,117973,117973,0,0,1
1879,133902,0,133902,133902,0,0,0
1880,250710,0,250710,250710,0,0,1
1881,148575,0,148575,148575,0,0,1
1882,589959,0,589959,589959,0,0,1
1883,82062,0,82062,82062,0,0,1
1884,103112,0,103112,103112,0,0,1
1885,175615,0,175615,175615,0,0,1
1886,1019265,0,1019265,1019265,0,0,1
1887,512376,0,512376,512376,0,0,0
1888,132299,0,132299,132299,0,0,1
1889,225357,0,225357,225357,0,0,1
1890,267336,0,267336,267336,0,0,1
1891,266975,0,266975,266975,0,0,0
1892,115597,0,115597,115597,0,0,1
1893,149029,0,149029,149029,0,0,1
1894,112820,0,112820,112820,0,0,1
1895,1031954,0,1031954,1031954,0,0,0
1896,525030,0,525030,525030,0,0,0
1897,140166,0,140166,140166,0,0,1
1898,633798,0,633798,633798,0,0,1
1899,117461,0,117461,117461,0,0,1
1900,157500,0,157500,157500,0,0,0
1901,614477,0,614477,614477,0,0,1
1902,100651,0,100651,100651,0,0,1
1903,820590,0,820590,820590,0,0,0
1904,291738,0,291738,291738,0,0,1
1905,98929,0,98929,98929,0,0,1
1906,114878,0,114878,114878,0,0,1
1907,214353,0,214353,214353,0,0,0
1908,934561,0,934561,934561,0,0,0
1909,420833,0,420833,420833,0,0,1
1910,1828450,0,1828450,1828450,0,0,1
1911,1317714,0,1317714,1317714,0,0,0
1912,813293,0,813293,813293,0,0,0
1913,307227,0,307227,307227,0,0,0
1914,1801104,0,1801104,1801104,0,0,1
1915,1294302,0,1294302,1294302,0,0,0
1916,786958,0,786958,786958,0,0,1
1917,283443,0,283443,283443,0,0,0
1918,487355,0,487355,487355,0,0,0
1919,123673,0,123673,123673,0,0,0
1920,331862,0,331862,331862,0,0,1
1921,282916,0,282916,282916,0,0,1
1922,207539,0,207539,207539,0,0,1
1923,284231,0,284231,284231,0,0,0
1924,140031,0,140031,140031,0,0,1
1925,197059,0,197059,197059,0,0,0
1926,1041319,0,1041319,1041319,0,0,0
1927,534493,0,534493,534493,0,0,0
1928,118675,0,118675,118675,0,0,0
1929,371448,0,371448,371448,0,0,0
1930,225452,0,225452,225452,0,0,1
1931,244074,0,244074,244074,0,0,0
1932,216960,0,216960,216960,0,0,1
1933,225647,0,225647,225647,0,0,1
1934,332707,0,332707,332707,0,0,0
1935,103769,0,103769,103769,0,0,1
1936,1384984,0,1384984,1384984,0,0,1
1937,876546,0,876546,876546,0,0,0
1938,371491,0,371491,371491,0,0,1
1939,472349,0,472349,472349,0,0,0
1940,1176309,0,1176309,1176309,0,0,0
1941,658234,0,658234,658234,0,0,1
1942,153832,0,153832,153832,0,0,1
1943,486950,0,486950,486950,0,0,1
1944,130567,0,130567,130567,0,0,1
1945,634631,0,634631,634631,0,0,1
1946,115313,0,115313,115313,0,0,1
1947,325724,0,325724,325724,0,0,1
1948,1147826,0,1147826,1147826,0,0,0
1949,639329,0,639329,639329,0,0,0
1950,145964,0,145964,145964,0,0,0
1951,1289143,0,1289143,1289143,0,0,0
1952,783075,0,783075,783075,0,0,1
1953,279606,0,279606,279606,0,0,1
1954,1144626,0,1144626,1144626,0,0,0
1955,635991,0,635991,635991,0,0,1
1956,131503,0,131503,131503,0,0,1
1957,181923,0,181923,181923,0,0,1
1958,734038,0,734038,734038,0,0,0
1959,223353,0,223353,223353,0,0,1
1960,162081,0,162081,162081,0,0,0
1961,301219,0,301219,301219,0,0,0
1962,134283,0,134283,134283,0,0,1
1963,167210,0,167210,167210,0,0,1
1964,333280,0,333280,333280,0,0,0
1965,121350,0,121350,121350,0,0,1
1966,1690274,0,1690274,1690274,0,0,0
1967,1183596,0,1183596,1183596,0,0,0
1968,679711,0,679711,679711,0,0,0
1969,176444,0,176444,176444,0,0,0
1970,344790,0,344790,344790,0,0,1
1971,957618,0,957618,957618,0,0,0
1972,450761,0,450761,450761,0,0,1
1973,197060,0,197060,197060,0,0,1
1974,123049,0,123049,123049,0,0,1
1975,176133,0,176133,176133,0,0,1
1976,293830,0,293830,293830,0,0,1
1977,121091,0,121091,121091,0,0,1
1978,347406,0,347406,347406,0,0,0
1979,854342,0,854342,854342,0,0,1
1980,347615,0,347615,347615,0,0,1
1981,760786,0,760786,760786,0,0,1
1982,246436,0,246436,246436,0,0,1
1983,127871,0,127871,127871,0,0,0
1984,423471,0,423471,423471,0,0,0
1985,115722,0,115722,115722,0,0,1
1986,141597,0,141597,141597,0,0,0
1987,129511,0,129511,129511,0,0,0
1988,1667189,0,1667189,1667189,0,0,0
1989,1151108,0,1151108,1151108,0,0,1
1990,647608,0,647608,647608,0,0,0
1991,156276,0,156276,156276,0,0,0
1992,1010044,0,1010044,1010044,0,0,0
1993,495018,0,495018,495018,0,0,0
1994,100894,0,100894,100894,0,0,1
1995,681814,0,681814,681814,0,0,0
1996,164760,0,164760,164760,0,0,0
1997,1472223,0,1472223,1472223,0,0,0
1998,966982,0,966982,966982,0,0,0
1999,463056,0,463056,463056,0,0,1
2000,89900,0,89900,89900,0,0,1
